{
  "state": "running",
  "pid": 24196,
  "started_utc": "2026-09-06T20:54:37.971386+00:00",
  "output": "artifacts/full_classification_70pct_20260906",
  "device": "cpu",
  "seed": 42,
  "patient_split": {
    "train": 220,
    "val": 47,
    "test": 47
  },
  "max_epochs": 20,
  "patience": 5,
  "batch_size": 16,
  "learning_rate": 1e-05,
  "pipeline": "CT preparation -> AlexNet fine-tuning -> SVM and Random Forest comparison",
  "updated_utc": "2026-09-06T20:54:37.971386+00:00"
}
Excluded unavailable patients: A0060, A0067, A0076, A0266
Indexed 1/314 patients; 128 CT slices
Indexed 2/314 patients; 188 CT slices
Indexed 3/314 patients; 246 CT slices
Indexed 4/314 patients; 446 CT slices
Indexed 5/314 patients; 504 CT slices
Indexed 6/314 patients; 614 CT slices
Indexed 7/314 patients; 676 CT slices
Indexed 8/314 patients; 751 CT slices
Indexed 9/314 patients; 893 CT slices
Indexed 10/314 patients; 1108 CT slices
Indexed 11/314 patients; 1408 CT slices
Indexed 12/314 patients; 1719 CT slices
Indexed 13/314 patients; 1762 CT slices
Indexed 14/314 patients; 2002 CT slices
Indexed 15/314 patients; 2242 CT slices
Indexed 16/314 patients; 2323 CT slices
Indexed 17/314 patients; 2350 CT slices
Indexed 18/314 patients; 2482 CT slices
Indexed 19/314 patients; 2685 CT slices
Indexed 20/314 patients; 2853 CT slices
Indexed 21/314 patients; 3077 CT slices
Indexed 22/314 patients; 3297 CT slices
Indexed 23/314 patients; 3489 CT slices
Indexed 24/314 patients; 3565 CT slices
Indexed 25/314 patients; 3705 CT slices
Indexed 26/314 patients; 3921 CT slices
Indexed 27/314 patients; 4145 CT slices
Indexed 28/314 patients; 4374 CT slices
Indexed 29/314 patients; 4633 CT slices
Indexed 30/314 patients; 4802 CT slices
Indexed 31/314 patients; 5039 CT slices
Indexed 32/314 patients; 5131 CT slices
Indexed 33/314 patients; 5216 CT slices
Indexed 34/314 patients; 5282 CT slices
Indexed 35/314 patients; 5646 CT slices
Indexed 36/314 patients; 5728 CT slices
Indexed 37/314 patients; 5805 CT slices
Indexed 38/314 patients; 6036 CT slices
Indexed 39/314 patients; 6121 CT slices
Indexed 40/314 patients; 6213 CT slices
Indexed 41/314 patients; 6300 CT slices
Indexed 42/314 patients; 6514 CT slices
Indexed 43/314 patients; 6778 CT slices
Indexed 44/314 patients; 6938 CT slices
Indexed 45/314 patients; 7060 CT slices
Indexed 46/314 patients; 7284 CT slices
Indexed 47/314 patients; 7356 CT slices
Indexed 48/314 patients; 7761 CT slices
Indexed 49/314 patients; 7985 CT slices
Indexed 50/314 patients; 8225 CT slices
Indexed 51/314 patients; 8385 CT slices
Indexed 52/314 patients; 8425 CT slices
Indexed 53/314 patients; 8665 CT slices
Indexed 54/314 patients; 9045 CT slices
Indexed 55/314 patients; 9269 CT slices
Indexed 56/314 patients; 9461 CT slices
Indexed 57/314 patients; 9535 CT slices
Indexed 58/314 patients; 9636 CT slices
Indexed 59/314 patients; 9844 CT slices
Indexed 60/314 patients; 10064 CT slices
Indexed 61/314 patients; 10954 CT slices
Indexed 62/314 patients; 11506 CT slices
Indexed 63/314 patients; 11598 CT slices
Indexed 64/314 patients; 11822 CT slices
Indexed 65/314 patients; 13185 CT slices
Indexed 66/314 patients; 14549 CT slices
Indexed 67/314 patients; 14663 CT slices
Indexed 68/314 patients; 14789 CT slices
Indexed 69/314 patients; 16013 CT slices
Indexed 70/314 patients; 16228 CT slices
Indexed 71/314 patients; 16375 CT slices
Indexed 72/314 patients; 17453 CT slices
Indexed 73/314 patients; 18021 CT slices
Indexed 74/314 patients; 18149 CT slices
Indexed 75/314 patients; 18730 CT slices
Indexed 76/314 patients; 19449 CT slices
Indexed 77/314 patients; 19610 CT slices
Indexed 78/314 patients; 20141 CT slices
Indexed 79/314 patients; 20267 CT slices
Indexed 80/314 patients; 20630 CT slices
Indexed 81/314 patients; 20846 CT slices
Indexed 82/314 patients; 20921 CT slices
Indexed 83/314 patients; 21145 CT slices
Indexed 84/314 patients; 21225 CT slices
Indexed 85/314 patients; 22245 CT slices
Indexed 86/314 patients; 23960 CT slices
Indexed 87/314 patients; 25257 CT slices
Indexed 88/314 patients; 26072 CT slices
Indexed 89/314 patients; 26232 CT slices
Indexed 90/314 patients; 26472 CT slices
Indexed 91/314 patients; 26976 CT slices
Indexed 92/314 patients; 27386 CT slices
Indexed 93/314 patients; 27992 CT slices
Indexed 94/314 patients; 28384 CT slices
Indexed 95/314 patients; 29472 CT slices
Indexed 96/314 patients; 29664 CT slices
Indexed 97/314 patients; 29806 CT slices
Indexed 98/314 patients; 30972 CT slices
Indexed 99/314 patients; 31088 CT slices
Indexed 100/314 patients; 31280 CT slices
Indexed 101/314 patients; 31460 CT slices
Indexed 102/314 patients; 31566 CT slices
Indexed 103/314 patients; 31742 CT slices
Indexed 104/314 patients; 32762 CT slices
Indexed 105/314 patients; 33018 CT slices
Indexed 106/314 patients; 33098 CT slices
Indexed 107/314 patients; 33706 CT slices
Indexed 108/314 patients; 33966 CT slices
Indexed 109/314 patients; 34676 CT slices
Indexed 110/314 patients; 34780 CT slices
Indexed 111/314 patients; 35990 CT slices
Indexed 112/314 patients; 36198 CT slices
Indexed 113/314 patients; 36344 CT slices
Indexed 114/314 patients; 36426 CT slices
Indexed 115/314 patients; 36658 CT slices
Indexed 116/314 patients; 36823 CT slices
Indexed 117/314 patients; 36912 CT slices
Indexed 118/314 patients; 36973 CT slices
Indexed 119/314 patients; 37181 CT slices
Indexed 120/314 patients; 37263 CT slices
Indexed 121/314 patients; 37332 CT slices
Indexed 122/314 patients; 37410 CT slices
Indexed 123/314 patients; 37494 CT slices
Indexed 124/314 patients; 37606 CT slices
Indexed 125/314 patients; 37954 CT slices
Indexed 126/314 patients; 38162 CT slices
Indexed 127/314 patients; 38430 CT slices
Indexed 128/314 patients; 38558 CT slices
Indexed 129/314 patients; 38650 CT slices
Indexed 130/314 patients; 38850 CT slices
Indexed 131/314 patients; 39071 CT slices
Indexed 132/314 patients; 39157 CT slices
Indexed 133/314 patients; 39249 CT slices
Indexed 134/314 patients; 39335 CT slices
Indexed 135/314 patients; 39635 CT slices
Indexed 136/314 patients; 39720 CT slices
Indexed 137/314 patients; 41215 CT slices
Indexed 138/314 patients; 42986 CT slices
Indexed 139/314 patients; 44182 CT slices
Indexed 140/314 patients; 45210 CT slices
Indexed 141/314 patients; 46154 CT slices
Indexed 142/314 patients; 46917 CT slices
Indexed 143/314 patients; 48035 CT slices
Indexed 144/314 patients; 49034 CT slices
Indexed 145/314 patients; 50170 CT slices
Indexed 146/314 patients; 51440 CT slices
Indexed 147/314 patients; 52679 CT slices
Indexed 148/314 patients; 53768 CT slices
Indexed 149/314 patients; 54929 CT slices
Indexed 150/314 patients; 56398 CT slices
Indexed 151/314 patients; 57695 CT slices
Indexed 152/314 patients; 58959 CT slices
Indexed 153/314 patients; 60231 CT slices
Indexed 154/314 patients; 61426 CT slices
Indexed 155/314 patients; 62103 CT slices
Indexed 156/314 patients; 62934 CT slices
Indexed 157/314 patients; 63854 CT slices
Indexed 158/314 patients; 64723 CT slices
Indexed 159/314 patients; 65937 CT slices
Indexed 160/314 patients; 67204 CT slices
Indexed 161/314 patients; 68218 CT slices
Indexed 162/314 patients; 69156 CT slices
Indexed 163/314 patients; 70466 CT slices
Indexed 164/314 patients; 71898 CT slices
Indexed 165/314 patients; 73334 CT slices
Indexed 166/314 patients; 74502 CT slices
Indexed 167/314 patients; 75649 CT slices
Indexed 168/314 patients; 76775 CT slices
Indexed 169/314 patients; 77984 CT slices
Indexed 170/314 patients; 79178 CT slices
Indexed 171/314 patients; 80529 CT slices
Indexed 172/314 patients; 81655 CT slices
Indexed 173/314 patients; 82584 CT slices
Indexed 174/314 patients; 84586 CT slices
Indexed 175/314 patients; 85522 CT slices
Indexed 176/314 patients; 86297 CT slices
Indexed 177/314 patients; 87759 CT slices
Indexed 178/314 patients; 88740 CT slices
Indexed 179/314 patients; 89864 CT slices
Indexed 180/314 patients; 91104 CT slices
Indexed 181/314 patients; 92188 CT slices
Indexed 182/314 patients; 92893 CT slices
Indexed 183/314 patients; 93764 CT slices
Indexed 184/314 patients; 94556 CT slices
Indexed 185/314 patients; 95580 CT slices
Indexed 186/314 patients; 96513 CT slices
Indexed 187/314 patients; 97526 CT slices
Indexed 188/314 patients; 98831 CT slices
Indexed 189/314 patients; 99928 CT slices
Indexed 190/314 patients; 101143 CT slices
Indexed 191/314 patients; 102128 CT slices
Indexed 192/314 patients; 103369 CT slices
Indexed 193/314 patients; 104250 CT slices
Indexed 194/314 patients; 105414 CT slices
Indexed 195/314 patients; 106723 CT slices
Indexed 196/314 patients; 107376 CT slices
Indexed 197/314 patients; 108337 CT slices
Indexed 198/314 patients; 109303 CT slices
Indexed 199/314 patients; 110222 CT slices
Indexed 200/314 patients; 111340 CT slices
Indexed 201/314 patients; 112567 CT slices
Indexed 202/314 patients; 113732 CT slices
Indexed 203/314 patients; 114654 CT slices
Indexed 204/314 patients; 116451 CT slices
Indexed 205/314 patients; 117838 CT slices
Indexed 206/314 patients; 118517 CT slices
Indexed 207/314 patients; 119545 CT slices
Indexed 208/314 patients; 120415 CT slices
Indexed 209/314 patients; 121644 CT slices
Indexed 210/314 patients; 122688 CT slices
Indexed 211/314 patients; 123988 CT slices
Indexed 212/314 patients; 125120 CT slices
Indexed 213/314 patients; 126265 CT slices
Indexed 214/314 patients; 127220 CT slices
Indexed 215/314 patients; 128205 CT slices
Indexed 216/314 patients; 128429 CT slices
Indexed 217/314 patients; 128621 CT slices
Indexed 218/314 patients; 128845 CT slices
Indexed 219/314 patients; 128957 CT slices
Indexed 220/314 patients; 129153 CT slices
Indexed 221/314 patients; 129245 CT slices
Indexed 222/314 patients; 129485 CT slices
Indexed 223/314 patients; 129703 CT slices
Indexed 224/314 patients; 129953 CT slices
Indexed 225/314 patients; 130035 CT slices
Indexed 226/314 patients; 130195 CT slices
Indexed 227/314 patients; 130231 CT slices
Indexed 228/314 patients; 130339 CT slices
Indexed 229/314 patients; 130414 CT slices
Indexed 230/314 patients; 130481 CT slices
Indexed 231/314 patients; 130673 CT slices
Indexed 232/314 patients; 130750 CT slices
Indexed 233/314 patients; 130947 CT slices
Indexed 234/314 patients; 130992 CT slices
Indexed 235/314 patients; 131216 CT slices
Indexed 236/314 patients; 131301 CT slices
Indexed 237/314 patients; 131383 CT slices
Indexed 238/314 patients; 131466 CT slices
Indexed 239/314 patients; 131710 CT slices
Indexed 240/314 patients; 131828 CT slices
Indexed 241/314 patients; 131910 CT slices
Indexed 242/314 patients; 132036 CT slices
Indexed 243/314 patients; 132189 CT slices
Indexed 244/314 patients; 133330 CT slices
Indexed 245/314 patients; 134374 CT slices
Indexed 246/314 patients; 135420 CT slices
Indexed 247/314 patients; 136741 CT slices
Indexed 248/314 patients; 137911 CT slices
Indexed 249/314 patients; 139315 CT slices
Indexed 250/314 patients; 140116 CT slices
Indexed 251/314 patients; 141276 CT slices
Indexed 252/314 patients; 141468 CT slices
Indexed 253/314 patients; 141691 CT slices
Indexed 254/314 patients; 141767 CT slices
Indexed 255/314 patients; 141979 CT slices
Indexed 256/314 patients; 142062 CT slices
Indexed 257/314 patients; 142276 CT slices
Indexed 258/314 patients; 142344 CT slices
Indexed 259/314 patients; 142446 CT slices
Indexed 260/314 patients; 142650 CT slices
Indexed 261/314 patients; 142842 CT slices
Indexed 262/314 patients; 142884 CT slices
Indexed 263/314 patients; 143074 CT slices
Indexed 264/314 patients; 143174 CT slices
Indexed 265/314 patients; 143280 CT slices
Indexed 266/314 patients; 143366 CT slices
Indexed 267/314 patients; 143396 CT slices
Indexed 268/314 patients; 143596 CT slices
Indexed 269/314 patients; 143836 CT slices
Indexed 270/314 patients; 144044 CT slices
Indexed 271/314 patients; 144315 CT slices
Indexed 272/314 patients; 144372 CT slices
Indexed 273/314 patients; 144596 CT slices
Indexed 274/314 patients; 144844 CT slices
Indexed 275/314 patients; 145100 CT slices
Indexed 276/314 patients; 145226 CT slices
Indexed 277/314 patients; 145344 CT slices
Indexed 278/314 patients; 145556 CT slices
Indexed 279/314 patients; 145776 CT slices
Indexed 280/314 patients; 145896 CT slices
Indexed 281/314 patients; 146144 CT slices
Indexed 282/314 patients; 146352 CT slices
Indexed 283/314 patients; 146608 CT slices
Indexed 284/314 patients; 146832 CT slices
Indexed 285/314 patients; 147082 CT slices
Indexed 286/314 patients; 147322 CT slices
Indexed 287/314 patients; 147558 CT slices
Indexed 288/314 patients; 148648 CT slices
Indexed 289/314 patients; 150140 CT slices
Indexed 290/314 patients; 151227 CT slices
Indexed 291/314 patients; 152437 CT slices
Indexed 292/314 patients; 154269 CT slices
Indexed 293/314 patients; 155632 CT slices
Indexed 294/314 patients; 156863 CT slices
Indexed 295/314 patients; 157628 CT slices
Indexed 296/314 patients; 158748 CT slices
Indexed 297/314 patients; 159967 CT slices
Indexed 298/314 patients; 161061 CT slices
Indexed 299/314 patients; 162039 CT slices
Indexed 300/314 patients; 163189 CT slices
Indexed 301/314 patients; 164153 CT slices
Indexed 302/314 patients; 165611 CT slices
Indexed 303/314 patients; 166609 CT slices
Indexed 304/314 patients; 167679 CT slices
Indexed 305/314 patients; 168723 CT slices
Indexed 306/314 patients; 169563 CT slices
Indexed 307/314 patients; 170859 CT slices
Indexed 308/314 patients; 172192 CT slices
Indexed 309/314 patients; 173633 CT slices
Indexed 310/314 patients; 174666 CT slices
Indexed 311/314 patients; 175991 CT slices
Indexed 312/314 patients; 177048 CT slices
Indexed 313/314 patients; 178303 CT slices
Indexed 314/314 patients; 179305 CT slices
Converted 1000/179305 CT slices
Converted 2000/179305 CT slices
Converted 3000/179305 CT slices
Converted 4000/179305 CT slices
Converted 5000/179305 CT slices
Converted 6000/179305 CT slices
Converted 7000/179305 CT slices
Converted 8000/179305 CT slices
Converted 9000/179305 CT slices
Converted 10000/179305 CT slices
Converted 11000/179305 CT slices
Converted 12000/179305 CT slices
Converted 13000/179305 CT slices
Converted 14000/179305 CT slices
Converted 15000/179305 CT slices
Converted 16000/179305 CT slices
Converted 17000/179305 CT slices
Converted 18000/179305 CT slices
Converted 19000/179305 CT slices
Converted 20000/179305 CT slices
Converted 21000/179305 CT slices
Converted 22000/179305 CT slices
Converted 23000/179305 CT slices
Converted 24000/179305 CT slices
Converted 25000/179305 CT slices
Converted 26000/179305 CT slices
Converted 27000/179305 CT slices
Converted 28000/179305 CT slices
Converted 29000/179305 CT slices
Converted 30000/179305 CT slices
Converted 31000/179305 CT slices
Converted 32000/179305 CT slices
Converted 33000/179305 CT slices
Converted 34000/179305 CT slices
Converted 35000/179305 CT slices
Converted 36000/179305 CT slices
Converted 37000/179305 CT slices
Converted 38000/179305 CT slices
Converted 39000/179305 CT slices
Converted 40000/179305 CT slices
Converted 41000/179305 CT slices
Converted 42000/179305 CT slices
Converted 43000/179305 CT slices
Converted 44000/179305 CT slices
Converted 45000/179305 CT slices
Converted 46000/179305 CT slices
Converted 47000/179305 CT slices
Converted 48000/179305 CT slices
Converted 49000/179305 CT slices
Converted 50000/179305 CT slices
Converted 51000/179305 CT slices
Converted 52000/179305 CT slices
Converted 53000/179305 CT slices
Converted 54000/179305 CT slices
Converted 55000/179305 CT slices
Converted 56000/179305 CT slices
Converted 57000/179305 CT slices
Converted 58000/179305 CT slices
Converted 59000/179305 CT slices
Converted 60000/179305 CT slices
Converted 61000/179305 CT slices
Converted 62000/179305 CT slices
Converted 63000/179305 CT slices
Converted 64000/179305 CT slices
Converted 65000/179305 CT slices
Converted 66000/179305 CT slices
Converted 67000/179305 CT slices
Converted 68000/179305 CT slices
Converted 69000/179305 CT slices
Converted 70000/179305 CT slices
Converted 71000/179305 CT slices
Converted 72000/179305 CT slices
Converted 73000/179305 CT slices
Converted 74000/179305 CT slices
Converted 75000/179305 CT slices
Converted 76000/179305 CT slices
Converted 77000/179305 CT slices
Converted 78000/179305 CT slices
Converted 79000/179305 CT slices
Converted 80000/179305 CT slices
Converted 81000/179305 CT slices
Converted 82000/179305 CT slices
Converted 83000/179305 CT slices
Converted 84000/179305 CT slices
Converted 85000/179305 CT slices
Converted 86000/179305 CT slices
Converted 87000/179305 CT slices
Converted 88000/179305 CT slices
Converted 89000/179305 CT slices
Converted 90000/179305 CT slices
Converted 91000/179305 CT slices
Converted 92000/179305 CT slices
Converted 93000/179305 CT slices
Converted 94000/179305 CT slices
Converted 95000/179305 CT slices
Converted 96000/179305 CT slices
Converted 97000/179305 CT slices
Converted 98000/179305 CT slices
Converted 99000/179305 CT slices
Converted 100000/179305 CT slices
Converted 101000/179305 CT slices
Converted 102000/179305 CT slices
Converted 103000/179305 CT slices
Converted 104000/179305 CT slices
Converted 105000/179305 CT slices
Converted 106000/179305 CT slices
Converted 107000/179305 CT slices
Converted 108000/179305 CT slices
Converted 109000/179305 CT slices
Converted 110000/179305 CT slices
Converted 111000/179305 CT slices
Converted 112000/179305 CT slices
Converted 113000/179305 CT slices
Converted 114000/179305 CT slices
Converted 115000/179305 CT slices
Converted 116000/179305 CT slices
Converted 117000/179305 CT slices
Converted 118000/179305 CT slices
Converted 119000/179305 CT slices
Converted 120000/179305 CT slices
Converted 121000/179305 CT slices
Converted 122000/179305 CT slices
Converted 123000/179305 CT slices
Converted 124000/179305 CT slices
Converted 125000/179305 CT slices
Converted 126000/179305 CT slices
Converted 127000/179305 CT slices
Converted 128000/179305 CT slices
Converted 129000/179305 CT slices
Converted 130000/179305 CT slices
Converted 131000/179305 CT slices
Converted 132000/179305 CT slices
Converted 133000/179305 CT slices
Converted 134000/179305 CT slices
Converted 135000/179305 CT slices
Converted 136000/179305 CT slices
Converted 137000/179305 CT slices
Converted 138000/179305 CT slices
Converted 139000/179305 CT slices
Converted 140000/179305 CT slices
Converted 141000/179305 CT slices
Converted 142000/179305 CT slices
Converted 143000/179305 CT slices
Converted 144000/179305 CT slices
Converted 145000/179305 CT slices
Converted 146000/179305 CT slices
Converted 147000/179305 CT slices
Converted 148000/179305 CT slices
Converted 149000/179305 CT slices
Converted 150000/179305 CT slices
Converted 151000/179305 CT slices
Converted 152000/179305 CT slices
Converted 153000/179305 CT slices
Converted 154000/179305 CT slices
Converted 155000/179305 CT slices
Converted 156000/179305 CT slices
Converted 157000/179305 CT slices
Converted 158000/179305 CT slices
Converted 159000/179305 CT slices
Converted 160000/179305 CT slices
Converted 161000/179305 CT slices
Converted 162000/179305 CT slices
Converted 163000/179305 CT slices
Converted 164000/179305 CT slices
Converted 165000/179305 CT slices
Converted 166000/179305 CT slices
Converted 167000/179305 CT slices
Converted 168000/179305 CT slices
Converted 169000/179305 CT slices
Converted 170000/179305 CT slices
Converted 171000/179305 CT slices
Converted 172000/179305 CT slices
Converted 173000/179305 CT slices
Converted 174000/179305 CT slices
Converted 175000/179305 CT slices
Converted 176000/179305 CT slices
Converted 177000/179305 CT slices
Converted 178000/179305 CT slices
Converted 179000/179305 CT slices
{
  "seed": 42,
  "label_rule": "User-confirmed: matching XML = lesion_present; no XML = lesion_absent",
  "scan_policy_digest": "42c3ec7f1cc20d42997979dc857b97c8fb9f7c0161467aaf84c8bf97ffb2c1b3",
  "excluded_scan_slices": 0,
  "excluded_patients": [
    "A0003",
    "A0004",
    "A0011",
    "A0014",
    "A0015",
    "A0016",
    "A0018",
    "A0019",
    "A0024",
    "A0025",
    "A0038",
    "A0056",
    "A0057",
    "A0058",
    "A0060",
    "A0067",
    "A0076",
    "A0114",
    "A0118",
    "A0121",
    "A0130",
    "A0135",
    "A0145",
    "A0174",
    "A0175",
    "A0176",
    "A0192",
    "A0193",
    "A0206",
    "A0210",
    "A0211",
    "A0212",
    "A0213",
    "A0220",
    "A0223",
    "A0226",
    "A0227",
    "A0251",
    "A0258",
    "A0266",
    "B0038",
    "G0021",
    "G0027",
    "G0038",
    "G0047"
  ],
  "excluded_annotations": 389,
  "pilot": false,
  "max_patients": null,
  "max_slices_per_patient": null,
  "indexed_slices": 179305,
  "unsupported_annotations": 0,
  "annotation_root": "C:\\Users\\Admin\\Documents\\Masters\\project\\Data\\Lung-PET-CT-Dx-Annotations-XML-Files-rev12222020",
  "dicom_root": "D:\\Project data\\lung_pet_ct_dx",
  "counts": {
    "train/lesion_present": 17290,
    "train/lesion_absent": 105229,
    "test/lesion_present": 5312,
    "test/lesion_absent": 24992,
    "val/lesion_absent": 22584,
    "val/lesion_present": 3898
  },
  "patients": {
    "train": 220,
    "val": 47,
    "test": 47
  }
}
AlexNet epoch 1/20, batch 100/7658, loss=0.65277
AlexNet epoch 1/20, batch 200/7658, loss=0.62744
AlexNet epoch 1/20, batch 300/7658, loss=0.60500
AlexNet epoch 1/20, batch 400/7658, loss=0.59075
AlexNet epoch 1/20, batch 500/7658, loss=0.57962
AlexNet epoch 1/20, batch 600/7658, loss=0.56422
AlexNet epoch 1/20, batch 700/7658, loss=0.55503
AlexNet epoch 1/20, batch 800/7658, loss=0.54371
AlexNet epoch 1/20, batch 900/7658, loss=0.53434
AlexNet epoch 1/20, batch 1000/7658, loss=0.52368
AlexNet epoch 1/20, batch 1100/7658, loss=0.51605
AlexNet epoch 1/20, batch 1200/7658, loss=0.50814
AlexNet epoch 1/20, batch 1300/7658, loss=0.50307
AlexNet epoch 1/20, batch 1400/7658, loss=0.49731
AlexNet epoch 1/20, batch 1500/7658, loss=0.49224
AlexNet epoch 1/20, batch 1600/7658, loss=0.48597
AlexNet epoch 1/20, batch 1700/7658, loss=0.48222
AlexNet epoch 1/20, batch 1800/7658, loss=0.47505
AlexNet epoch 1/20, batch 1900/7658, loss=0.47031
AlexNet epoch 1/20, batch 2000/7658, loss=0.46511
AlexNet epoch 1/20, batch 2100/7658, loss=0.46052
AlexNet epoch 1/20, batch 2200/7658, loss=0.45716
AlexNet epoch 1/20, batch 2300/7658, loss=0.45226
AlexNet epoch 1/20, batch 2400/7658, loss=0.44773
AlexNet epoch 1/20, batch 2500/7658, loss=0.44250
AlexNet epoch 1/20, batch 2600/7658, loss=0.43820
AlexNet epoch 1/20, batch 2700/7658, loss=0.43402
AlexNet epoch 1/20, batch 2800/7658, loss=0.43092
AlexNet epoch 1/20, batch 2900/7658, loss=0.42723
AlexNet epoch 1/20, batch 3000/7658, loss=0.42310
AlexNet epoch 1/20, batch 3100/7658, loss=0.41981
AlexNet epoch 1/20, batch 3200/7658, loss=0.41559
AlexNet epoch 1/20, batch 3300/7658, loss=0.41295
AlexNet epoch 1/20, batch 3400/7658, loss=0.40908
AlexNet epoch 1/20, batch 3500/7658, loss=0.40653
AlexNet epoch 1/20, batch 3600/7658, loss=0.40350
AlexNet epoch 1/20, batch 3700/7658, loss=0.40020
AlexNet epoch 1/20, batch 3800/7658, loss=0.39741
AlexNet epoch 1/20, batch 3900/7658, loss=0.39429
AlexNet epoch 1/20, batch 4000/7658, loss=0.39158
AlexNet epoch 1/20, batch 4100/7658, loss=0.38831
AlexNet epoch 1/20, batch 4200/7658, loss=0.38648
AlexNet epoch 1/20, batch 4300/7658, loss=0.38359
AlexNet epoch 1/20, batch 4400/7658, loss=0.38099
AlexNet epoch 1/20, batch 4500/7658, loss=0.37881
AlexNet epoch 1/20, batch 4600/7658, loss=0.37644
AlexNet epoch 1/20, batch 4700/7658, loss=0.37435
AlexNet epoch 1/20, batch 4800/7658, loss=0.37110
AlexNet epoch 1/20, batch 4900/7658, loss=0.36825
AlexNet epoch 1/20, batch 5000/7658, loss=0.36584
AlexNet epoch 1/20, batch 5100/7658, loss=0.36368
AlexNet epoch 1/20, batch 5200/7658, loss=0.36169
AlexNet epoch 1/20, batch 5300/7658, loss=0.35898
AlexNet epoch 1/20, batch 5400/7658, loss=0.35671
AlexNet epoch 1/20, batch 5500/7658, loss=0.35451
AlexNet epoch 1/20, batch 5600/7658, loss=0.35254
AlexNet epoch 1/20, batch 5700/7658, loss=0.35032
AlexNet epoch 1/20, batch 5800/7658, loss=0.34831
AlexNet epoch 1/20, batch 5900/7658, loss=0.34629
AlexNet epoch 1/20, batch 6000/7658, loss=0.34447
AlexNet epoch 1/20, batch 6100/7658, loss=0.34233
AlexNet epoch 1/20, batch 6200/7658, loss=0.34048
AlexNet epoch 1/20, batch 6300/7658, loss=0.33819
AlexNet epoch 1/20, batch 6400/7658, loss=0.33607
AlexNet epoch 1/20, batch 6500/7658, loss=0.33413
AlexNet epoch 1/20, batch 6600/7658, loss=0.33238
AlexNet epoch 1/20, batch 6700/7658, loss=0.33010
AlexNet epoch 1/20, batch 6800/7658, loss=0.32839
AlexNet epoch 1/20, batch 6900/7658, loss=0.32711
AlexNet epoch 1/20, batch 7000/7658, loss=0.32556
AlexNet epoch 1/20, batch 7100/7658, loss=0.32358
AlexNet epoch 1/20, batch 7200/7658, loss=0.32224
AlexNet epoch 1/20, batch 7300/7658, loss=0.32036
AlexNet epoch 1/20, batch 7400/7658, loss=0.31869
AlexNet epoch 1/20, batch 7500/7658, loss=0.31698
AlexNet epoch 1/20, batch 7600/7658, loss=0.31562
AlexNet epoch 1/20, batch 7658/7658, loss=0.31483
AlexNet epoch 1: validation macro F1=0.67601
AlexNet epoch 2/20, batch 100/7658, loss=0.17590
AlexNet epoch 2/20, batch 200/7658, loss=0.16889
AlexNet epoch 2/20, batch 300/7658, loss=0.17026
AlexNet epoch 2/20, batch 400/7658, loss=0.17191
AlexNet epoch 2/20, batch 500/7658, loss=0.17523
AlexNet epoch 2/20, batch 600/7658, loss=0.17475
AlexNet epoch 2/20, batch 700/7658, loss=0.17294
AlexNet epoch 2/20, batch 800/7658, loss=0.17621
AlexNet epoch 2/20, batch 900/7658, loss=0.17678
AlexNet epoch 2/20, batch 1000/7658, loss=0.17423
AlexNet epoch 2/20, batch 1100/7658, loss=0.17377
AlexNet epoch 2/20, batch 1200/7658, loss=0.17307
AlexNet epoch 2/20, batch 1300/7658, loss=0.17257
AlexNet epoch 2/20, batch 1400/7658, loss=0.16948
AlexNet epoch 2/20, batch 1500/7658, loss=0.16930
AlexNet epoch 2/20, batch 1600/7658, loss=0.17083
AlexNet epoch 2/20, batch 1700/7658, loss=0.17068
AlexNet epoch 2/20, batch 1800/7658, loss=0.16854
AlexNet epoch 2/20, batch 1900/7658, loss=0.16825
AlexNet epoch 2/20, batch 2000/7658, loss=0.16867
AlexNet epoch 2/20, batch 2100/7658, loss=0.16720
AlexNet epoch 2/20, batch 2200/7658, loss=0.16728
AlexNet epoch 2/20, batch 2300/7658, loss=0.16638
AlexNet epoch 2/20, batch 2400/7658, loss=0.16535
AlexNet epoch 2/20, batch 2500/7658, loss=0.16549
AlexNet epoch 2/20, batch 2600/7658, loss=0.16392
AlexNet epoch 2/20, batch 2700/7658, loss=0.16355
AlexNet epoch 2/20, batch 2800/7658, loss=0.16361
AlexNet epoch 2/20, batch 2900/7658, loss=0.16307
AlexNet epoch 2/20, batch 3000/7658, loss=0.16213
AlexNet epoch 2/20, batch 3100/7658, loss=0.16176
AlexNet epoch 2/20, batch 3200/7658, loss=0.16110
AlexNet epoch 2/20, batch 3300/7658, loss=0.16094
AlexNet epoch 2/20, batch 3400/7658, loss=0.16068
AlexNet epoch 2/20, batch 3500/7658, loss=0.16045
AlexNet epoch 2/20, batch 3600/7658, loss=0.16004
AlexNet epoch 2/20, batch 3700/7658, loss=0.15912
AlexNet epoch 2/20, batch 3800/7658, loss=0.15860
AlexNet epoch 2/20, batch 3900/7658, loss=0.15783
AlexNet epoch 2/20, batch 4000/7658, loss=0.15747
AlexNet epoch 2/20, batch 4100/7658, loss=0.15797
AlexNet epoch 2/20, batch 4200/7658, loss=0.15759
AlexNet epoch 2/20, batch 4300/7658, loss=0.15720
AlexNet epoch 2/20, batch 4400/7658, loss=0.15697
AlexNet epoch 2/20, batch 4500/7658, loss=0.15656
AlexNet epoch 2/20, batch 4600/7658, loss=0.15579
AlexNet epoch 2/20, batch 4700/7658, loss=0.15546
AlexNet epoch 2/20, batch 4800/7658, loss=0.15470
AlexNet epoch 2/20, batch 4900/7658, loss=0.15393
AlexNet epoch 2/20, batch 5000/7658, loss=0.15307
AlexNet epoch 2/20, batch 5100/7658, loss=0.15237
AlexNet epoch 2/20, batch 5200/7658, loss=0.15216
AlexNet epoch 2/20, batch 5300/7658, loss=0.15169
AlexNet epoch 2/20, batch 5400/7658, loss=0.15111
AlexNet epoch 2/20, batch 5500/7658, loss=0.15062
AlexNet epoch 2/20, batch 5600/7658, loss=0.15007
AlexNet epoch 2/20, batch 5700/7658, loss=0.14956
AlexNet epoch 2/20, batch 5800/7658, loss=0.14883
AlexNet epoch 2/20, batch 5900/7658, loss=0.14835
AlexNet epoch 2/20, batch 6000/7658, loss=0.14752
AlexNet epoch 2/20, batch 6100/7658, loss=0.14723
AlexNet epoch 2/20, batch 6200/7658, loss=0.14672
AlexNet epoch 2/20, batch 6300/7658, loss=0.14660
AlexNet epoch 2/20, batch 6400/7658, loss=0.14610
AlexNet epoch 2/20, batch 6500/7658, loss=0.14556
AlexNet epoch 2/20, batch 6600/7658, loss=0.14514
AlexNet epoch 2/20, batch 6700/7658, loss=0.14471
AlexNet epoch 2/20, batch 6800/7658, loss=0.14417
AlexNet epoch 2/20, batch 6900/7658, loss=0.14387
AlexNet epoch 2/20, batch 7000/7658, loss=0.14362
AlexNet epoch 2/20, batch 7100/7658, loss=0.14316
AlexNet epoch 2/20, batch 7200/7658, loss=0.14265
AlexNet epoch 2/20, batch 7300/7658, loss=0.14219
AlexNet epoch 2/20, batch 7400/7658, loss=0.14169
AlexNet epoch 2/20, batch 7500/7658, loss=0.14130
AlexNet epoch 2/20, batch 7600/7658, loss=0.14072
AlexNet epoch 2/20, batch 7658/7658, loss=0.14038
AlexNet epoch 2: validation macro F1=0.68200
AlexNet epoch 3/20, batch 100/7658, loss=0.10459
AlexNet epoch 3/20, batch 200/7658, loss=0.10568
AlexNet epoch 3/20, batch 300/7658, loss=0.10146
AlexNet epoch 3/20, batch 400/7658, loss=0.10295
AlexNet epoch 3/20, batch 500/7658, loss=0.10081
AlexNet epoch 3/20, batch 600/7658, loss=0.09975
AlexNet epoch 3/20, batch 700/7658, loss=0.09787
AlexNet epoch 3/20, batch 800/7658, loss=0.09524
AlexNet epoch 3/20, batch 900/7658, loss=0.09491
AlexNet epoch 3/20, batch 1000/7658, loss=0.09476
AlexNet epoch 3/20, batch 1100/7658, loss=0.09400
AlexNet epoch 3/20, batch 1200/7658, loss=0.09302
AlexNet epoch 3/20, batch 1300/7658, loss=0.09244
AlexNet epoch 3/20, batch 1400/7658, loss=0.09224
AlexNet epoch 3/20, batch 1500/7658, loss=0.09377
AlexNet epoch 3/20, batch 1600/7658, loss=0.09541
AlexNet epoch 3/20, batch 1700/7658, loss=0.09463
AlexNet epoch 3/20, batch 1800/7658, loss=0.09401
AlexNet epoch 3/20, batch 1900/7658, loss=0.09434
AlexNet epoch 3/20, batch 2000/7658, loss=0.09425
AlexNet epoch 3/20, batch 2100/7658, loss=0.09415
AlexNet epoch 3/20, batch 2200/7658, loss=0.09348
AlexNet epoch 3/20, batch 2300/7658, loss=0.09485
AlexNet epoch 3/20, batch 2400/7658, loss=0.09518
AlexNet epoch 3/20, batch 2500/7658, loss=0.09545
AlexNet epoch 3/20, batch 2600/7658, loss=0.09497
AlexNet epoch 3/20, batch 2700/7658, loss=0.09460
AlexNet epoch 3/20, batch 2800/7658, loss=0.09449
AlexNet epoch 3/20, batch 2900/7658, loss=0.09411
AlexNet epoch 3/20, batch 3000/7658, loss=0.09363
AlexNet epoch 3/20, batch 3100/7658, loss=0.09301
AlexNet epoch 3/20, batch 3200/7658, loss=0.09291
AlexNet epoch 3/20, batch 3300/7658, loss=0.09231
AlexNet epoch 3/20, batch 3400/7658, loss=0.09193
AlexNet epoch 3/20, batch 3500/7658, loss=0.09169
AlexNet epoch 3/20, batch 3600/7658, loss=0.09199
AlexNet epoch 3/20, batch 3700/7658, loss=0.09169
AlexNet epoch 3/20, batch 3800/7658, loss=0.09156
AlexNet epoch 3/20, batch 3900/7658, loss=0.09159
AlexNet epoch 3/20, batch 4000/7658, loss=0.09202
AlexNet epoch 3/20, batch 4100/7658, loss=0.09211
AlexNet epoch 3/20, batch 4200/7658, loss=0.09257
AlexNet epoch 3/20, batch 4300/7658, loss=0.09210
AlexNet epoch 3/20, batch 4400/7658, loss=0.09178
AlexNet epoch 3/20, batch 4500/7658, loss=0.09180
AlexNet epoch 3/20, batch 4600/7658, loss=0.09192
AlexNet epoch 3/20, batch 4700/7658, loss=0.09192
AlexNet epoch 3/20, batch 4800/7658, loss=0.09222
AlexNet epoch 3/20, batch 4900/7658, loss=0.09177
AlexNet epoch 3/20, batch 5000/7658, loss=0.09177
AlexNet epoch 3/20, batch 5100/7658, loss=0.09116
AlexNet epoch 3/20, batch 5200/7658, loss=0.09129
AlexNet epoch 3/20, batch 5300/7658, loss=0.09090
AlexNet epoch 3/20, batch 5400/7658, loss=0.09150
AlexNet epoch 3/20, batch 5500/7658, loss=0.09133
AlexNet epoch 3/20, batch 5600/7658, loss=0.09108
AlexNet epoch 3/20, batch 5700/7658, loss=0.09064
AlexNet epoch 3/20, batch 5800/7658, loss=0.09037
AlexNet epoch 3/20, batch 5900/7658, loss=0.09026
AlexNet epoch 3/20, batch 6000/7658, loss=0.09010
AlexNet epoch 3/20, batch 6100/7658, loss=0.08992
AlexNet epoch 3/20, batch 6200/7658, loss=0.08993
AlexNet epoch 3/20, batch 6300/7658, loss=0.08964
AlexNet epoch 3/20, batch 6400/7658, loss=0.08933
AlexNet epoch 3/20, batch 6500/7658, loss=0.08908
AlexNet epoch 3/20, batch 6600/7658, loss=0.08877
AlexNet epoch 3/20, batch 6700/7658, loss=0.08856
AlexNet epoch 3/20, batch 6800/7658, loss=0.08820
AlexNet epoch 3/20, batch 6900/7658, loss=0.08805
AlexNet epoch 3/20, batch 7000/7658, loss=0.08771
AlexNet epoch 3/20, batch 7100/7658, loss=0.08763
AlexNet epoch 3/20, batch 7200/7658, loss=0.08741
AlexNet epoch 3/20, batch 7300/7658, loss=0.08741
AlexNet epoch 3/20, batch 7400/7658, loss=0.08725
AlexNet epoch 3/20, batch 7500/7658, loss=0.08707
AlexNet epoch 3/20, batch 7600/7658, loss=0.08687
AlexNet epoch 3/20, batch 7658/7658, loss=0.08666
AlexNet epoch 3: validation macro F1=0.69855
AlexNet epoch 4/20, batch 100/7658, loss=0.07696
AlexNet epoch 4/20, batch 200/7658, loss=0.07186
AlexNet epoch 4/20, batch 300/7658, loss=0.06852
AlexNet epoch 4/20, batch 400/7658, loss=0.06452
AlexNet epoch 4/20, batch 500/7658, loss=0.06130
AlexNet epoch 4/20, batch 600/7658, loss=0.06302
AlexNet epoch 4/20, batch 700/7658, loss=0.06596
AlexNet epoch 4/20, batch 800/7658, loss=0.06564
AlexNet epoch 4/20, batch 900/7658, loss=0.06500
AlexNet epoch 4/20, batch 1000/7658, loss=0.06364
AlexNet epoch 4/20, batch 1100/7658, loss=0.06261
AlexNet epoch 4/20, batch 1200/7658, loss=0.06296
AlexNet epoch 4/20, batch 1300/7658, loss=0.06333
AlexNet epoch 4/20, batch 1400/7658, loss=0.06388
AlexNet epoch 4/20, batch 1500/7658, loss=0.06385
AlexNet epoch 4/20, batch 1600/7658, loss=0.06373
AlexNet epoch 4/20, batch 1700/7658, loss=0.06410
AlexNet epoch 4/20, batch 1800/7658, loss=0.06373
AlexNet epoch 4/20, batch 1900/7658, loss=0.06465
AlexNet epoch 4/20, batch 2000/7658, loss=0.06430
AlexNet epoch 4/20, batch 2100/7658, loss=0.06458
AlexNet epoch 4/20, batch 2200/7658, loss=0.06429
AlexNet epoch 4/20, batch 2300/7658, loss=0.06481
AlexNet epoch 4/20, batch 2400/7658, loss=0.06518
AlexNet epoch 4/20, batch 2500/7658, loss=0.06467
AlexNet epoch 4/20, batch 2600/7658, loss=0.06466
AlexNet epoch 4/20, batch 2700/7658, loss=0.06426
AlexNet epoch 4/20, batch 2800/7658, loss=0.06418
AlexNet epoch 4/20, batch 2900/7658, loss=0.06442
AlexNet epoch 4/20, batch 3000/7658, loss=0.06408
AlexNet epoch 4/20, batch 3100/7658, loss=0.06366
AlexNet epoch 4/20, batch 3200/7658, loss=0.06417
AlexNet epoch 4/20, batch 3300/7658, loss=0.06348
AlexNet epoch 4/20, batch 3400/7658, loss=0.06328
AlexNet epoch 4/20, batch 3500/7658, loss=0.06397
AlexNet epoch 4/20, batch 3600/7658, loss=0.06450
AlexNet epoch 4/20, batch 3700/7658, loss=0.06448
AlexNet epoch 4/20, batch 3800/7658, loss=0.06412
AlexNet epoch 4/20, batch 3900/7658, loss=0.06375
AlexNet epoch 4/20, batch 4000/7658, loss=0.06387
AlexNet epoch 4/20, batch 4100/7658, loss=0.06340
AlexNet epoch 4/20, batch 4200/7658, loss=0.06333
AlexNet epoch 4/20, batch 4300/7658, loss=0.06315
AlexNet epoch 4/20, batch 4400/7658, loss=0.06288
AlexNet epoch 4/20, batch 4500/7658, loss=0.06268
AlexNet epoch 4/20, batch 4600/7658, loss=0.06289
AlexNet epoch 4/20, batch 4700/7658, loss=0.06317
AlexNet epoch 4/20, batch 4800/7658, loss=0.06300
AlexNet epoch 4/20, batch 4900/7658, loss=0.06278
AlexNet epoch 4/20, batch 5000/7658, loss=0.06307
AlexNet epoch 4/20, batch 5100/7658, loss=0.06292
AlexNet epoch 4/20, batch 5200/7658, loss=0.06266
AlexNet epoch 4/20, batch 5300/7658, loss=0.06258
AlexNet epoch 4/20, batch 5400/7658, loss=0.06255
AlexNet epoch 4/20, batch 5500/7658, loss=0.06244
AlexNet epoch 4/20, batch 5600/7658, loss=0.06247
AlexNet epoch 4/20, batch 5700/7658, loss=0.06236
AlexNet epoch 4/20, batch 5800/7658, loss=0.06217
AlexNet epoch 4/20, batch 5900/7658, loss=0.06221
AlexNet epoch 4/20, batch 6000/7658, loss=0.06226
AlexNet epoch 4/20, batch 6100/7658, loss=0.06222
AlexNet epoch 4/20, batch 6200/7658, loss=0.06225
AlexNet epoch 4/20, batch 6300/7658, loss=0.06237
AlexNet epoch 4/20, batch 6400/7658, loss=0.06228
AlexNet epoch 4/20, batch 6500/7658, loss=0.06196
AlexNet epoch 4/20, batch 6600/7658, loss=0.06191
AlexNet epoch 4/20, batch 6700/7658, loss=0.06166
AlexNet epoch 4/20, batch 6800/7658, loss=0.06247
AlexNet epoch 4/20, batch 6900/7658, loss=0.06240
AlexNet epoch 4/20, batch 7000/7658, loss=0.06222
AlexNet epoch 4/20, batch 7100/7658, loss=0.06216
AlexNet epoch 4/20, batch 7200/7658, loss=0.06215
AlexNet epoch 4/20, batch 7300/7658, loss=0.06211
AlexNet epoch 4/20, batch 7400/7658, loss=0.06200
AlexNet epoch 4/20, batch 7500/7658, loss=0.06198
AlexNet epoch 4/20, batch 7600/7658, loss=0.06185
AlexNet epoch 4/20, batch 7658/7658, loss=0.06164
AlexNet epoch 4: validation macro F1=0.69962
AlexNet epoch 5/20, batch 100/7658, loss=0.05906
AlexNet epoch 5/20, batch 200/7658, loss=0.04845
AlexNet epoch 5/20, batch 300/7658, loss=0.04904
AlexNet epoch 5/20, batch 400/7658, loss=0.04822
AlexNet epoch 5/20, batch 500/7658, loss=0.04750
AlexNet epoch 5/20, batch 600/7658, loss=0.04988
AlexNet epoch 5/20, batch 700/7658, loss=0.04731
AlexNet epoch 5/20, batch 800/7658, loss=0.04900
AlexNet epoch 5/20, batch 900/7658, loss=0.04940
AlexNet epoch 5/20, batch 1000/7658, loss=0.04923
AlexNet epoch 5/20, batch 1100/7658, loss=0.04919
AlexNet epoch 5/20, batch 1200/7658, loss=0.04977
AlexNet epoch 5/20, batch 1300/7658, loss=0.04994
AlexNet epoch 5/20, batch 1400/7658, loss=0.05044
AlexNet epoch 5/20, batch 1500/7658, loss=0.05060
AlexNet epoch 5/20, batch 1600/7658, loss=0.05022
AlexNet epoch 5/20, batch 1700/7658, loss=0.05021
AlexNet epoch 5/20, batch 1800/7658, loss=0.04981
AlexNet epoch 5/20, batch 1900/7658, loss=0.04949
AlexNet epoch 5/20, batch 2000/7658, loss=0.04927
AlexNet epoch 5/20, batch 2100/7658, loss=0.05006
AlexNet epoch 5/20, batch 2200/7658, loss=0.04989
AlexNet epoch 5/20, batch 2300/7658, loss=0.04951
AlexNet epoch 5/20, batch 2400/7658, loss=0.04955
AlexNet epoch 5/20, batch 2500/7658, loss=0.04962
AlexNet epoch 5/20, batch 2600/7658, loss=0.04934
AlexNet epoch 5/20, batch 2700/7658, loss=0.04981
AlexNet epoch 5/20, batch 2800/7658, loss=0.04925
AlexNet epoch 5/20, batch 2900/7658, loss=0.04899
AlexNet epoch 5/20, batch 3000/7658, loss=0.04896
AlexNet epoch 5/20, batch 3100/7658, loss=0.04863
AlexNet epoch 5/20, batch 3200/7658, loss=0.04823
AlexNet epoch 5/20, batch 3300/7658, loss=0.04806
AlexNet epoch 5/20, batch 3400/7658, loss=0.04810
AlexNet epoch 5/20, batch 3500/7658, loss=0.04827
AlexNet epoch 5/20, batch 3600/7658, loss=0.04798
AlexNet epoch 5/20, batch 3700/7658, loss=0.04770
AlexNet epoch 5/20, batch 3800/7658, loss=0.04752
AlexNet epoch 5/20, batch 3900/7658, loss=0.04753
AlexNet epoch 5/20, batch 4000/7658, loss=0.04778
AlexNet epoch 5/20, batch 4100/7658, loss=0.04756
AlexNet epoch 5/20, batch 4200/7658, loss=0.04748
AlexNet epoch 5/20, batch 4300/7658, loss=0.04770
AlexNet epoch 5/20, batch 4400/7658, loss=0.04772
AlexNet epoch 5/20, batch 4500/7658, loss=0.04745
AlexNet epoch 5/20, batch 4600/7658, loss=0.04757
AlexNet epoch 5/20, batch 4700/7658, loss=0.04745
AlexNet epoch 5/20, batch 4800/7658, loss=0.04730
AlexNet epoch 5/20, batch 4900/7658, loss=0.04772
AlexNet epoch 5/20, batch 5000/7658, loss=0.04763
AlexNet epoch 5/20, batch 5100/7658, loss=0.04753
AlexNet epoch 5/20, batch 5200/7658, loss=0.04749
AlexNet epoch 5/20, batch 5300/7658, loss=0.04757
AlexNet epoch 5/20, batch 5400/7658, loss=0.04779
AlexNet epoch 5/20, batch 5500/7658, loss=0.04777
AlexNet epoch 5/20, batch 5600/7658, loss=0.04800
AlexNet epoch 5/20, batch 5700/7658, loss=0.04789
AlexNet epoch 5/20, batch 5800/7658, loss=0.04779
AlexNet epoch 5/20, batch 5900/7658, loss=0.04768
AlexNet epoch 5/20, batch 6000/7658, loss=0.04743
AlexNet epoch 5/20, batch 6100/7658, loss=0.04745
AlexNet epoch 5/20, batch 6200/7658, loss=0.04733
AlexNet epoch 5/20, batch 6300/7658, loss=0.04711
AlexNet epoch 5/20, batch 6400/7658, loss=0.04718
AlexNet epoch 5/20, batch 6500/7658, loss=0.04718
AlexNet epoch 5/20, batch 6600/7658, loss=0.04722
AlexNet epoch 5/20, batch 6700/7658, loss=0.04728
AlexNet epoch 5/20, batch 6800/7658, loss=0.04725
AlexNet epoch 5/20, batch 6900/7658, loss=0.04725
AlexNet epoch 5/20, batch 7000/7658, loss=0.04729
AlexNet epoch 5/20, batch 7100/7658, loss=0.04724
AlexNet epoch 5/20, batch 7200/7658, loss=0.04730
AlexNet epoch 5/20, batch 7300/7658, loss=0.04708
AlexNet epoch 5/20, batch 7400/7658, loss=0.04699
AlexNet epoch 5/20, batch 7500/7658, loss=0.04721
AlexNet epoch 5/20, batch 7600/7658, loss=0.04718
AlexNet epoch 5/20, batch 7658/7658, loss=0.04732
AlexNet epoch 5: validation macro F1=0.70667
AlexNet epoch 6/20, batch 100/7658, loss=0.03686
AlexNet epoch 6/20, batch 200/7658, loss=0.04682
AlexNet epoch 6/20, batch 300/7658, loss=0.04396
AlexNet epoch 6/20, batch 400/7658, loss=0.04271
AlexNet epoch 6/20, batch 500/7658, loss=0.04206
AlexNet epoch 6/20, batch 600/7658, loss=0.04148
AlexNet epoch 6/20, batch 700/7658, loss=0.03965
AlexNet epoch 6/20, batch 800/7658, loss=0.03824
AlexNet epoch 6/20, batch 900/7658, loss=0.03800
AlexNet epoch 6/20, batch 1000/7658, loss=0.03819
AlexNet epoch 6/20, batch 1100/7658, loss=0.03978
AlexNet epoch 6/20, batch 1200/7658, loss=0.03918
AlexNet epoch 6/20, batch 1300/7658, loss=0.03915
AlexNet epoch 6/20, batch 1400/7658, loss=0.03992
AlexNet epoch 6/20, batch 1500/7658, loss=0.03957
AlexNet epoch 6/20, batch 1600/7658, loss=0.03999
AlexNet epoch 6/20, batch 1700/7658, loss=0.03979
AlexNet epoch 6/20, batch 1800/7658, loss=0.04013
AlexNet epoch 6/20, batch 1900/7658, loss=0.04041
AlexNet epoch 6/20, batch 2000/7658, loss=0.04061
AlexNet epoch 6/20, batch 2100/7658, loss=0.04049
AlexNet epoch 6/20, batch 2200/7658, loss=0.04078
AlexNet epoch 6/20, batch 2300/7658, loss=0.04035
AlexNet epoch 6/20, batch 2400/7658, loss=0.04012
AlexNet epoch 6/20, batch 2500/7658, loss=0.04005
AlexNet epoch 6/20, batch 2600/7658, loss=0.03978
AlexNet epoch 6/20, batch 2700/7658, loss=0.04001
AlexNet epoch 6/20, batch 2800/7658, loss=0.04023
AlexNet epoch 6/20, batch 2900/7658, loss=0.03972
AlexNet epoch 6/20, batch 3000/7658, loss=0.03972
AlexNet epoch 6/20, batch 3100/7658, loss=0.03975
AlexNet epoch 6/20, batch 3200/7658, loss=0.03975
AlexNet epoch 6/20, batch 3300/7658, loss=0.03971
AlexNet epoch 6/20, batch 3400/7658, loss=0.03939
AlexNet epoch 6/20, batch 3500/7658, loss=0.03922
AlexNet epoch 6/20, batch 3600/7658, loss=0.03937
AlexNet epoch 6/20, batch 3700/7658, loss=0.03942
AlexNet epoch 6/20, batch 3800/7658, loss=0.03954
AlexNet epoch 6/20, batch 3900/7658, loss=0.03964
AlexNet epoch 6/20, batch 4000/7658, loss=0.03935
AlexNet epoch 6/20, batch 4100/7658, loss=0.03939
AlexNet epoch 6/20, batch 4200/7658, loss=0.03940
AlexNet epoch 6/20, batch 4300/7658, loss=0.03974
AlexNet epoch 6/20, batch 4400/7658, loss=0.03978
AlexNet epoch 6/20, batch 4500/7658, loss=0.03976
AlexNet epoch 6/20, batch 4600/7658, loss=0.03975
AlexNet epoch 6/20, batch 4700/7658, loss=0.03978
AlexNet epoch 6/20, batch 4800/7658, loss=0.03952
AlexNet epoch 6/20, batch 4900/7658, loss=0.03929
AlexNet epoch 6/20, batch 5000/7658, loss=0.03934
AlexNet epoch 6/20, batch 5100/7658, loss=0.03938
AlexNet epoch 6/20, batch 5200/7658, loss=0.03989
AlexNet epoch 6/20, batch 5300/7658, loss=0.04001
AlexNet epoch 6/20, batch 5400/7658, loss=0.04001
AlexNet epoch 6/20, batch 5500/7658, loss=0.03987
AlexNet epoch 6/20, batch 5600/7658, loss=0.03987
AlexNet epoch 6/20, batch 5700/7658, loss=0.03998
AlexNet epoch 6/20, batch 5800/7658, loss=0.04007
AlexNet epoch 6/20, batch 5900/7658, loss=0.04012
AlexNet epoch 6/20, batch 6000/7658, loss=0.03998
AlexNet epoch 6/20, batch 6100/7658, loss=0.03977
AlexNet epoch 6/20, batch 6200/7658, loss=0.03958
AlexNet epoch 6/20, batch 6300/7658, loss=0.03957
AlexNet epoch 6/20, batch 6400/7658, loss=0.03962
AlexNet epoch 6/20, batch 6500/7658, loss=0.03942
AlexNet epoch 6/20, batch 6600/7658, loss=0.03925
AlexNet epoch 6/20, batch 6700/7658, loss=0.03900
AlexNet epoch 6/20, batch 6800/7658, loss=0.03903
AlexNet epoch 6/20, batch 6900/7658, loss=0.03899
AlexNet epoch 6/20, batch 7000/7658, loss=0.03889
AlexNet epoch 6/20, batch 7100/7658, loss=0.03881
AlexNet epoch 6/20, batch 7200/7658, loss=0.03912
AlexNet epoch 6/20, batch 7300/7658, loss=0.03926
AlexNet epoch 6/20, batch 7400/7658, loss=0.03911
AlexNet epoch 6/20, batch 7500/7658, loss=0.03905
AlexNet epoch 6/20, batch 7600/7658, loss=0.03903
AlexNet epoch 6/20, batch 7658/7658, loss=0.03900
AlexNet epoch 6: validation macro F1=0.70009
AlexNet epoch 7/20, batch 100/7658, loss=0.02918
AlexNet epoch 7/20, batch 200/7658, loss=0.03447
AlexNet epoch 7/20, batch 300/7658, loss=0.04317
AlexNet epoch 7/20, batch 400/7658, loss=0.03903
AlexNet epoch 7/20, batch 500/7658, loss=0.03608
AlexNet epoch 7/20, batch 600/7658, loss=0.03506
AlexNet epoch 7/20, batch 700/7658, loss=0.03454
AlexNet epoch 7/20, batch 800/7658, loss=0.03294
AlexNet epoch 7/20, batch 900/7658, loss=0.03239
AlexNet epoch 7/20, batch 1000/7658, loss=0.03290
AlexNet epoch 7/20, batch 1100/7658, loss=0.03202
AlexNet epoch 7/20, batch 1200/7658, loss=0.03215
AlexNet epoch 7/20, batch 1300/7658, loss=0.03286
AlexNet epoch 7/20, batch 1400/7658, loss=0.03259
AlexNet epoch 7/20, batch 1500/7658, loss=0.03222
AlexNet epoch 7/20, batch 1600/7658, loss=0.03228
AlexNet epoch 7/20, batch 1700/7658, loss=0.03208
AlexNet epoch 7/20, batch 1800/7658, loss=0.03213
AlexNet epoch 7/20, batch 1900/7658, loss=0.03261
AlexNet epoch 7/20, batch 2000/7658, loss=0.03297
AlexNet epoch 7/20, batch 2100/7658, loss=0.03291
AlexNet epoch 7/20, batch 2200/7658, loss=0.03297
AlexNet epoch 7/20, batch 2300/7658, loss=0.03401
AlexNet epoch 7/20, batch 2400/7658, loss=0.03400
AlexNet epoch 7/20, batch 2500/7658, loss=0.03424
AlexNet epoch 7/20, batch 2600/7658, loss=0.03469
AlexNet epoch 7/20, batch 2700/7658, loss=0.03441
AlexNet epoch 7/20, batch 2800/7658, loss=0.03426
AlexNet epoch 7/20, batch 2900/7658, loss=0.03422
AlexNet epoch 7/20, batch 3000/7658, loss=0.03410
AlexNet epoch 7/20, batch 3100/7658, loss=0.03367
AlexNet epoch 7/20, batch 3200/7658, loss=0.03514
AlexNet epoch 7/20, batch 3300/7658, loss=0.03519
AlexNet epoch 7/20, batch 3400/7658, loss=0.03515
AlexNet epoch 7/20, batch 3500/7658, loss=0.03517
AlexNet epoch 7/20, batch 3600/7658, loss=0.03480
AlexNet epoch 7/20, batch 3700/7658, loss=0.03518
AlexNet epoch 7/20, batch 3800/7658, loss=0.03530
AlexNet epoch 7/20, batch 3900/7658, loss=0.03544
AlexNet epoch 7/20, batch 4000/7658, loss=0.03555
AlexNet epoch 7/20, batch 4100/7658, loss=0.03572
AlexNet epoch 7/20, batch 4200/7658, loss=0.03564
AlexNet epoch 7/20, batch 4300/7658, loss=0.03534
AlexNet epoch 7/20, batch 4400/7658, loss=0.03526
AlexNet epoch 7/20, batch 4500/7658, loss=0.03501
AlexNet epoch 7/20, batch 4600/7658, loss=0.03525
AlexNet epoch 7/20, batch 4700/7658, loss=0.03511
AlexNet epoch 7/20, batch 4800/7658, loss=0.03486
AlexNet epoch 7/20, batch 4900/7658, loss=0.03498
AlexNet epoch 7/20, batch 5000/7658, loss=0.03546
AlexNet epoch 7/20, batch 5100/7658, loss=0.03554
AlexNet epoch 7/20, batch 5200/7658, loss=0.03539
AlexNet epoch 7/20, batch 5300/7658, loss=0.03534
AlexNet epoch 7/20, batch 5400/7658, loss=0.03525
AlexNet epoch 7/20, batch 5500/7658, loss=0.03537
AlexNet epoch 7/20, batch 5600/7658, loss=0.03568
AlexNet epoch 7/20, batch 5700/7658, loss=0.03531
AlexNet epoch 7/20, batch 5800/7658, loss=0.03522
AlexNet epoch 7/20, batch 5900/7658, loss=0.03492
AlexNet epoch 7/20, batch 6000/7658, loss=0.03467
AlexNet epoch 7/20, batch 6100/7658, loss=0.03470
AlexNet epoch 7/20, batch 6200/7658, loss=0.03462
AlexNet epoch 7/20, batch 6300/7658, loss=0.03473
AlexNet epoch 7/20, batch 6400/7658, loss=0.03469
AlexNet epoch 7/20, batch 6500/7658, loss=0.03469
AlexNet epoch 7/20, batch 6600/7658, loss=0.03456
AlexNet epoch 7/20, batch 6700/7658, loss=0.03441
AlexNet epoch 7/20, batch 6800/7658, loss=0.03432
AlexNet epoch 7/20, batch 6900/7658, loss=0.03448
AlexNet epoch 7/20, batch 7000/7658, loss=0.03461
AlexNet epoch 7/20, batch 7100/7658, loss=0.03472
AlexNet epoch 7/20, batch 7200/7658, loss=0.03480
AlexNet epoch 7/20, batch 7300/7658, loss=0.03486
AlexNet epoch 7/20, batch 7400/7658, loss=0.03498
AlexNet epoch 7/20, batch 7500/7658, loss=0.03490
AlexNet epoch 7/20, batch 7600/7658, loss=0.03475
AlexNet epoch 7/20, batch 7658/7658, loss=0.03469
AlexNet epoch 7: validation macro F1=0.70034
AlexNet epoch 8/20, batch 100/7658, loss=0.02397
AlexNet epoch 8/20, batch 200/7658, loss=0.02921
AlexNet epoch 8/20, batch 300/7658, loss=0.02829
AlexNet epoch 8/20, batch 400/7658, loss=0.02838
AlexNet epoch 8/20, batch 500/7658, loss=0.03140
AlexNet epoch 8/20, batch 600/7658, loss=0.03013
AlexNet epoch 8/20, batch 700/7658, loss=0.02886
AlexNet epoch 8/20, batch 800/7658, loss=0.02898
AlexNet epoch 8/20, batch 900/7658, loss=0.02943
AlexNet epoch 8/20, batch 1000/7658, loss=0.02935
AlexNet epoch 8/20, batch 1100/7658, loss=0.02921
AlexNet epoch 8/20, batch 1200/7658, loss=0.02869
AlexNet epoch 8/20, batch 1300/7658, loss=0.02851
AlexNet epoch 8/20, batch 1400/7658, loss=0.02859
AlexNet epoch 8/20, batch 1500/7658, loss=0.02780
AlexNet epoch 8/20, batch 1600/7658, loss=0.02732
AlexNet epoch 8/20, batch 1700/7658, loss=0.02663
AlexNet epoch 8/20, batch 1800/7658, loss=0.02691
AlexNet epoch 8/20, batch 1900/7658, loss=0.02677
AlexNet epoch 8/20, batch 2000/7658, loss=0.02763
AlexNet epoch 8/20, batch 2100/7658, loss=0.02838
AlexNet epoch 8/20, batch 2200/7658, loss=0.02848
AlexNet epoch 8/20, batch 2300/7658, loss=0.02846
AlexNet epoch 8/20, batch 2400/7658, loss=0.02833
AlexNet epoch 8/20, batch 2500/7658, loss=0.02964
AlexNet epoch 8/20, batch 2600/7658, loss=0.02967
AlexNet epoch 8/20, batch 2700/7658, loss=0.02930
AlexNet epoch 8/20, batch 2800/7658, loss=0.02912
AlexNet epoch 8/20, batch 2900/7658, loss=0.02907
AlexNet epoch 8/20, batch 3000/7658, loss=0.02891
AlexNet epoch 8/20, batch 3100/7658, loss=0.02896
AlexNet epoch 8/20, batch 3200/7658, loss=0.02886
AlexNet epoch 8/20, batch 3300/7658, loss=0.02870
AlexNet epoch 8/20, batch 3400/7658, loss=0.02880
AlexNet epoch 8/20, batch 3500/7658, loss=0.02932
AlexNet epoch 8/20, batch 3600/7658, loss=0.02899
AlexNet epoch 8/20, batch 3700/7658, loss=0.02893
AlexNet epoch 8/20, batch 3800/7658, loss=0.02864
AlexNet epoch 8/20, batch 3900/7658, loss=0.02891
AlexNet epoch 8/20, batch 4000/7658, loss=0.02872
AlexNet epoch 8/20, batch 4100/7658, loss=0.02926
AlexNet epoch 8/20, batch 4200/7658, loss=0.02906
AlexNet epoch 8/20, batch 4300/7658, loss=0.02914
AlexNet epoch 8/20, batch 4400/7658, loss=0.02898
AlexNet epoch 8/20, batch 4500/7658, loss=0.02904
AlexNet epoch 8/20, batch 4600/7658, loss=0.02897
AlexNet epoch 8/20, batch 4700/7658, loss=0.02902
AlexNet epoch 8/20, batch 4800/7658, loss=0.02909
AlexNet epoch 8/20, batch 4900/7658, loss=0.02909
AlexNet epoch 8/20, batch 5000/7658, loss=0.02919
AlexNet epoch 8/20, batch 5100/7658, loss=0.02918
AlexNet epoch 8/20, batch 5200/7658, loss=0.02937
AlexNet epoch 8/20, batch 5300/7658, loss=0.02941
AlexNet epoch 8/20, batch 5400/7658, loss=0.02931
AlexNet epoch 8/20, batch 5500/7658, loss=0.02939
AlexNet epoch 8/20, batch 5600/7658, loss=0.02938
AlexNet epoch 8/20, batch 5700/7658, loss=0.02968
AlexNet epoch 8/20, batch 5800/7658, loss=0.02954
AlexNet epoch 8/20, batch 5900/7658, loss=0.02953
AlexNet epoch 8/20, batch 6000/7658, loss=0.03002
AlexNet epoch 8/20, batch 6100/7658, loss=0.02999
AlexNet epoch 8/20, batch 6200/7658, loss=0.02998
AlexNet epoch 8/20, batch 6300/7658, loss=0.02996
AlexNet epoch 8/20, batch 6400/7658, loss=0.02993
AlexNet epoch 8/20, batch 6500/7658, loss=0.02986
AlexNet epoch 8/20, batch 6600/7658, loss=0.02999
AlexNet epoch 8/20, batch 6700/7658, loss=0.03002
AlexNet epoch 8/20, batch 6800/7658, loss=0.03010
AlexNet epoch 8/20, batch 6900/7658, loss=0.02998
AlexNet epoch 8/20, batch 7000/7658, loss=0.02991
AlexNet epoch 8/20, batch 7100/7658, loss=0.03019
AlexNet epoch 8/20, batch 7200/7658, loss=0.03025
AlexNet epoch 8/20, batch 7300/7658, loss=0.03023
AlexNet epoch 8/20, batch 7400/7658, loss=0.03008
AlexNet epoch 8/20, batch 7500/7658, loss=0.02991
AlexNet epoch 8/20, batch 7600/7658, loss=0.02989
AlexNet epoch 8/20, batch 7658/7658, loss=0.02993
AlexNet epoch 8: validation macro F1=0.71040
AlexNet epoch 9/20, batch 100/7658, loss=0.03191
AlexNet epoch 9/20, batch 200/7658, loss=0.03256
AlexNet epoch 9/20, batch 300/7658, loss=0.02971
AlexNet epoch 9/20, batch 400/7658, loss=0.02758
AlexNet epoch 9/20, batch 500/7658, loss=0.02936
AlexNet epoch 9/20, batch 600/7658, loss=0.02720
AlexNet epoch 9/20, batch 700/7658, loss=0.02824
AlexNet epoch 9/20, batch 800/7658, loss=0.02718
AlexNet epoch 9/20, batch 900/7658, loss=0.02673
AlexNet epoch 9/20, batch 1000/7658, loss=0.02665
AlexNet epoch 9/20, batch 1100/7658, loss=0.02536
AlexNet epoch 9/20, batch 1200/7658, loss=0.02529
AlexNet epoch 9/20, batch 1300/7658, loss=0.02613
AlexNet epoch 9/20, batch 1400/7658, loss=0.02614
AlexNet epoch 9/20, batch 1500/7658, loss=0.02592
AlexNet epoch 9/20, batch 1600/7658, loss=0.02631
AlexNet epoch 9/20, batch 1700/7658, loss=0.02722
AlexNet epoch 9/20, batch 1800/7658, loss=0.02715
AlexNet epoch 9/20, batch 1900/7658, loss=0.02680
AlexNet epoch 9/20, batch 2000/7658, loss=0.02653
AlexNet epoch 9/20, batch 2100/7658, loss=0.02632
AlexNet epoch 9/20, batch 2200/7658, loss=0.02609
AlexNet epoch 9/20, batch 2300/7658, loss=0.02596
AlexNet epoch 9/20, batch 2400/7658, loss=0.02609
AlexNet epoch 9/20, batch 2500/7658, loss=0.02588
AlexNet epoch 9/20, batch 2600/7658, loss=0.02564
AlexNet epoch 9/20, batch 2700/7658, loss=0.02527
AlexNet epoch 9/20, batch 2800/7658, loss=0.02564
AlexNet epoch 9/20, batch 2900/7658, loss=0.02572
AlexNet epoch 9/20, batch 3000/7658, loss=0.02590
AlexNet epoch 9/20, batch 3100/7658, loss=0.02587
AlexNet epoch 9/20, batch 3200/7658, loss=0.02595
AlexNet epoch 9/20, batch 3300/7658, loss=0.02569
AlexNet epoch 9/20, batch 3400/7658, loss=0.02568
AlexNet epoch 9/20, batch 3500/7658, loss=0.02533
AlexNet epoch 9/20, batch 3600/7658, loss=0.02529
AlexNet epoch 9/20, batch 3700/7658, loss=0.02518
AlexNet epoch 9/20, batch 3800/7658, loss=0.02522
AlexNet epoch 9/20, batch 3900/7658, loss=0.02534
AlexNet epoch 9/20, batch 4000/7658, loss=0.02567
AlexNet epoch 9/20, batch 4100/7658, loss=0.02566
AlexNet epoch 9/20, batch 4200/7658, loss=0.02549
AlexNet epoch 9/20, batch 4300/7658, loss=0.02546
AlexNet epoch 9/20, batch 4400/7658, loss=0.02563
AlexNet epoch 9/20, batch 4500/7658, loss=0.02552
AlexNet epoch 9/20, batch 4600/7658, loss=0.02537
AlexNet epoch 9/20, batch 4700/7658, loss=0.02531
AlexNet epoch 9/20, batch 4800/7658, loss=0.02566
AlexNet epoch 9/20, batch 4900/7658, loss=0.02566
AlexNet epoch 9/20, batch 5000/7658, loss=0.02553
AlexNet epoch 9/20, batch 5100/7658, loss=0.02546
AlexNet epoch 9/20, batch 5200/7658, loss=0.02574
AlexNet epoch 9/20, batch 5300/7658, loss=0.02586
AlexNet epoch 9/20, batch 5400/7658, loss=0.02587
AlexNet epoch 9/20, batch 5500/7658, loss=0.02596
AlexNet epoch 9/20, batch 5600/7658, loss=0.02588
AlexNet epoch 9/20, batch 5700/7658, loss=0.02591
AlexNet epoch 9/20, batch 5800/7658, loss=0.02586
AlexNet epoch 9/20, batch 5900/7658, loss=0.02575
AlexNet epoch 9/20, batch 6000/7658, loss=0.02577
AlexNet epoch 9/20, batch 6100/7658, loss=0.02592
AlexNet epoch 9/20, batch 6200/7658, loss=0.02599
AlexNet epoch 9/20, batch 6300/7658, loss=0.02597
AlexNet epoch 9/20, batch 6400/7658, loss=0.02605
AlexNet epoch 9/20, batch 6500/7658, loss=0.02612
AlexNet epoch 9/20, batch 6600/7658, loss=0.02614
AlexNet epoch 9/20, batch 6700/7658, loss=0.02607
AlexNet epoch 9/20, batch 6800/7658, loss=0.02610
AlexNet epoch 9/20, batch 6900/7658, loss=0.02599
AlexNet epoch 9/20, batch 7000/7658, loss=0.02623
AlexNet epoch 9/20, batch 7100/7658, loss=0.02630
AlexNet epoch 9/20, batch 7200/7658, loss=0.02633
AlexNet epoch 9/20, batch 7300/7658, loss=0.02637
AlexNet epoch 9/20, batch 7400/7658, loss=0.02636
AlexNet epoch 9/20, batch 7500/7658, loss=0.02630
AlexNet epoch 9/20, batch 7600/7658, loss=0.02638
AlexNet epoch 9/20, batch 7658/7658, loss=0.02637
AlexNet epoch 9: validation macro F1=0.70570
AlexNet epoch 10/20, batch 100/7658, loss=0.01847
AlexNet epoch 10/20, batch 200/7658, loss=0.01689
AlexNet epoch 10/20, batch 300/7658, loss=0.01946
AlexNet epoch 10/20, batch 400/7658, loss=0.01849
AlexNet epoch 10/20, batch 500/7658, loss=0.01971
AlexNet epoch 10/20, batch 600/7658, loss=0.02129
AlexNet epoch 10/20, batch 700/7658, loss=0.02226
AlexNet epoch 10/20, batch 800/7658, loss=0.02223
AlexNet epoch 10/20, batch 900/7658, loss=0.02290
AlexNet epoch 10/20, batch 1000/7658, loss=0.02281
AlexNet epoch 10/20, batch 1100/7658, loss=0.02301
AlexNet epoch 10/20, batch 1200/7658, loss=0.02281
AlexNet epoch 10/20, batch 1300/7658, loss=0.02248
AlexNet epoch 10/20, batch 1400/7658, loss=0.02235
AlexNet epoch 10/20, batch 1500/7658, loss=0.02254
AlexNet epoch 10/20, batch 1600/7658, loss=0.02248
AlexNet epoch 10/20, batch 1700/7658, loss=0.02268
AlexNet epoch 10/20, batch 1800/7658, loss=0.02328
AlexNet epoch 10/20, batch 1900/7658, loss=0.02303
AlexNet epoch 10/20, batch 2000/7658, loss=0.02349
AlexNet epoch 10/20, batch 2100/7658, loss=0.02338
AlexNet epoch 10/20, batch 2200/7658, loss=0.02397
AlexNet epoch 10/20, batch 2300/7658, loss=0.02457
AlexNet epoch 10/20, batch 2400/7658, loss=0.02501
AlexNet epoch 10/20, batch 2500/7658, loss=0.02552
AlexNet epoch 10/20, batch 2600/7658, loss=0.02526
AlexNet epoch 10/20, batch 2700/7658, loss=0.02550
AlexNet epoch 10/20, batch 2800/7658, loss=0.02503
AlexNet epoch 10/20, batch 2900/7658, loss=0.02478
AlexNet epoch 10/20, batch 3000/7658, loss=0.02457
AlexNet epoch 10/20, batch 3100/7658, loss=0.02434
AlexNet epoch 10/20, batch 3200/7658, loss=0.02412
AlexNet epoch 10/20, batch 3300/7658, loss=0.02388
AlexNet epoch 10/20, batch 3400/7658, loss=0.02400
AlexNet epoch 10/20, batch 3500/7658, loss=0.02401
AlexNet epoch 10/20, batch 3600/7658, loss=0.02398
AlexNet epoch 10/20, batch 3700/7658, loss=0.02396
AlexNet epoch 10/20, batch 3800/7658, loss=0.02374
AlexNet epoch 10/20, batch 3900/7658, loss=0.02386
AlexNet epoch 10/20, batch 4000/7658, loss=0.02393
AlexNet epoch 10/20, batch 4100/7658, loss=0.02405
AlexNet epoch 10/20, batch 4200/7658, loss=0.02391
AlexNet epoch 10/20, batch 4300/7658, loss=0.02367
AlexNet epoch 10/20, batch 4400/7658, loss=0.02344
AlexNet epoch 10/20, batch 4500/7658, loss=0.02356
AlexNet epoch 10/20, batch 4600/7658, loss=0.02359
AlexNet epoch 10/20, batch 4700/7658, loss=0.02374
AlexNet epoch 10/20, batch 4800/7658, loss=0.02383
AlexNet epoch 10/20, batch 4900/7658, loss=0.02367
AlexNet epoch 10/20, batch 5000/7658, loss=0.02356
AlexNet epoch 10/20, batch 5100/7658, loss=0.02367
AlexNet epoch 10/20, batch 5200/7658, loss=0.02389
AlexNet epoch 10/20, batch 5300/7658, loss=0.02380
AlexNet epoch 10/20, batch 5400/7658, loss=0.02392
AlexNet epoch 10/20, batch 5500/7658, loss=0.02397
AlexNet epoch 10/20, batch 5600/7658, loss=0.02409
AlexNet epoch 10/20, batch 5700/7658, loss=0.02395
AlexNet epoch 10/20, batch 5800/7658, loss=0.02380
AlexNet epoch 10/20, batch 5900/7658, loss=0.02383
AlexNet epoch 10/20, batch 6000/7658, loss=0.02367
AlexNet epoch 10/20, batch 6100/7658, loss=0.02369
AlexNet epoch 10/20, batch 6200/7658, loss=0.02362
AlexNet epoch 10/20, batch 6300/7658, loss=0.02358
AlexNet epoch 10/20, batch 6400/7658, loss=0.02380
AlexNet epoch 10/20, batch 6500/7658, loss=0.02414
AlexNet epoch 10/20, batch 6600/7658, loss=0.02426
AlexNet epoch 10/20, batch 6700/7658, loss=0.02431
AlexNet epoch 10/20, batch 6800/7658, loss=0.02433
AlexNet epoch 10/20, batch 6900/7658, loss=0.02434
AlexNet epoch 10/20, batch 7000/7658, loss=0.02435
AlexNet epoch 10/20, batch 7100/7658, loss=0.02428
AlexNet epoch 10/20, batch 7200/7658, loss=0.02428
AlexNet epoch 10/20, batch 7300/7658, loss=0.02436
AlexNet epoch 10/20, batch 7400/7658, loss=0.02443
AlexNet epoch 10/20, batch 7500/7658, loss=0.02448
AlexNet epoch 10/20, batch 7600/7658, loss=0.02450
AlexNet epoch 10/20, batch 7658/7658, loss=0.02449
AlexNet epoch 10: validation macro F1=0.71288
AlexNet epoch 11/20, batch 100/7658, loss=0.01309
AlexNet epoch 11/20, batch 200/7658, loss=0.01383
AlexNet epoch 11/20, batch 300/7658, loss=0.01333
AlexNet epoch 11/20, batch 400/7658, loss=0.01254
AlexNet epoch 11/20, batch 500/7658, loss=0.01332
AlexNet epoch 11/20, batch 600/7658, loss=0.01357
AlexNet epoch 11/20, batch 700/7658, loss=0.01486
AlexNet epoch 11/20, batch 800/7658, loss=0.01596
AlexNet epoch 11/20, batch 900/7658, loss=0.01662
AlexNet epoch 11/20, batch 1000/7658, loss=0.01845
AlexNet epoch 11/20, batch 1100/7658, loss=0.01997
AlexNet epoch 11/20, batch 1200/7658, loss=0.02037
AlexNet epoch 11/20, batch 1300/7658, loss=0.02004
AlexNet epoch 11/20, batch 1400/7658, loss=0.02026
AlexNet epoch 11/20, batch 1500/7658, loss=0.02065
AlexNet epoch 11/20, batch 1600/7658, loss=0.02073
AlexNet epoch 11/20, batch 1700/7658, loss=0.02037
AlexNet epoch 11/20, batch 1800/7658, loss=0.02024
AlexNet epoch 11/20, batch 1900/7658, loss=0.02077
AlexNet epoch 11/20, batch 2000/7658, loss=0.02164
AlexNet epoch 11/20, batch 2100/7658, loss=0.02177
AlexNet epoch 11/20, batch 2200/7658, loss=0.02134
AlexNet epoch 11/20, batch 2300/7658, loss=0.02102
AlexNet epoch 11/20, batch 2400/7658, loss=0.02121
AlexNet epoch 11/20, batch 2500/7658, loss=0.02108
AlexNet epoch 11/20, batch 2600/7658, loss=0.02093
AlexNet epoch 11/20, batch 2700/7658, loss=0.02138
AlexNet epoch 11/20, batch 2800/7658, loss=0.02112
AlexNet epoch 11/20, batch 2900/7658, loss=0.02094
AlexNet epoch 11/20, batch 3000/7658, loss=0.02143
AlexNet epoch 11/20, batch 3100/7658, loss=0.02210
AlexNet epoch 11/20, batch 3200/7658, loss=0.02219
AlexNet epoch 11/20, batch 3300/7658, loss=0.02206
AlexNet epoch 11/20, batch 3400/7658, loss=0.02236
AlexNet epoch 11/20, batch 3500/7658, loss=0.02235
AlexNet epoch 11/20, batch 3600/7658, loss=0.02217
AlexNet epoch 11/20, batch 3700/7658, loss=0.02215
AlexNet epoch 11/20, batch 3800/7658, loss=0.02208
AlexNet epoch 11/20, batch 3900/7658, loss=0.02206
AlexNet epoch 11/20, batch 4000/7658, loss=0.02204
AlexNet epoch 11/20, batch 4100/7658, loss=0.02196
AlexNet epoch 11/20, batch 4200/7658, loss=0.02183
AlexNet epoch 11/20, batch 4300/7658, loss=0.02176
AlexNet epoch 11/20, batch 4400/7658, loss=0.02164
AlexNet epoch 11/20, batch 4500/7658, loss=0.02158
AlexNet epoch 11/20, batch 4600/7658, loss=0.02162
AlexNet epoch 11/20, batch 4700/7658, loss=0.02149
AlexNet epoch 11/20, batch 4800/7658, loss=0.02154
AlexNet epoch 11/20, batch 4900/7658, loss=0.02159
AlexNet epoch 11/20, batch 5000/7658, loss=0.02149
AlexNet epoch 11/20, batch 5100/7658, loss=0.02144
AlexNet epoch 11/20, batch 5200/7658, loss=0.02144
AlexNet epoch 11/20, batch 5300/7658, loss=0.02136
AlexNet epoch 11/20, batch 5400/7658, loss=0.02152
AlexNet epoch 11/20, batch 5500/7658, loss=0.02184
AlexNet epoch 11/20, batch 5600/7658, loss=0.02197
AlexNet epoch 11/20, batch 5700/7658, loss=0.02204
AlexNet epoch 11/20, batch 5800/7658, loss=0.02199
AlexNet epoch 11/20, batch 5900/7658, loss=0.02194
AlexNet epoch 11/20, batch 6000/7658, loss=0.02200
AlexNet epoch 11/20, batch 6100/7658, loss=0.02192
AlexNet epoch 11/20, batch 6200/7658, loss=0.02196
AlexNet epoch 11/20, batch 6300/7658, loss=0.02199
AlexNet epoch 11/20, batch 6400/7658, loss=0.02188
AlexNet epoch 11/20, batch 6500/7658, loss=0.02194
AlexNet epoch 11/20, batch 6600/7658, loss=0.02189
AlexNet epoch 11/20, batch 6700/7658, loss=0.02189
AlexNet epoch 11/20, batch 6800/7658, loss=0.02201
AlexNet epoch 11/20, batch 6900/7658, loss=0.02196
AlexNet epoch 11/20, batch 7000/7658, loss=0.02195
AlexNet epoch 11/20, batch 7100/7658, loss=0.02191
AlexNet epoch 11/20, batch 7200/7658, loss=0.02184
AlexNet epoch 11/20, batch 7300/7658, loss=0.02210
AlexNet epoch 11/20, batch 7400/7658, loss=0.02221
AlexNet epoch 11/20, batch 7500/7658, loss=0.02227
AlexNet epoch 11/20, batch 7600/7658, loss=0.02229
AlexNet epoch 11/20, batch 7658/7658, loss=0.02236
AlexNet epoch 11: validation macro F1=0.70525
AlexNet epoch 12/20, batch 100/7658, loss=0.01694
AlexNet epoch 12/20, batch 200/7658, loss=0.01841
AlexNet epoch 12/20, batch 300/7658, loss=0.02411
AlexNet epoch 12/20, batch 400/7658, loss=0.02435
AlexNet epoch 12/20, batch 500/7658, loss=0.02290
AlexNet epoch 12/20, batch 600/7658, loss=0.02379
AlexNet epoch 12/20, batch 700/7658, loss=0.02536
AlexNet epoch 12/20, batch 800/7658, loss=0.02546
AlexNet epoch 12/20, batch 900/7658, loss=0.02418
AlexNet epoch 12/20, batch 1000/7658, loss=0.02313
AlexNet epoch 12/20, batch 1100/7658, loss=0.02268
AlexNet epoch 12/20, batch 1200/7658, loss=0.02195
AlexNet epoch 12/20, batch 1300/7658, loss=0.02126
AlexNet epoch 12/20, batch 1400/7658, loss=0.02086
AlexNet epoch 12/20, batch 1500/7658, loss=0.02081
AlexNet epoch 12/20, batch 1600/7658, loss=0.02064
AlexNet epoch 12/20, batch 1700/7658, loss=0.02090
AlexNet epoch 12/20, batch 1800/7658, loss=0.02057
AlexNet epoch 12/20, batch 1900/7658, loss=0.02169
AlexNet epoch 12/20, batch 2000/7658, loss=0.02182
AlexNet epoch 12/20, batch 2100/7658, loss=0.02195
AlexNet epoch 12/20, batch 2200/7658, loss=0.02179
AlexNet epoch 12/20, batch 2300/7658, loss=0.02146
AlexNet epoch 12/20, batch 2400/7658, loss=0.02115
AlexNet epoch 12/20, batch 2500/7658, loss=0.02091
AlexNet epoch 12/20, batch 2600/7658, loss=0.02088
AlexNet epoch 12/20, batch 2700/7658, loss=0.02103
AlexNet epoch 12/20, batch 2800/7658, loss=0.02108
AlexNet epoch 12/20, batch 2900/7658, loss=0.02103
AlexNet epoch 12/20, batch 3000/7658, loss=0.02098
AlexNet epoch 12/20, batch 3100/7658, loss=0.02092
AlexNet epoch 12/20, batch 3200/7658, loss=0.02126
AlexNet epoch 12/20, batch 3300/7658, loss=0.02103
AlexNet epoch 12/20, batch 3400/7658, loss=0.02108
AlexNet epoch 12/20, batch 3500/7658, loss=0.02098
AlexNet epoch 12/20, batch 3600/7658, loss=0.02106
AlexNet epoch 12/20, batch 3700/7658, loss=0.02098
AlexNet epoch 12/20, batch 3800/7658, loss=0.02091
AlexNet epoch 12/20, batch 3900/7658, loss=0.02158
AlexNet epoch 12/20, batch 4000/7658, loss=0.02157
AlexNet epoch 12/20, batch 4100/7658, loss=0.02134
AlexNet epoch 12/20, batch 4200/7658, loss=0.02115
AlexNet epoch 12/20, batch 4300/7658, loss=0.02110
AlexNet epoch 12/20, batch 4400/7658, loss=0.02095
AlexNet epoch 12/20, batch 4500/7658, loss=0.02082
AlexNet epoch 12/20, batch 4600/7658, loss=0.02071
AlexNet epoch 12/20, batch 4700/7658, loss=0.02072
AlexNet epoch 12/20, batch 4800/7658, loss=0.02057
AlexNet epoch 12/20, batch 4900/7658, loss=0.02048
AlexNet epoch 12/20, batch 5000/7658, loss=0.02043
AlexNet epoch 12/20, batch 5100/7658, loss=0.02069
AlexNet epoch 12/20, batch 5200/7658, loss=0.02058
AlexNet epoch 12/20, batch 5300/7658, loss=0.02041
AlexNet epoch 12/20, batch 5400/7658, loss=0.02033
AlexNet epoch 12/20, batch 5500/7658, loss=0.02035
AlexNet epoch 12/20, batch 5600/7658, loss=0.02027
AlexNet epoch 12/20, batch 5700/7658, loss=0.02016
AlexNet epoch 12/20, batch 5800/7658, loss=0.02008
AlexNet epoch 12/20, batch 5900/7658, loss=0.02001
AlexNet epoch 12/20, batch 6000/7658, loss=0.02030
AlexNet epoch 12/20, batch 6100/7658, loss=0.02033
AlexNet epoch 12/20, batch 6200/7658, loss=0.02030
AlexNet epoch 12/20, batch 6300/7658, loss=0.02020
AlexNet epoch 12/20, batch 6400/7658, loss=0.02018
AlexNet epoch 12/20, batch 6500/7658, loss=0.02019
AlexNet epoch 12/20, batch 6600/7658, loss=0.02030
AlexNet epoch 12/20, batch 6700/7658, loss=0.02022
AlexNet epoch 12/20, batch 6800/7658, loss=0.02032
AlexNet epoch 12/20, batch 6900/7658, loss=0.02034
AlexNet epoch 12/20, batch 7000/7658, loss=0.02045
AlexNet epoch 12/20, batch 7100/7658, loss=0.02040
AlexNet epoch 12/20, batch 7200/7658, loss=0.02051
AlexNet epoch 12/20, batch 7300/7658, loss=0.02049
AlexNet epoch 12/20, batch 7400/7658, loss=0.02045
AlexNet epoch 12/20, batch 7500/7658, loss=0.02048
AlexNet epoch 12/20, batch 7600/7658, loss=0.02050
AlexNet epoch 12/20, batch 7658/7658, loss=0.02045
AlexNet epoch 12: validation macro F1=0.70433
AlexNet epoch 13/20, batch 100/7658, loss=0.01731
AlexNet epoch 13/20, batch 200/7658, loss=0.01555
AlexNet epoch 13/20, batch 300/7658, loss=0.01455
AlexNet epoch 13/20, batch 400/7658, loss=0.01476
AlexNet epoch 13/20, batch 500/7658, loss=0.01488
AlexNet epoch 13/20, batch 600/7658, loss=0.01592
AlexNet epoch 13/20, batch 700/7658, loss=0.01611
AlexNet epoch 13/20, batch 800/7658, loss=0.01644
AlexNet epoch 13/20, batch 900/7658, loss=0.01595
AlexNet epoch 13/20, batch 1000/7658, loss=0.01577
AlexNet epoch 13/20, batch 1100/7658, loss=0.01705
AlexNet epoch 13/20, batch 1200/7658, loss=0.01662
AlexNet epoch 13/20, batch 1300/7658, loss=0.01707
AlexNet epoch 13/20, batch 1400/7658, loss=0.01717
AlexNet epoch 13/20, batch 1500/7658, loss=0.01694
AlexNet epoch 13/20, batch 1600/7658, loss=0.01776
AlexNet epoch 13/20, batch 1700/7658, loss=0.01841
AlexNet epoch 13/20, batch 1800/7658, loss=0.01832
AlexNet epoch 13/20, batch 1900/7658, loss=0.01802
AlexNet epoch 13/20, batch 2000/7658, loss=0.01807
AlexNet epoch 13/20, batch 2100/7658, loss=0.01834
AlexNet epoch 13/20, batch 2200/7658, loss=0.01847
AlexNet epoch 13/20, batch 2300/7658, loss=0.01878
AlexNet epoch 13/20, batch 2400/7658, loss=0.01832
AlexNet epoch 13/20, batch 2500/7658, loss=0.01806
AlexNet epoch 13/20, batch 2600/7658, loss=0.01820
AlexNet epoch 13/20, batch 2700/7658, loss=0.01853
AlexNet epoch 13/20, batch 2800/7658, loss=0.01829
AlexNet epoch 13/20, batch 2900/7658, loss=0.01801
AlexNet epoch 13/20, batch 3000/7658, loss=0.01826
AlexNet epoch 13/20, batch 3100/7658, loss=0.01866
AlexNet epoch 13/20, batch 3200/7658, loss=0.01858
AlexNet epoch 13/20, batch 3300/7658, loss=0.01890
AlexNet epoch 13/20, batch 3400/7658, loss=0.01902
AlexNet epoch 13/20, batch 3500/7658, loss=0.01911
AlexNet epoch 13/20, batch 3600/7658, loss=0.01911
AlexNet epoch 13/20, batch 3700/7658, loss=0.01901
AlexNet epoch 13/20, batch 3800/7658, loss=0.01884
AlexNet epoch 13/20, batch 3900/7658, loss=0.01865
AlexNet epoch 13/20, batch 4000/7658, loss=0.01857
AlexNet epoch 13/20, batch 4100/7658, loss=0.01885
AlexNet epoch 13/20, batch 4200/7658, loss=0.01879
AlexNet epoch 13/20, batch 4300/7658, loss=0.01894
AlexNet epoch 13/20, batch 4400/7658, loss=0.01890
AlexNet epoch 13/20, batch 4500/7658, loss=0.01885
AlexNet epoch 13/20, batch 4600/7658, loss=0.01872
AlexNet epoch 13/20, batch 4700/7658, loss=0.01864
AlexNet epoch 13/20, batch 4800/7658, loss=0.01877
AlexNet epoch 13/20, batch 4900/7658, loss=0.01876
AlexNet epoch 13/20, batch 5000/7658, loss=0.01864
AlexNet epoch 13/20, batch 5100/7658, loss=0.01849
AlexNet epoch 13/20, batch 5200/7658, loss=0.01862
AlexNet epoch 13/20, batch 5300/7658, loss=0.01862
AlexNet epoch 13/20, batch 5400/7658, loss=0.01847
AlexNet epoch 13/20, batch 5500/7658, loss=0.01845
AlexNet epoch 13/20, batch 5600/7658, loss=0.01844
AlexNet epoch 13/20, batch 5700/7658, loss=0.01861
AlexNet epoch 13/20, batch 5800/7658, loss=0.01857
AlexNet epoch 13/20, batch 5900/7658, loss=0.01860
AlexNet epoch 13/20, batch 6000/7658, loss=0.01862
AlexNet epoch 13/20, batch 6100/7658, loss=0.01864
AlexNet epoch 13/20, batch 6200/7658, loss=0.01863
AlexNet epoch 13/20, batch 6300/7658, loss=0.01855
AlexNet epoch 13/20, batch 6400/7658, loss=0.01865
AlexNet epoch 13/20, batch 6500/7658, loss=0.01861
AlexNet epoch 13/20, batch 6600/7658, loss=0.01858
AlexNet epoch 13/20, batch 6700/7658, loss=0.01869
AlexNet epoch 13/20, batch 6800/7658, loss=0.01874
AlexNet epoch 13/20, batch 6900/7658, loss=0.01865
AlexNet epoch 13/20, batch 7000/7658, loss=0.01856
AlexNet epoch 13/20, batch 7100/7658, loss=0.01855
AlexNet epoch 13/20, batch 7200/7658, loss=0.01858
AlexNet epoch 13/20, batch 7300/7658, loss=0.01861
AlexNet epoch 13/20, batch 7400/7658, loss=0.01883
AlexNet epoch 13/20, batch 7500/7658, loss=0.01883
AlexNet epoch 13/20, batch 7600/7658, loss=0.01878
AlexNet epoch 13/20, batch 7658/7658, loss=0.01871
AlexNet epoch 13: validation macro F1=0.71193
AlexNet epoch 14/20, batch 100/7658, loss=0.01909
AlexNet epoch 14/20, batch 200/7658, loss=0.01524
AlexNet epoch 14/20, batch 300/7658, loss=0.01470
AlexNet epoch 14/20, batch 400/7658, loss=0.01496
AlexNet epoch 14/20, batch 500/7658, loss=0.01530
AlexNet epoch 14/20, batch 600/7658, loss=0.01418
AlexNet epoch 14/20, batch 700/7658, loss=0.01484
AlexNet epoch 14/20, batch 800/7658, loss=0.01500
AlexNet epoch 14/20, batch 900/7658, loss=0.01481
AlexNet epoch 14/20, batch 1000/7658, loss=0.01436
AlexNet epoch 14/20, batch 1100/7658, loss=0.01456
AlexNet epoch 14/20, batch 1200/7658, loss=0.01532
AlexNet epoch 14/20, batch 1300/7658, loss=0.01624
AlexNet epoch 14/20, batch 1400/7658, loss=0.01689
AlexNet epoch 14/20, batch 1500/7658, loss=0.01696
AlexNet epoch 14/20, batch 1600/7658, loss=0.01721
AlexNet epoch 14/20, batch 1700/7658, loss=0.01739
AlexNet epoch 14/20, batch 1800/7658, loss=0.01798
AlexNet epoch 14/20, batch 1900/7658, loss=0.01802
AlexNet epoch 14/20, batch 2000/7658, loss=0.01752
AlexNet epoch 14/20, batch 2100/7658, loss=0.01743
AlexNet epoch 14/20, batch 2200/7658, loss=0.01713
AlexNet epoch 14/20, batch 2300/7658, loss=0.01686
AlexNet epoch 14/20, batch 2400/7658, loss=0.01712
AlexNet epoch 14/20, batch 2500/7658, loss=0.01705
AlexNet epoch 14/20, batch 2600/7658, loss=0.01774
AlexNet epoch 14/20, batch 2700/7658, loss=0.01762
AlexNet epoch 14/20, batch 2800/7658, loss=0.01793
AlexNet epoch 14/20, batch 2900/7658, loss=0.01780
AlexNet epoch 14/20, batch 3000/7658, loss=0.01764
AlexNet epoch 14/20, batch 3100/7658, loss=0.01795
AlexNet epoch 14/20, batch 3200/7658, loss=0.01768
AlexNet epoch 14/20, batch 3300/7658, loss=0.01753
AlexNet epoch 14/20, batch 3400/7658, loss=0.01766
AlexNet epoch 14/20, batch 3500/7658, loss=0.01779
AlexNet epoch 14/20, batch 3600/7658, loss=0.01773
AlexNet epoch 14/20, batch 3700/7658, loss=0.01767
AlexNet epoch 14/20, batch 3800/7658, loss=0.01811
AlexNet epoch 14/20, batch 3900/7658, loss=0.01811
AlexNet epoch 14/20, batch 4000/7658, loss=0.01818
AlexNet epoch 14/20, batch 4100/7658, loss=0.01802
AlexNet epoch 14/20, batch 4200/7658, loss=0.01837
AlexNet epoch 14/20, batch 4300/7658, loss=0.01826
AlexNet epoch 14/20, batch 4400/7658, loss=0.01827
AlexNet epoch 14/20, batch 4500/7658, loss=0.01829
AlexNet epoch 14/20, batch 4600/7658, loss=0.01837
AlexNet epoch 14/20, batch 4700/7658, loss=0.01841
AlexNet epoch 14/20, batch 4800/7658, loss=0.01851
AlexNet epoch 14/20, batch 4900/7658, loss=0.01882
AlexNet epoch 14/20, batch 5000/7658, loss=0.01874
AlexNet epoch 14/20, batch 5100/7658, loss=0.01889
AlexNet epoch 14/20, batch 5200/7658, loss=0.01895
AlexNet epoch 14/20, batch 5300/7658, loss=0.01886
AlexNet epoch 14/20, batch 5400/7658, loss=0.01883
AlexNet epoch 14/20, batch 5500/7658, loss=0.01886
AlexNet epoch 14/20, batch 5600/7658, loss=0.01876
AlexNet epoch 14/20, batch 5700/7658, loss=0.01880
AlexNet epoch 14/20, batch 5800/7658, loss=0.01869
AlexNet epoch 14/20, batch 5900/7658, loss=0.01869
AlexNet epoch 14/20, batch 6000/7658, loss=0.01867
AlexNet epoch 14/20, batch 6100/7658, loss=0.01873
AlexNet epoch 14/20, batch 6200/7658, loss=0.01870
AlexNet epoch 14/20, batch 6300/7658, loss=0.01865
AlexNet epoch 14/20, batch 6400/7658, loss=0.01856
AlexNet epoch 14/20, batch 6500/7658, loss=0.01859
AlexNet epoch 14/20, batch 6600/7658, loss=0.01867
AlexNet epoch 14/20, batch 6700/7658, loss=0.01864
AlexNet epoch 14/20, batch 6800/7658, loss=0.01862
AlexNet epoch 14/20, batch 6900/7658, loss=0.01862
AlexNet epoch 14/20, batch 7000/7658, loss=0.01853
AlexNet epoch 14/20, batch 7100/7658, loss=0.01847
AlexNet epoch 14/20, batch 7200/7658, loss=0.01842
AlexNet epoch 14/20, batch 7300/7658, loss=0.01841
AlexNet epoch 14/20, batch 7400/7658, loss=0.01835
AlexNet epoch 14/20, batch 7500/7658, loss=0.01850
AlexNet epoch 14/20, batch 7600/7658, loss=0.01856
AlexNet epoch 14/20, batch 7658/7658, loss=0.01863
AlexNet epoch 14: validation macro F1=0.69404
AlexNet epoch 15/20, batch 100/7658, loss=0.01814
AlexNet epoch 15/20, batch 200/7658, loss=0.01559
AlexNet epoch 15/20, batch 300/7658, loss=0.01349
AlexNet epoch 15/20, batch 400/7658, loss=0.01203
AlexNet epoch 15/20, batch 500/7658, loss=0.01208
AlexNet epoch 15/20, batch 600/7658, loss=0.01232
AlexNet epoch 15/20, batch 700/7658, loss=0.01278
AlexNet epoch 15/20, batch 800/7658, loss=0.01302
AlexNet epoch 15/20, batch 900/7658, loss=0.01325
AlexNet epoch 15/20, batch 1000/7658, loss=0.01397
AlexNet epoch 15/20, batch 1100/7658, loss=0.01422
AlexNet epoch 15/20, batch 1200/7658, loss=0.01428
AlexNet epoch 15/20, batch 1300/7658, loss=0.01397
AlexNet epoch 15/20, batch 1400/7658, loss=0.01440
AlexNet epoch 15/20, batch 1500/7658, loss=0.01474
AlexNet epoch 15/20, batch 1600/7658, loss=0.01464
AlexNet epoch 15/20, batch 1700/7658, loss=0.01475
AlexNet epoch 15/20, batch 1800/7658, loss=0.01576
AlexNet epoch 15/20, batch 1900/7658, loss=0.01641
AlexNet epoch 15/20, batch 2000/7658, loss=0.01649
AlexNet epoch 15/20, batch 2100/7658, loss=0.01670
AlexNet epoch 15/20, batch 2200/7658, loss=0.01639
AlexNet epoch 15/20, batch 2300/7658, loss=0.01627
AlexNet epoch 15/20, batch 2400/7658, loss=0.01599
AlexNet epoch 15/20, batch 2500/7658, loss=0.01577
AlexNet epoch 15/20, batch 2600/7658, loss=0.01542
AlexNet epoch 15/20, batch 2700/7658, loss=0.01528
AlexNet epoch 15/20, batch 2800/7658, loss=0.01525
AlexNet epoch 15/20, batch 2900/7658, loss=0.01509
AlexNet epoch 15/20, batch 3000/7658, loss=0.01497
AlexNet epoch 15/20, batch 3100/7658, loss=0.01551
AlexNet epoch 15/20, batch 3200/7658, loss=0.01544
AlexNet epoch 15/20, batch 3300/7658, loss=0.01543
AlexNet epoch 15/20, batch 3400/7658, loss=0.01597
AlexNet epoch 15/20, batch 3500/7658, loss=0.01603
AlexNet epoch 15/20, batch 3600/7658, loss=0.01588
AlexNet epoch 15/20, batch 3700/7658, loss=0.01601
AlexNet epoch 15/20, batch 3800/7658, loss=0.01591
AlexNet epoch 15/20, batch 3900/7658, loss=0.01590
AlexNet epoch 15/20, batch 4000/7658, loss=0.01581
AlexNet epoch 15/20, batch 4100/7658, loss=0.01573
AlexNet epoch 15/20, batch 4200/7658, loss=0.01568
AlexNet epoch 15/20, batch 4300/7658, loss=0.01562
AlexNet epoch 15/20, batch 4400/7658, loss=0.01554
AlexNet epoch 15/20, batch 4500/7658, loss=0.01554
AlexNet epoch 15/20, batch 4600/7658, loss=0.01560
AlexNet epoch 15/20, batch 4700/7658, loss=0.01574
AlexNet epoch 15/20, batch 4800/7658, loss=0.01562
AlexNet epoch 15/20, batch 4900/7658, loss=0.01553
AlexNet epoch 15/20, batch 5000/7658, loss=0.01558
AlexNet epoch 15/20, batch 5100/7658, loss=0.01568
AlexNet epoch 15/20, batch 5200/7658, loss=0.01575
AlexNet epoch 15/20, batch 5300/7658, loss=0.01569
AlexNet epoch 15/20, batch 5400/7658, loss=0.01575
AlexNet epoch 15/20, batch 5500/7658, loss=0.01572
AlexNet epoch 15/20, batch 5600/7658, loss=0.01573
AlexNet epoch 15/20, batch 5700/7658, loss=0.01580
AlexNet epoch 15/20, batch 5800/7658, loss=0.01603
AlexNet epoch 15/20, batch 5900/7658, loss=0.01611
AlexNet epoch 15/20, batch 6000/7658, loss=0.01636
AlexNet epoch 15/20, batch 6100/7658, loss=0.01649
AlexNet epoch 15/20, batch 6200/7658, loss=0.01657
AlexNet epoch 15/20, batch 6300/7658, loss=0.01661
AlexNet epoch 15/20, batch 6400/7658, loss=0.01657
AlexNet epoch 15/20, batch 6500/7658, loss=0.01655
AlexNet epoch 15/20, batch 6600/7658, loss=0.01652
AlexNet epoch 15/20, batch 6700/7658, loss=0.01648
AlexNet epoch 15/20, batch 6800/7658, loss=0.01638
AlexNet epoch 15/20, batch 6900/7658, loss=0.01632
AlexNet epoch 15/20, batch 7000/7658, loss=0.01630
AlexNet epoch 15/20, batch 7100/7658, loss=0.01632
AlexNet epoch 15/20, batch 7200/7658, loss=0.01637
AlexNet epoch 15/20, batch 7300/7658, loss=0.01636
AlexNet epoch 15/20, batch 7400/7658, loss=0.01641
AlexNet epoch 15/20, batch 7500/7658, loss=0.01645
AlexNet epoch 15/20, batch 7600/7658, loss=0.01639
AlexNet epoch 15/20, batch 7658/7658, loss=0.01641
AlexNet epoch 15: validation macro F1=0.70007
Extracted 16/179305 slices
Extracted 32/179305 slices
Extracted 48/179305 slices
Extracted 64/179305 slices
Extracted 80/179305 slices
Extracted 96/179305 slices
Extracted 112/179305 slices
Extracted 128/179305 slices
Extracted 144/179305 slices
Extracted 160/179305 slices
Extracted 176/179305 slices
Extracted 192/179305 slices
Extracted 208/179305 slices
Extracted 224/179305 slices
Extracted 240/179305 slices
Extracted 256/179305 slices
Extracted 272/179305 slices
Extracted 288/179305 slices
Extracted 304/179305 slices
Extracted 320/179305 slices
Extracted 336/179305 slices
Extracted 352/179305 slices
Extracted 368/179305 slices
Extracted 384/179305 slices
Extracted 400/179305 slices
Extracted 416/179305 slices
Extracted 432/179305 slices
Extracted 448/179305 slices
Extracted 464/179305 slices
Extracted 480/179305 slices
Extracted 496/179305 slices
Extracted 512/179305 slices
Extracted 528/179305 slices
Extracted 544/179305 slices
Extracted 560/179305 slices
Extracted 576/179305 slices
Extracted 592/179305 slices
Extracted 608/179305 slices
Extracted 624/179305 slices
Extracted 640/179305 slices
Extracted 656/179305 slices
Extracted 672/179305 slices
Extracted 688/179305 slices
Extracted 704/179305 slices
Extracted 720/179305 slices
Extracted 736/179305 slices
Extracted 752/179305 slices
Extracted 768/179305 slices
Extracted 784/179305 slices
Extracted 800/179305 slices
Extracted 816/179305 slices
Extracted 832/179305 slices
Extracted 848/179305 slices
Extracted 864/179305 slices
Extracted 880/179305 slices
Extracted 896/179305 slices
Extracted 912/179305 slices
Extracted 928/179305 slices
Extracted 944/179305 slices
Extracted 960/179305 slices
Extracted 976/179305 slices
Extracted 992/179305 slices
Extracted 1008/179305 slices
Extracted 1024/179305 slices
Extracted 1040/179305 slices
Extracted 1056/179305 slices
Extracted 1072/179305 slices
Extracted 1088/179305 slices
Extracted 1104/179305 slices
Extracted 1120/179305 slices
Extracted 1136/179305 slices
Extracted 1152/179305 slices
Extracted 1168/179305 slices
Extracted 1184/179305 slices
Extracted 1200/179305 slices
Extracted 1216/179305 slices
Extracted 1232/179305 slices
Extracted 1248/179305 slices
Extracted 1264/179305 slices
Extracted 1280/179305 slices
Extracted 1296/179305 slices
Extracted 1312/179305 slices
Extracted 1328/179305 slices
Extracted 1344/179305 slices
Extracted 1360/179305 slices
Extracted 1376/179305 slices
Extracted 1392/179305 slices
Extracted 1408/179305 slices
Extracted 1424/179305 slices
Extracted 1440/179305 slices
Extracted 1456/179305 slices
Extracted 1472/179305 slices
Extracted 1488/179305 slices
Extracted 1504/179305 slices
Extracted 1520/179305 slices
Extracted 1536/179305 slices
Extracted 1552/179305 slices
Extracted 1568/179305 slices
Extracted 1584/179305 slices
Extracted 1600/179305 slices
Extracted 1616/179305 slices
Extracted 1632/179305 slices
Extracted 1648/179305 slices
Extracted 1664/179305 slices
Extracted 1680/179305 slices
Extracted 1696/179305 slices
Extracted 1712/179305 slices
Extracted 1728/179305 slices
Extracted 1744/179305 slices
Extracted 1760/179305 slices
Extracted 1776/179305 slices
Extracted 1792/179305 slices
Extracted 1808/179305 slices
Extracted 1824/179305 slices
Extracted 1840/179305 slices
Extracted 1856/179305 slices
Extracted 1872/179305 slices
Extracted 1888/179305 slices
Extracted 1904/179305 slices
Extracted 1920/179305 slices
Extracted 1936/179305 slices
Extracted 1952/179305 slices
Extracted 1968/179305 slices
Extracted 1984/179305 slices
Extracted 2000/179305 slices
Extracted 2016/179305 slices
Extracted 2032/179305 slices
Extracted 2048/179305 slices
Extracted 2064/179305 slices
Extracted 2080/179305 slices
Extracted 2096/179305 slices
Extracted 2112/179305 slices
Extracted 2128/179305 slices
Extracted 2144/179305 slices
Extracted 2160/179305 slices
Extracted 2176/179305 slices
Extracted 2192/179305 slices
Extracted 2208/179305 slices
Extracted 2224/179305 slices
Extracted 2240/179305 slices
Extracted 2256/179305 slices
Extracted 2272/179305 slices
Extracted 2288/179305 slices
Extracted 2304/179305 slices
Extracted 2320/179305 slices
Extracted 2336/179305 slices
Extracted 2352/179305 slices
Extracted 2368/179305 slices
Extracted 2384/179305 slices
Extracted 2400/179305 slices
Extracted 2416/179305 slices
Extracted 2432/179305 slices
Extracted 2448/179305 slices
Extracted 2464/179305 slices
Extracted 2480/179305 slices
Extracted 2496/179305 slices
Extracted 2512/179305 slices
Extracted 2528/179305 slices
Extracted 2544/179305 slices
Extracted 2560/179305 slices
Extracted 2576/179305 slices
Extracted 2592/179305 slices
Extracted 2608/179305 slices
Extracted 2624/179305 slices
Extracted 2640/179305 slices
Extracted 2656/179305 slices
Extracted 2672/179305 slices
Extracted 2688/179305 slices
Extracted 2704/179305 slices
Extracted 2720/179305 slices
Extracted 2736/179305 slices
Extracted 2752/179305 slices
Extracted 2768/179305 slices
Extracted 2784/179305 slices
Extracted 2800/179305 slices
Extracted 2816/179305 slices
Extracted 2832/179305 slices
Extracted 2848/179305 slices
Extracted 2864/179305 slices
Extracted 2880/179305 slices
Extracted 2896/179305 slices
Extracted 2912/179305 slices
Extracted 2928/179305 slices
Extracted 2944/179305 slices
Extracted 2960/179305 slices
Extracted 2976/179305 slices
Extracted 2992/179305 slices
Extracted 3008/179305 slices
Extracted 3024/179305 slices
Extracted 3040/179305 slices
Extracted 3056/179305 slices
Extracted 3072/179305 slices
Extracted 3088/179305 slices
Extracted 3104/179305 slices
Extracted 3120/179305 slices
Extracted 3136/179305 slices
Extracted 3152/179305 slices
Extracted 3168/179305 slices
Extracted 3184/179305 slices
Extracted 3200/179305 slices
Extracted 3216/179305 slices
Extracted 3232/179305 slices
Extracted 3248/179305 slices
Extracted 3264/179305 slices
Extracted 3280/179305 slices
Extracted 3296/179305 slices
Extracted 3312/179305 slices
Extracted 3328/179305 slices
Extracted 3344/179305 slices
Extracted 3360/179305 slices
Extracted 3376/179305 slices
Extracted 3392/179305 slices
Extracted 3408/179305 slices
Extracted 3424/179305 slices
Extracted 3440/179305 slices
Extracted 3456/179305 slices
Extracted 3472/179305 slices
Extracted 3488/179305 slices
Extracted 3504/179305 slices
Extracted 3520/179305 slices
Extracted 3536/179305 slices
Extracted 3552/179305 slices
Extracted 3568/179305 slices
Extracted 3584/179305 slices
Extracted 3600/179305 slices
Extracted 3616/179305 slices
Extracted 3632/179305 slices
Extracted 3648/179305 slices
Extracted 3664/179305 slices
Extracted 3680/179305 slices
Extracted 3696/179305 slices
Extracted 3712/179305 slices
Extracted 3728/179305 slices
Extracted 3744/179305 slices
Extracted 3760/179305 slices
Extracted 3776/179305 slices
Extracted 3792/179305 slices
Extracted 3808/179305 slices
Extracted 3824/179305 slices
Extracted 3840/179305 slices
Extracted 3856/179305 slices
Extracted 3872/179305 slices
Extracted 3888/179305 slices
Extracted 3904/179305 slices
Extracted 3920/179305 slices
Extracted 3936/179305 slices
Extracted 3952/179305 slices
Extracted 3968/179305 slices
Extracted 3984/179305 slices
Extracted 4000/179305 slices
Extracted 4016/179305 slices
Extracted 4032/179305 slices
Extracted 4048/179305 slices
Extracted 4064/179305 slices
Extracted 4080/179305 slices
Extracted 4096/179305 slices
Extracted 4112/179305 slices
Extracted 4128/179305 slices
Extracted 4144/179305 slices
Extracted 4160/179305 slices
Extracted 4176/179305 slices
Extracted 4192/179305 slices
Extracted 4208/179305 slices
Extracted 4224/179305 slices
Extracted 4240/179305 slices
Extracted 4256/179305 slices
Extracted 4272/179305 slices
Extracted 4288/179305 slices
Extracted 4304/179305 slices
Extracted 4320/179305 slices
Extracted 4336/179305 slices
Extracted 4352/179305 slices
Extracted 4368/179305 slices
Extracted 4384/179305 slices
Extracted 4400/179305 slices
Extracted 4416/179305 slices
Extracted 4432/179305 slices
Extracted 4448/179305 slices
Extracted 4464/179305 slices
Extracted 4480/179305 slices
Extracted 4496/179305 slices
Extracted 4512/179305 slices
Extracted 4528/179305 slices
Extracted 4544/179305 slices
Extracted 4560/179305 slices
Extracted 4576/179305 slices
Extracted 4592/179305 slices
Extracted 4608/179305 slices
Extracted 4624/179305 slices
Extracted 4640/179305 slices
Extracted 4656/179305 slices
Extracted 4672/179305 slices
Extracted 4688/179305 slices
Extracted 4704/179305 slices
Extracted 4720/179305 slices
Extracted 4736/179305 slices
Extracted 4752/179305 slices
Extracted 4768/179305 slices
Extracted 4784/179305 slices
Extracted 4800/179305 slices
Extracted 4816/179305 slices
Extracted 4832/179305 slices
Extracted 4848/179305 slices
Extracted 4864/179305 slices
Extracted 4880/179305 slices
Extracted 4896/179305 slices
Extracted 4912/179305 slices
Extracted 4928/179305 slices
Extracted 4944/179305 slices
Extracted 4960/179305 slices
Extracted 4976/179305 slices
Extracted 4992/179305 slices
Extracted 5008/179305 slices
Extracted 5024/179305 slices
Extracted 5040/179305 slices
Extracted 5056/179305 slices
Extracted 5072/179305 slices
Extracted 5088/179305 slices
Extracted 5104/179305 slices
Extracted 5120/179305 slices
Extracted 5136/179305 slices
Extracted 5152/179305 slices
Extracted 5168/179305 slices
Extracted 5184/179305 slices
Extracted 5200/179305 slices
Extracted 5216/179305 slices
Extracted 5232/179305 slices
Extracted 5248/179305 slices
Extracted 5264/179305 slices
Extracted 5280/179305 slices
Extracted 5296/179305 slices
Extracted 5312/179305 slices
Extracted 5328/179305 slices
Extracted 5344/179305 slices
Extracted 5360/179305 slices
Extracted 5376/179305 slices
Extracted 5392/179305 slices
Extracted 5408/179305 slices
Extracted 5424/179305 slices
Extracted 5440/179305 slices
Extracted 5456/179305 slices
Extracted 5472/179305 slices
Extracted 5488/179305 slices
Extracted 5504/179305 slices
Extracted 5520/179305 slices
Extracted 5536/179305 slices
Extracted 5552/179305 slices
Extracted 5568/179305 slices
Extracted 5584/179305 slices
Extracted 5600/179305 slices
Extracted 5616/179305 slices
Extracted 5632/179305 slices
Extracted 5648/179305 slices
Extracted 5664/179305 slices
Extracted 5680/179305 slices
Extracted 5696/179305 slices
Extracted 5712/179305 slices
Extracted 5728/179305 slices
Extracted 5744/179305 slices
Extracted 5760/179305 slices
Extracted 5776/179305 slices
Extracted 5792/179305 slices
Extracted 5808/179305 slices
Extracted 5824/179305 slices
Extracted 5840/179305 slices
Extracted 5856/179305 slices
Extracted 5872/179305 slices
Extracted 5888/179305 slices
Extracted 5904/179305 slices
Extracted 5920/179305 slices
Extracted 5936/179305 slices
Extracted 5952/179305 slices
Extracted 5968/179305 slices
Extracted 5984/179305 slices
Extracted 6000/179305 slices
Extracted 6016/179305 slices
Extracted 6032/179305 slices
Extracted 6048/179305 slices
Extracted 6064/179305 slices
Extracted 6080/179305 slices
Extracted 6096/179305 slices
Extracted 6112/179305 slices
Extracted 6128/179305 slices
Extracted 6144/179305 slices
Extracted 6160/179305 slices
Extracted 6176/179305 slices
Extracted 6192/179305 slices
Extracted 6208/179305 slices
Extracted 6224/179305 slices
Extracted 6240/179305 slices
Extracted 6256/179305 slices
Extracted 6272/179305 slices
Extracted 6288/179305 slices
Extracted 6304/179305 slices
Extracted 6320/179305 slices
Extracted 6336/179305 slices
Extracted 6352/179305 slices
Extracted 6368/179305 slices
Extracted 6384/179305 slices
Extracted 6400/179305 slices
Extracted 6416/179305 slices
Extracted 6432/179305 slices
Extracted 6448/179305 slices
Extracted 6464/179305 slices
Extracted 6480/179305 slices
Extracted 6496/179305 slices
Extracted 6512/179305 slices
Extracted 6528/179305 slices
Extracted 6544/179305 slices
Extracted 6560/179305 slices
Extracted 6576/179305 slices
Extracted 6592/179305 slices
Extracted 6608/179305 slices
Extracted 6624/179305 slices
Extracted 6640/179305 slices
Extracted 6656/179305 slices
Extracted 6672/179305 slices
Extracted 6688/179305 slices
Extracted 6704/179305 slices
Extracted 6720/179305 slices
Extracted 6736/179305 slices
Extracted 6752/179305 slices
Extracted 6768/179305 slices
Extracted 6784/179305 slices
Extracted 6800/179305 slices
Extracted 6816/179305 slices
Extracted 6832/179305 slices
Extracted 6848/179305 slices
Extracted 6864/179305 slices
Extracted 6880/179305 slices
Extracted 6896/179305 slices
Extracted 6912/179305 slices
Extracted 6928/179305 slices
Extracted 6944/179305 slices
Extracted 6960/179305 slices
Extracted 6976/179305 slices
Extracted 6992/179305 slices
Extracted 7008/179305 slices
Extracted 7024/179305 slices
Extracted 7040/179305 slices
Extracted 7056/179305 slices
Extracted 7072/179305 slices
Extracted 7088/179305 slices
Extracted 7104/179305 slices
Extracted 7120/179305 slices
Extracted 7136/179305 slices
Extracted 7152/179305 slices
Extracted 7168/179305 slices
Extracted 7184/179305 slices
Extracted 7200/179305 slices
Extracted 7216/179305 slices
Extracted 7232/179305 slices
Extracted 7248/179305 slices
Extracted 7264/179305 slices
Extracted 7280/179305 slices
Extracted 7296/179305 slices
Extracted 7312/179305 slices
Extracted 7328/179305 slices
Extracted 7344/179305 slices
Extracted 7360/179305 slices
Extracted 7376/179305 slices
Extracted 7392/179305 slices
Extracted 7408/179305 slices
Extracted 7424/179305 slices
Extracted 7440/179305 slices
Extracted 7456/179305 slices
Extracted 7472/179305 slices
Extracted 7488/179305 slices
Extracted 7504/179305 slices
Extracted 7520/179305 slices
Extracted 7536/179305 slices
Extracted 7552/179305 slices
Extracted 7568/179305 slices
Extracted 7584/179305 slices
Extracted 7600/179305 slices
Extracted 7616/179305 slices
Extracted 7632/179305 slices
Extracted 7648/179305 slices
Extracted 7664/179305 slices
Extracted 7680/179305 slices
Extracted 7696/179305 slices
Extracted 7712/179305 slices
Extracted 7728/179305 slices
Extracted 7744/179305 slices
Extracted 7760/179305 slices
Extracted 7776/179305 slices
Extracted 7792/179305 slices
Extracted 7808/179305 slices
Extracted 7824/179305 slices
Extracted 7840/179305 slices
Extracted 7856/179305 slices
Extracted 7872/179305 slices
Extracted 7888/179305 slices
Extracted 7904/179305 slices
Extracted 7920/179305 slices
Extracted 7936/179305 slices
Extracted 7952/179305 slices
Extracted 7968/179305 slices
Extracted 7984/179305 slices
Extracted 8000/179305 slices
Extracted 8016/179305 slices
Extracted 8032/179305 slices
Extracted 8048/179305 slices
Extracted 8064/179305 slices
Extracted 8080/179305 slices
Extracted 8096/179305 slices
Extracted 8112/179305 slices
Extracted 8128/179305 slices
Extracted 8144/179305 slices
Extracted 8160/179305 slices
Extracted 8176/179305 slices
Extracted 8192/179305 slices
Extracted 8208/179305 slices
Extracted 8224/179305 slices
Extracted 8240/179305 slices
Extracted 8256/179305 slices
Extracted 8272/179305 slices
Extracted 8288/179305 slices
Extracted 8304/179305 slices
Extracted 8320/179305 slices
Extracted 8336/179305 slices
Extracted 8352/179305 slices
Extracted 8368/179305 slices
Extracted 8384/179305 slices
Extracted 8400/179305 slices
Extracted 8416/179305 slices
Extracted 8432/179305 slices
Extracted 8448/179305 slices
Extracted 8464/179305 slices
Extracted 8480/179305 slices
Extracted 8496/179305 slices
Extracted 8512/179305 slices
Extracted 8528/179305 slices
Extracted 8544/179305 slices
Extracted 8560/179305 slices
Extracted 8576/179305 slices
Extracted 8592/179305 slices
Extracted 8608/179305 slices
Extracted 8624/179305 slices
Extracted 8640/179305 slices
Extracted 8656/179305 slices
Extracted 8672/179305 slices
Extracted 8688/179305 slices
Extracted 8704/179305 slices
Extracted 8720/179305 slices
Extracted 8736/179305 slices
Extracted 8752/179305 slices
Extracted 8768/179305 slices
Extracted 8784/179305 slices
Extracted 8800/179305 slices
Extracted 8816/179305 slices
Extracted 8832/179305 slices
Extracted 8848/179305 slices
Extracted 8864/179305 slices
Extracted 8880/179305 slices
Extracted 8896/179305 slices
Extracted 8912/179305 slices
Extracted 8928/179305 slices
Extracted 8944/179305 slices
Extracted 8960/179305 slices
Extracted 8976/179305 slices
Extracted 8992/179305 slices
Extracted 9008/179305 slices
Extracted 9024/179305 slices
Extracted 9040/179305 slices
Extracted 9056/179305 slices
Extracted 9072/179305 slices
Extracted 9088/179305 slices
Extracted 9104/179305 slices
Extracted 9120/179305 slices
Extracted 9136/179305 slices
Extracted 9152/179305 slices
Extracted 9168/179305 slices
Extracted 9184/179305 slices
Extracted 9200/179305 slices
Extracted 9216/179305 slices
Extracted 9232/179305 slices
Extracted 9248/179305 slices
Extracted 9264/179305 slices
Extracted 9280/179305 slices
Extracted 9296/179305 slices
Extracted 9312/179305 slices
Extracted 9328/179305 slices
Extracted 9344/179305 slices
Extracted 9360/179305 slices
Extracted 9376/179305 slices
Extracted 9392/179305 slices
Extracted 9408/179305 slices
Extracted 9424/179305 slices
Extracted 9440/179305 slices
Extracted 9456/179305 slices
Extracted 9472/179305 slices
Extracted 9488/179305 slices
Extracted 9504/179305 slices
Extracted 9520/179305 slices
Extracted 9536/179305 slices
Extracted 9552/179305 slices
Extracted 9568/179305 slices
Extracted 9584/179305 slices
Extracted 9600/179305 slices
Extracted 9616/179305 slices
Extracted 9632/179305 slices
Extracted 9648/179305 slices
Extracted 9664/179305 slices
Extracted 9680/179305 slices
Extracted 9696/179305 slices
Extracted 9712/179305 slices
Extracted 9728/179305 slices
Extracted 9744/179305 slices
Extracted 9760/179305 slices
Extracted 9776/179305 slices
Extracted 9792/179305 slices
Extracted 9808/179305 slices
Extracted 9824/179305 slices
Extracted 9840/179305 slices
Extracted 9856/179305 slices
Extracted 9872/179305 slices
Extracted 9888/179305 slices
Extracted 9904/179305 slices
Extracted 9920/179305 slices
Extracted 9936/179305 slices
Extracted 9952/179305 slices
Extracted 9968/179305 slices
Extracted 9984/179305 slices
Extracted 10000/179305 slices
Extracted 10016/179305 slices
Extracted 10032/179305 slices
Extracted 10048/179305 slices
Extracted 10064/179305 slices
Extracted 10080/179305 slices
Extracted 10096/179305 slices
Extracted 10112/179305 slices
Extracted 10128/179305 slices
Extracted 10144/179305 slices
Extracted 10160/179305 slices
Extracted 10176/179305 slices
Extracted 10192/179305 slices
Extracted 10208/179305 slices
Extracted 10224/179305 slices
Extracted 10240/179305 slices
Extracted 10256/179305 slices
Extracted 10272/179305 slices
Extracted 10288/179305 slices
Extracted 10304/179305 slices
Extracted 10320/179305 slices
Extracted 10336/179305 slices
Extracted 10352/179305 slices
Extracted 10368/179305 slices
Extracted 10384/179305 slices
Extracted 10400/179305 slices
Extracted 10416/179305 slices
Extracted 10432/179305 slices
Extracted 10448/179305 slices
Extracted 10464/179305 slices
Extracted 10480/179305 slices
Extracted 10496/179305 slices
Extracted 10512/179305 slices
Extracted 10528/179305 slices
Extracted 10544/179305 slices
Extracted 10560/179305 slices
Extracted 10576/179305 slices
Extracted 10592/179305 slices
Extracted 10608/179305 slices
Extracted 10624/179305 slices
Extracted 10640/179305 slices
Extracted 10656/179305 slices
Extracted 10672/179305 slices
Extracted 10688/179305 slices
Extracted 10704/179305 slices
Extracted 10720/179305 slices
Extracted 10736/179305 slices
Extracted 10752/179305 slices
Extracted 10768/179305 slices
Extracted 10784/179305 slices
Extracted 10800/179305 slices
Extracted 10816/179305 slices
Extracted 10832/179305 slices
Extracted 10848/179305 slices
Extracted 10864/179305 slices
Extracted 10880/179305 slices
Extracted 10896/179305 slices
Extracted 10912/179305 slices
Extracted 10928/179305 slices
Extracted 10944/179305 slices
Extracted 10960/179305 slices
Extracted 10976/179305 slices
Extracted 10992/179305 slices
Extracted 11008/179305 slices
Extracted 11024/179305 slices
Extracted 11040/179305 slices
Extracted 11056/179305 slices
Extracted 11072/179305 slices
Extracted 11088/179305 slices
Extracted 11104/179305 slices
Extracted 11120/179305 slices
Extracted 11136/179305 slices
Extracted 11152/179305 slices
Extracted 11168/179305 slices
Extracted 11184/179305 slices
Extracted 11200/179305 slices
Extracted 11216/179305 slices
Extracted 11232/179305 slices
Extracted 11248/179305 slices
Extracted 11264/179305 slices
Extracted 11280/179305 slices
Extracted 11296/179305 slices
Extracted 11312/179305 slices
Extracted 11328/179305 slices
Extracted 11344/179305 slices
Extracted 11360/179305 slices
Extracted 11376/179305 slices
Extracted 11392/179305 slices
Extracted 11408/179305 slices
Extracted 11424/179305 slices
Extracted 11440/179305 slices
Extracted 11456/179305 slices
Extracted 11472/179305 slices
Extracted 11488/179305 slices
Extracted 11504/179305 slices
Extracted 11520/179305 slices
Extracted 11536/179305 slices
Extracted 11552/179305 slices
Extracted 11568/179305 slices
Extracted 11584/179305 slices
Extracted 11600/179305 slices
Extracted 11616/179305 slices
Extracted 11632/179305 slices
Extracted 11648/179305 slices
Extracted 11664/179305 slices
Extracted 11680/179305 slices
Extracted 11696/179305 slices
Extracted 11712/179305 slices
Extracted 11728/179305 slices
Extracted 11744/179305 slices
Extracted 11760/179305 slices
Extracted 11776/179305 slices
Extracted 11792/179305 slices
Extracted 11808/179305 slices
Extracted 11824/179305 slices
Extracted 11840/179305 slices
Extracted 11856/179305 slices
Extracted 11872/179305 slices
Extracted 11888/179305 slices
Extracted 11904/179305 slices
Extracted 11920/179305 slices
Extracted 11936/179305 slices
Extracted 11952/179305 slices
Extracted 11968/179305 slices
Extracted 11984/179305 slices
Extracted 12000/179305 slices
Extracted 12016/179305 slices
Extracted 12032/179305 slices
Extracted 12048/179305 slices
Extracted 12064/179305 slices
Extracted 12080/179305 slices
Extracted 12096/179305 slices
Extracted 12112/179305 slices
Extracted 12128/179305 slices
Extracted 12144/179305 slices
Extracted 12160/179305 slices
Extracted 12176/179305 slices
Extracted 12192/179305 slices
Extracted 12208/179305 slices
Extracted 12224/179305 slices
Extracted 12240/179305 slices
Extracted 12256/179305 slices
Extracted 12272/179305 slices
Extracted 12288/179305 slices
Extracted 12304/179305 slices
Extracted 12320/179305 slices
Extracted 12336/179305 slices
Extracted 12352/179305 slices
Extracted 12368/179305 slices
Extracted 12384/179305 slices
Extracted 12400/179305 slices
Extracted 12416/179305 slices
Extracted 12432/179305 slices
Extracted 12448/179305 slices
Extracted 12464/179305 slices
Extracted 12480/179305 slices
Extracted 12496/179305 slices
Extracted 12512/179305 slices
Extracted 12528/179305 slices
Extracted 12544/179305 slices
Extracted 12560/179305 slices
Extracted 12576/179305 slices
Extracted 12592/179305 slices
Extracted 12608/179305 slices
Extracted 12624/179305 slices
Extracted 12640/179305 slices
Extracted 12656/179305 slices
Extracted 12672/179305 slices
Extracted 12688/179305 slices
Extracted 12704/179305 slices
Extracted 12720/179305 slices
Extracted 12736/179305 slices
Extracted 12752/179305 slices
Extracted 12768/179305 slices
Extracted 12784/179305 slices
Extracted 12800/179305 slices
Extracted 12816/179305 slices
Extracted 12832/179305 slices
Extracted 12848/179305 slices
Extracted 12864/179305 slices
Extracted 12880/179305 slices
Extracted 12896/179305 slices
Extracted 12912/179305 slices
Extracted 12928/179305 slices
Extracted 12944/179305 slices
Extracted 12960/179305 slices
Extracted 12976/179305 slices
Extracted 12992/179305 slices
Extracted 13008/179305 slices
Extracted 13024/179305 slices
Extracted 13040/179305 slices
Extracted 13056/179305 slices
Extracted 13072/179305 slices
Extracted 13088/179305 slices
Extracted 13104/179305 slices
Extracted 13120/179305 slices
Extracted 13136/179305 slices
Extracted 13152/179305 slices
Extracted 13168/179305 slices
Extracted 13184/179305 slices
Extracted 13200/179305 slices
Extracted 13216/179305 slices
Extracted 13232/179305 slices
Extracted 13248/179305 slices
Extracted 13264/179305 slices
Extracted 13280/179305 slices
Extracted 13296/179305 slices
Extracted 13312/179305 slices
Extracted 13328/179305 slices
Extracted 13344/179305 slices
Extracted 13360/179305 slices
Extracted 13376/179305 slices
Extracted 13392/179305 slices
Extracted 13408/179305 slices
Extracted 13424/179305 slices
Extracted 13440/179305 slices
Extracted 13456/179305 slices
Extracted 13472/179305 slices
Extracted 13488/179305 slices
Extracted 13504/179305 slices
Extracted 13520/179305 slices
Extracted 13536/179305 slices
Extracted 13552/179305 slices
Extracted 13568/179305 slices
Extracted 13584/179305 slices
Extracted 13600/179305 slices
Extracted 13616/179305 slices
Extracted 13632/179305 slices
Extracted 13648/179305 slices
Extracted 13664/179305 slices
Extracted 13680/179305 slices
Extracted 13696/179305 slices
Extracted 13712/179305 slices
Extracted 13728/179305 slices
Extracted 13744/179305 slices
Extracted 13760/179305 slices
Extracted 13776/179305 slices
Extracted 13792/179305 slices
Extracted 13808/179305 slices
Extracted 13824/179305 slices
Extracted 13840/179305 slices
Extracted 13856/179305 slices
Extracted 13872/179305 slices
Extracted 13888/179305 slices
Extracted 13904/179305 slices
Extracted 13920/179305 slices
Extracted 13936/179305 slices
Extracted 13952/179305 slices
Extracted 13968/179305 slices
Extracted 13984/179305 slices
Extracted 14000/179305 slices
Extracted 14016/179305 slices
Extracted 14032/179305 slices
Extracted 14048/179305 slices
Extracted 14064/179305 slices
Extracted 14080/179305 slices
Extracted 14096/179305 slices
Extracted 14112/179305 slices
Extracted 14128/179305 slices
Extracted 14144/179305 slices
Extracted 14160/179305 slices
Extracted 14176/179305 slices
Extracted 14192/179305 slices
Extracted 14208/179305 slices
Extracted 14224/179305 slices
Extracted 14240/179305 slices
Extracted 14256/179305 slices
Extracted 14272/179305 slices
Extracted 14288/179305 slices
Extracted 14304/179305 slices
Extracted 14320/179305 slices
Extracted 14336/179305 slices
Extracted 14352/179305 slices
Extracted 14368/179305 slices
Extracted 14384/179305 slices
Extracted 14400/179305 slices
Extracted 14416/179305 slices
Extracted 14432/179305 slices
Extracted 14448/179305 slices
Extracted 14464/179305 slices
Extracted 14480/179305 slices
Extracted 14496/179305 slices
Extracted 14512/179305 slices
Extracted 14528/179305 slices
Extracted 14544/179305 slices
Extracted 14560/179305 slices
Extracted 14576/179305 slices
Extracted 14592/179305 slices
Extracted 14608/179305 slices
Extracted 14624/179305 slices
Extracted 14640/179305 slices
Extracted 14656/179305 slices
Extracted 14672/179305 slices
Extracted 14688/179305 slices
Extracted 14704/179305 slices
Extracted 14720/179305 slices
Extracted 14736/179305 slices
Extracted 14752/179305 slices
Extracted 14768/179305 slices
Extracted 14784/179305 slices
Extracted 14800/179305 slices
Extracted 14816/179305 slices
Extracted 14832/179305 slices
Extracted 14848/179305 slices
Extracted 14864/179305 slices
Extracted 14880/179305 slices
Extracted 14896/179305 slices
Extracted 14912/179305 slices
Extracted 14928/179305 slices
Extracted 14944/179305 slices
Extracted 14960/179305 slices
Extracted 14976/179305 slices
Extracted 14992/179305 slices
Extracted 15008/179305 slices
Extracted 15024/179305 slices
Extracted 15040/179305 slices
Extracted 15056/179305 slices
Extracted 15072/179305 slices
Extracted 15088/179305 slices
Extracted 15104/179305 slices
Extracted 15120/179305 slices
Extracted 15136/179305 slices
Extracted 15152/179305 slices
Extracted 15168/179305 slices
Extracted 15184/179305 slices
Extracted 15200/179305 slices
Extracted 15216/179305 slices
Extracted 15232/179305 slices
Extracted 15248/179305 slices
Extracted 15264/179305 slices
Extracted 15280/179305 slices
Extracted 15296/179305 slices
Extracted 15312/179305 slices
Extracted 15328/179305 slices
Extracted 15344/179305 slices
Extracted 15360/179305 slices
Extracted 15376/179305 slices
Extracted 15392/179305 slices
Extracted 15408/179305 slices
Extracted 15424/179305 slices
Extracted 15440/179305 slices
Extracted 15456/179305 slices
Extracted 15472/179305 slices
Extracted 15488/179305 slices
Extracted 15504/179305 slices
Extracted 15520/179305 slices
Extracted 15536/179305 slices
Extracted 15552/179305 slices
Extracted 15568/179305 slices
Extracted 15584/179305 slices
Extracted 15600/179305 slices
Extracted 15616/179305 slices
Extracted 15632/179305 slices
Extracted 15648/179305 slices
Extracted 15664/179305 slices
Extracted 15680/179305 slices
Extracted 15696/179305 slices
Extracted 15712/179305 slices
Extracted 15728/179305 slices
Extracted 15744/179305 slices
Extracted 15760/179305 slices
Extracted 15776/179305 slices
Extracted 15792/179305 slices
Extracted 15808/179305 slices
Extracted 15824/179305 slices
Extracted 15840/179305 slices
Extracted 15856/179305 slices
Extracted 15872/179305 slices
Extracted 15888/179305 slices
Extracted 15904/179305 slices
Extracted 15920/179305 slices
Extracted 15936/179305 slices
Extracted 15952/179305 slices
Extracted 15968/179305 slices
Extracted 15984/179305 slices
Extracted 16000/179305 slices
Extracted 16016/179305 slices
Extracted 16032/179305 slices
Extracted 16048/179305 slices
Extracted 16064/179305 slices
Extracted 16080/179305 slices
Extracted 16096/179305 slices
Extracted 16112/179305 slices
Extracted 16128/179305 slices
Extracted 16144/179305 slices
Extracted 16160/179305 slices
Extracted 16176/179305 slices
Extracted 16192/179305 slices
Extracted 16208/179305 slices
Extracted 16224/179305 slices
Extracted 16240/179305 slices
Extracted 16256/179305 slices
Extracted 16272/179305 slices
Extracted 16288/179305 slices
Extracted 16304/179305 slices
Extracted 16320/179305 slices
Extracted 16336/179305 slices
Extracted 16352/179305 slices
Extracted 16368/179305 slices
Extracted 16384/179305 slices
Extracted 16400/179305 slices
Extracted 16416/179305 slices
Extracted 16432/179305 slices
Extracted 16448/179305 slices
Extracted 16464/179305 slices
Extracted 16480/179305 slices
Extracted 16496/179305 slices
Extracted 16512/179305 slices
Extracted 16528/179305 slices
Extracted 16544/179305 slices
Extracted 16560/179305 slices
Extracted 16576/179305 slices
Extracted 16592/179305 slices
Extracted 16608/179305 slices
Extracted 16624/179305 slices
Extracted 16640/179305 slices
Extracted 16656/179305 slices
Extracted 16672/179305 slices
Extracted 16688/179305 slices
Extracted 16704/179305 slices
Extracted 16720/179305 slices
Extracted 16736/179305 slices
Extracted 16752/179305 slices
Extracted 16768/179305 slices
Extracted 16784/179305 slices
Extracted 16800/179305 slices
Extracted 16816/179305 slices
Extracted 16832/179305 slices
Extracted 16848/179305 slices
Extracted 16864/179305 slices
Extracted 16880/179305 slices
Extracted 16896/179305 slices
Extracted 16912/179305 slices
Extracted 16928/179305 slices
Extracted 16944/179305 slices
Extracted 16960/179305 slices
Extracted 16976/179305 slices
Extracted 16992/179305 slices
Extracted 17008/179305 slices
Extracted 17024/179305 slices
Extracted 17040/179305 slices
Extracted 17056/179305 slices
Extracted 17072/179305 slices
Extracted 17088/179305 slices
Extracted 17104/179305 slices
Extracted 17120/179305 slices
Extracted 17136/179305 slices
Extracted 17152/179305 slices
Extracted 17168/179305 slices
Extracted 17184/179305 slices
Extracted 17200/179305 slices
Extracted 17216/179305 slices
Extracted 17232/179305 slices
Extracted 17248/179305 slices
Extracted 17264/179305 slices
Extracted 17280/179305 slices
Extracted 17296/179305 slices
Extracted 17312/179305 slices
Extracted 17328/179305 slices
Extracted 17344/179305 slices
Extracted 17360/179305 slices
Extracted 17376/179305 slices
Extracted 17392/179305 slices
Extracted 17408/179305 slices
Extracted 17424/179305 slices
Extracted 17440/179305 slices
Extracted 17456/179305 slices
Extracted 17472/179305 slices
Extracted 17488/179305 slices
Extracted 17504/179305 slices
Extracted 17520/179305 slices
Extracted 17536/179305 slices
Extracted 17552/179305 slices
Extracted 17568/179305 slices
Extracted 17584/179305 slices
Extracted 17600/179305 slices
Extracted 17616/179305 slices
Extracted 17632/179305 slices
Extracted 17648/179305 slices
Extracted 17664/179305 slices
Extracted 17680/179305 slices
Extracted 17696/179305 slices
Extracted 17712/179305 slices
Extracted 17728/179305 slices
Extracted 17744/179305 slices
Extracted 17760/179305 slices
Extracted 17776/179305 slices
Extracted 17792/179305 slices
Extracted 17808/179305 slices
Extracted 17824/179305 slices
Extracted 17840/179305 slices
Extracted 17856/179305 slices
Extracted 17872/179305 slices
Extracted 17888/179305 slices
Extracted 17904/179305 slices
Extracted 17920/179305 slices
Extracted 17936/179305 slices
Extracted 17952/179305 slices
Extracted 17968/179305 slices
Extracted 17984/179305 slices
Extracted 18000/179305 slices
Extracted 18016/179305 slices
Extracted 18032/179305 slices
Extracted 18048/179305 slices
Extracted 18064/179305 slices
Extracted 18080/179305 slices
Extracted 18096/179305 slices
Extracted 18112/179305 slices
Extracted 18128/179305 slices
Extracted 18144/179305 slices
Extracted 18160/179305 slices
Extracted 18176/179305 slices
Extracted 18192/179305 slices
Extracted 18208/179305 slices
Extracted 18224/179305 slices
Extracted 18240/179305 slices
Extracted 18256/179305 slices
Extracted 18272/179305 slices
Extracted 18288/179305 slices
Extracted 18304/179305 slices
Extracted 18320/179305 slices
Extracted 18336/179305 slices
Extracted 18352/179305 slices
Extracted 18368/179305 slices
Extracted 18384/179305 slices
Extracted 18400/179305 slices
Extracted 18416/179305 slices
Extracted 18432/179305 slices
Extracted 18448/179305 slices
Extracted 18464/179305 slices
Extracted 18480/179305 slices
Extracted 18496/179305 slices
Extracted 18512/179305 slices
Extracted 18528/179305 slices
Extracted 18544/179305 slices
Extracted 18560/179305 slices
Extracted 18576/179305 slices
Extracted 18592/179305 slices
Extracted 18608/179305 slices
Extracted 18624/179305 slices
Extracted 18640/179305 slices
Extracted 18656/179305 slices
Extracted 18672/179305 slices
Extracted 18688/179305 slices
Extracted 18704/179305 slices
Extracted 18720/179305 slices
Extracted 18736/179305 slices
Extracted 18752/179305 slices
Extracted 18768/179305 slices
Extracted 18784/179305 slices
Extracted 18800/179305 slices
Extracted 18816/179305 slices
Extracted 18832/179305 slices
Extracted 18848/179305 slices
Extracted 18864/179305 slices
Extracted 18880/179305 slices
Extracted 18896/179305 slices
Extracted 18912/179305 slices
Extracted 18928/179305 slices
Extracted 18944/179305 slices
Extracted 18960/179305 slices
Extracted 18976/179305 slices
Extracted 18992/179305 slices
Extracted 19008/179305 slices
Extracted 19024/179305 slices
Extracted 19040/179305 slices
Extracted 19056/179305 slices
Extracted 19072/179305 slices
Extracted 19088/179305 slices
Extracted 19104/179305 slices
Extracted 19120/179305 slices
Extracted 19136/179305 slices
Extracted 19152/179305 slices
Extracted 19168/179305 slices
Extracted 19184/179305 slices
Extracted 19200/179305 slices
Extracted 19216/179305 slices
Extracted 19232/179305 slices
Extracted 19248/179305 slices
Extracted 19264/179305 slices
Extracted 19280/179305 slices
Extracted 19296/179305 slices
Extracted 19312/179305 slices
Extracted 19328/179305 slices
Extracted 19344/179305 slices
Extracted 19360/179305 slices
Extracted 19376/179305 slices
Extracted 19392/179305 slices
Extracted 19408/179305 slices
Extracted 19424/179305 slices
Extracted 19440/179305 slices
Extracted 19456/179305 slices
Extracted 19472/179305 slices
Extracted 19488/179305 slices
Extracted 19504/179305 slices
Extracted 19520/179305 slices
Extracted 19536/179305 slices
Extracted 19552/179305 slices
Extracted 19568/179305 slices
Extracted 19584/179305 slices
Extracted 19600/179305 slices
Extracted 19616/179305 slices
Extracted 19632/179305 slices
Extracted 19648/179305 slices
Extracted 19664/179305 slices
Extracted 19680/179305 slices
Extracted 19696/179305 slices
Extracted 19712/179305 slices
Extracted 19728/179305 slices
Extracted 19744/179305 slices
Extracted 19760/179305 slices
Extracted 19776/179305 slices
Extracted 19792/179305 slices
Extracted 19808/179305 slices
Extracted 19824/179305 slices
Extracted 19840/179305 slices
Extracted 19856/179305 slices
Extracted 19872/179305 slices
Extracted 19888/179305 slices
Extracted 19904/179305 slices
Extracted 19920/179305 slices
Extracted 19936/179305 slices
Extracted 19952/179305 slices
Extracted 19968/179305 slices
Extracted 19984/179305 slices
Extracted 20000/179305 slices
Extracted 20016/179305 slices
Extracted 20032/179305 slices
Extracted 20048/179305 slices
Extracted 20064/179305 slices
Extracted 20080/179305 slices
Extracted 20096/179305 slices
Extracted 20112/179305 slices
Extracted 20128/179305 slices
Extracted 20144/179305 slices
Extracted 20160/179305 slices
Extracted 20176/179305 slices
Extracted 20192/179305 slices
Extracted 20208/179305 slices
Extracted 20224/179305 slices
Extracted 20240/179305 slices
Extracted 20256/179305 slices
Extracted 20272/179305 slices
Extracted 20288/179305 slices
Extracted 20304/179305 slices
Extracted 20320/179305 slices
Extracted 20336/179305 slices
Extracted 20352/179305 slices
Extracted 20368/179305 slices
Extracted 20384/179305 slices
Extracted 20400/179305 slices
Extracted 20416/179305 slices
Extracted 20432/179305 slices
Extracted 20448/179305 slices
Extracted 20464/179305 slices
Extracted 20480/179305 slices
Extracted 20496/179305 slices
Extracted 20512/179305 slices
Extracted 20528/179305 slices
Extracted 20544/179305 slices
Extracted 20560/179305 slices
Extracted 20576/179305 slices
Extracted 20592/179305 slices
Extracted 20608/179305 slices
Extracted 20624/179305 slices
Extracted 20640/179305 slices
Extracted 20656/179305 slices
Extracted 20672/179305 slices
Extracted 20688/179305 slices
Extracted 20704/179305 slices
Extracted 20720/179305 slices
Extracted 20736/179305 slices
Extracted 20752/179305 slices
Extracted 20768/179305 slices
Extracted 20784/179305 slices
Extracted 20800/179305 slices
Extracted 20816/179305 slices
Extracted 20832/179305 slices
Extracted 20848/179305 slices
Extracted 20864/179305 slices
Extracted 20880/179305 slices
Extracted 20896/179305 slices
Extracted 20912/179305 slices
Extracted 20928/179305 slices
Extracted 20944/179305 slices
Extracted 20960/179305 slices
Extracted 20976/179305 slices
Extracted 20992/179305 slices
Extracted 21008/179305 slices
Extracted 21024/179305 slices
Extracted 21040/179305 slices
Extracted 21056/179305 slices
Extracted 21072/179305 slices
Extracted 21088/179305 slices
Extracted 21104/179305 slices
Extracted 21120/179305 slices
Extracted 21136/179305 slices
Extracted 21152/179305 slices
Extracted 21168/179305 slices
Extracted 21184/179305 slices
Extracted 21200/179305 slices
Extracted 21216/179305 slices
Extracted 21232/179305 slices
Extracted 21248/179305 slices
Extracted 21264/179305 slices
Extracted 21280/179305 slices
Extracted 21296/179305 slices
Extracted 21312/179305 slices
Extracted 21328/179305 slices
Extracted 21344/179305 slices
Extracted 21360/179305 slices
Extracted 21376/179305 slices
Extracted 21392/179305 slices
Extracted 21408/179305 slices
Extracted 21424/179305 slices
Extracted 21440/179305 slices
Extracted 21456/179305 slices
Extracted 21472/179305 slices
Extracted 21488/179305 slices
Extracted 21504/179305 slices
Extracted 21520/179305 slices
Extracted 21536/179305 slices
Extracted 21552/179305 slices
Extracted 21568/179305 slices
Extracted 21584/179305 slices
Extracted 21600/179305 slices
Extracted 21616/179305 slices
Extracted 21632/179305 slices
Extracted 21648/179305 slices
Extracted 21664/179305 slices
Extracted 21680/179305 slices
Extracted 21696/179305 slices
Extracted 21712/179305 slices
Extracted 21728/179305 slices
Extracted 21744/179305 slices
Extracted 21760/179305 slices
Extracted 21776/179305 slices
Extracted 21792/179305 slices
Extracted 21808/179305 slices
Extracted 21824/179305 slices
Extracted 21840/179305 slices
Extracted 21856/179305 slices
Extracted 21872/179305 slices
Extracted 21888/179305 slices
Extracted 21904/179305 slices
Extracted 21920/179305 slices
Extracted 21936/179305 slices
Extracted 21952/179305 slices
Extracted 21968/179305 slices
Extracted 21984/179305 slices
Extracted 22000/179305 slices
Extracted 22016/179305 slices
Extracted 22032/179305 slices
Extracted 22048/179305 slices
Extracted 22064/179305 slices
Extracted 22080/179305 slices
Extracted 22096/179305 slices
Extracted 22112/179305 slices
Extracted 22128/179305 slices
Extracted 22144/179305 slices
Extracted 22160/179305 slices
Extracted 22176/179305 slices
Extracted 22192/179305 slices
Extracted 22208/179305 slices
Extracted 22224/179305 slices
Extracted 22240/179305 slices
Extracted 22256/179305 slices
Extracted 22272/179305 slices
Extracted 22288/179305 slices
Extracted 22304/179305 slices
Extracted 22320/179305 slices
Extracted 22336/179305 slices
Extracted 22352/179305 slices
Extracted 22368/179305 slices
Extracted 22384/179305 slices
Extracted 22400/179305 slices
Extracted 22416/179305 slices
Extracted 22432/179305 slices
Extracted 22448/179305 slices
Extracted 22464/179305 slices
Extracted 22480/179305 slices
Extracted 22496/179305 slices
Extracted 22512/179305 slices
Extracted 22528/179305 slices
Extracted 22544/179305 slices
Extracted 22560/179305 slices
Extracted 22576/179305 slices
Extracted 22592/179305 slices
Extracted 22608/179305 slices
Extracted 22624/179305 slices
Extracted 22640/179305 slices
Extracted 22656/179305 slices
Extracted 22672/179305 slices
Extracted 22688/179305 slices
Extracted 22704/179305 slices
Extracted 22720/179305 slices
Extracted 22736/179305 slices
Extracted 22752/179305 slices
Extracted 22768/179305 slices
Extracted 22784/179305 slices
Extracted 22800/179305 slices
Extracted 22816/179305 slices
Extracted 22832/179305 slices
Extracted 22848/179305 slices
Extracted 22864/179305 slices
Extracted 22880/179305 slices
Extracted 22896/179305 slices
Extracted 22912/179305 slices
Extracted 22928/179305 slices
Extracted 22944/179305 slices
Extracted 22960/179305 slices
Extracted 22976/179305 slices
Extracted 22992/179305 slices
Extracted 23008/179305 slices
Extracted 23024/179305 slices
Extracted 23040/179305 slices
Extracted 23056/179305 slices
Extracted 23072/179305 slices
Extracted 23088/179305 slices
Extracted 23104/179305 slices
Extracted 23120/179305 slices
Extracted 23136/179305 slices
Extracted 23152/179305 slices
Extracted 23168/179305 slices
Extracted 23184/179305 slices
Extracted 23200/179305 slices
Extracted 23216/179305 slices
Extracted 23232/179305 slices
Extracted 23248/179305 slices
Extracted 23264/179305 slices
Extracted 23280/179305 slices
Extracted 23296/179305 slices
Extracted 23312/179305 slices
Extracted 23328/179305 slices
Extracted 23344/179305 slices
Extracted 23360/179305 slices
Extracted 23376/179305 slices
Extracted 23392/179305 slices
Extracted 23408/179305 slices
Extracted 23424/179305 slices
Extracted 23440/179305 slices
Extracted 23456/179305 slices
Extracted 23472/179305 slices
Extracted 23488/179305 slices
Extracted 23504/179305 slices
Extracted 23520/179305 slices
Extracted 23536/179305 slices
Extracted 23552/179305 slices
Extracted 23568/179305 slices
Extracted 23584/179305 slices
Extracted 23600/179305 slices
Extracted 23616/179305 slices
Extracted 23632/179305 slices
Extracted 23648/179305 slices
Extracted 23664/179305 slices
Extracted 23680/179305 slices
Extracted 23696/179305 slices
Extracted 23712/179305 slices
Extracted 23728/179305 slices
Extracted 23744/179305 slices
Extracted 23760/179305 slices
Extracted 23776/179305 slices
Extracted 23792/179305 slices
Extracted 23808/179305 slices
Extracted 23824/179305 slices
Extracted 23840/179305 slices
Extracted 23856/179305 slices
Extracted 23872/179305 slices
Extracted 23888/179305 slices
Extracted 23904/179305 slices
Extracted 23920/179305 slices
Extracted 23936/179305 slices
Extracted 23952/179305 slices
Extracted 23968/179305 slices
Extracted 23984/179305 slices
Extracted 24000/179305 slices
Extracted 24016/179305 slices
Extracted 24032/179305 slices
Extracted 24048/179305 slices
Extracted 24064/179305 slices
Extracted 24080/179305 slices
Extracted 24096/179305 slices
Extracted 24112/179305 slices
Extracted 24128/179305 slices
Extracted 24144/179305 slices
Extracted 24160/179305 slices
Extracted 24176/179305 slices
Extracted 24192/179305 slices
Extracted 24208/179305 slices
Extracted 24224/179305 slices
Extracted 24240/179305 slices
Extracted 24256/179305 slices
Extracted 24272/179305 slices
Extracted 24288/179305 slices
Extracted 24304/179305 slices
Extracted 24320/179305 slices
Extracted 24336/179305 slices
Extracted 24352/179305 slices
Extracted 24368/179305 slices
Extracted 24384/179305 slices
Extracted 24400/179305 slices
Extracted 24416/179305 slices
Extracted 24432/179305 slices
Extracted 24448/179305 slices
Extracted 24464/179305 slices
Extracted 24480/179305 slices
Extracted 24496/179305 slices
Extracted 24512/179305 slices
Extracted 24528/179305 slices
Extracted 24544/179305 slices
Extracted 24560/179305 slices
Extracted 24576/179305 slices
Extracted 24592/179305 slices
Extracted 24608/179305 slices
Extracted 24624/179305 slices
Extracted 24640/179305 slices
Extracted 24656/179305 slices
Extracted 24672/179305 slices
Extracted 24688/179305 slices
Extracted 24704/179305 slices
Extracted 24720/179305 slices
Extracted 24736/179305 slices
Extracted 24752/179305 slices
Extracted 24768/179305 slices
Extracted 24784/179305 slices
Extracted 24800/179305 slices
Extracted 24816/179305 slices
Extracted 24832/179305 slices
Extracted 24848/179305 slices
Extracted 24864/179305 slices
Extracted 24880/179305 slices
Extracted 24896/179305 slices
Extracted 24912/179305 slices
Extracted 24928/179305 slices
Extracted 24944/179305 slices
Extracted 24960/179305 slices
Extracted 24976/179305 slices
Extracted 24992/179305 slices
Extracted 25008/179305 slices
Extracted 25024/179305 slices
Extracted 25040/179305 slices
Extracted 25056/179305 slices
Extracted 25072/179305 slices
Extracted 25088/179305 slices
Extracted 25104/179305 slices
Extracted 25120/179305 slices
Extracted 25136/179305 slices
Extracted 25152/179305 slices
Extracted 25168/179305 slices
Extracted 25184/179305 slices
Extracted 25200/179305 slices
Extracted 25216/179305 slices
Extracted 25232/179305 slices
Extracted 25248/179305 slices
Extracted 25264/179305 slices
Extracted 25280/179305 slices
Extracted 25296/179305 slices
Extracted 25312/179305 slices
Extracted 25328/179305 slices
Extracted 25344/179305 slices
Extracted 25360/179305 slices
Extracted 25376/179305 slices
Extracted 25392/179305 slices
Extracted 25408/179305 slices
Extracted 25424/179305 slices
Extracted 25440/179305 slices
Extracted 25456/179305 slices
Extracted 25472/179305 slices
Extracted 25488/179305 slices
Extracted 25504/179305 slices
Extracted 25520/179305 slices
Extracted 25536/179305 slices
Extracted 25552/179305 slices
Extracted 25568/179305 slices
Extracted 25584/179305 slices
Extracted 25600/179305 slices
Extracted 25616/179305 slices
Extracted 25632/179305 slices
Extracted 25648/179305 slices
Extracted 25664/179305 slices
Extracted 25680/179305 slices
Extracted 25696/179305 slices
Extracted 25712/179305 slices
Extracted 25728/179305 slices
Extracted 25744/179305 slices
Extracted 25760/179305 slices
Extracted 25776/179305 slices
Extracted 25792/179305 slices
Extracted 25808/179305 slices
Extracted 25824/179305 slices
Extracted 25840/179305 slices
Extracted 25856/179305 slices
Extracted 25872/179305 slices
Extracted 25888/179305 slices
Extracted 25904/179305 slices
Extracted 25920/179305 slices
Extracted 25936/179305 slices
Extracted 25952/179305 slices
Extracted 25968/179305 slices
Extracted 25984/179305 slices
Extracted 26000/179305 slices
Extracted 26016/179305 slices
Extracted 26032/179305 slices
Extracted 26048/179305 slices
Extracted 26064/179305 slices
Extracted 26080/179305 slices
Extracted 26096/179305 slices
Extracted 26112/179305 slices
Extracted 26128/179305 slices
Extracted 26144/179305 slices
Extracted 26160/179305 slices
Extracted 26176/179305 slices
Extracted 26192/179305 slices
Extracted 26208/179305 slices
Extracted 26224/179305 slices
Extracted 26240/179305 slices
Extracted 26256/179305 slices
Extracted 26272/179305 slices
Extracted 26288/179305 slices
Extracted 26304/179305 slices
Extracted 26320/179305 slices
Extracted 26336/179305 slices
Extracted 26352/179305 slices
Extracted 26368/179305 slices
Extracted 26384/179305 slices
Extracted 26400/179305 slices
Extracted 26416/179305 slices
Extracted 26432/179305 slices
Extracted 26448/179305 slices
Extracted 26464/179305 slices
Extracted 26480/179305 slices
Extracted 26496/179305 slices
Extracted 26512/179305 slices
Extracted 26528/179305 slices
Extracted 26544/179305 slices
Extracted 26560/179305 slices
Extracted 26576/179305 slices
Extracted 26592/179305 slices
Extracted 26608/179305 slices
Extracted 26624/179305 slices
Extracted 26640/179305 slices
Extracted 26656/179305 slices
Extracted 26672/179305 slices
Extracted 26688/179305 slices
Extracted 26704/179305 slices
Extracted 26720/179305 slices
Extracted 26736/179305 slices
Extracted 26752/179305 slices
Extracted 26768/179305 slices
Extracted 26784/179305 slices
Extracted 26800/179305 slices
Extracted 26816/179305 slices
Extracted 26832/179305 slices
Extracted 26848/179305 slices
Extracted 26864/179305 slices
Extracted 26880/179305 slices
Extracted 26896/179305 slices
Extracted 26912/179305 slices
Extracted 26928/179305 slices
Extracted 26944/179305 slices
Extracted 26960/179305 slices
Extracted 26976/179305 slices
Extracted 26992/179305 slices
Extracted 27008/179305 slices
Extracted 27024/179305 slices
Extracted 27040/179305 slices
Extracted 27056/179305 slices
Extracted 27072/179305 slices
Extracted 27088/179305 slices
Extracted 27104/179305 slices
Extracted 27120/179305 slices
Extracted 27136/179305 slices
Extracted 27152/179305 slices
Extracted 27168/179305 slices
Extracted 27184/179305 slices
Extracted 27200/179305 slices
Extracted 27216/179305 slices
Extracted 27232/179305 slices
Extracted 27248/179305 slices
Extracted 27264/179305 slices
Extracted 27280/179305 slices
Extracted 27296/179305 slices
Extracted 27312/179305 slices
Extracted 27328/179305 slices
Extracted 27344/179305 slices
Extracted 27360/179305 slices
Extracted 27376/179305 slices
Extracted 27392/179305 slices
Extracted 27408/179305 slices
Extracted 27424/179305 slices
Extracted 27440/179305 slices
Extracted 27456/179305 slices
Extracted 27472/179305 slices
Extracted 27488/179305 slices
Extracted 27504/179305 slices
Extracted 27520/179305 slices
Extracted 27536/179305 slices
Extracted 27552/179305 slices
Extracted 27568/179305 slices
Extracted 27584/179305 slices
Extracted 27600/179305 slices
Extracted 27616/179305 slices
Extracted 27632/179305 slices
Extracted 27648/179305 slices
Extracted 27664/179305 slices
Extracted 27680/179305 slices
Extracted 27696/179305 slices
Extracted 27712/179305 slices
Extracted 27728/179305 slices
Extracted 27744/179305 slices
Extracted 27760/179305 slices
Extracted 27776/179305 slices
Extracted 27792/179305 slices
Extracted 27808/179305 slices
Extracted 27824/179305 slices
Extracted 27840/179305 slices
Extracted 27856/179305 slices
Extracted 27872/179305 slices
Extracted 27888/179305 slices
Extracted 27904/179305 slices
Extracted 27920/179305 slices
Extracted 27936/179305 slices
Extracted 27952/179305 slices
Extracted 27968/179305 slices
Extracted 27984/179305 slices
Extracted 28000/179305 slices
Extracted 28016/179305 slices
Extracted 28032/179305 slices
Extracted 28048/179305 slices
Extracted 28064/179305 slices
Extracted 28080/179305 slices
Extracted 28096/179305 slices
Extracted 28112/179305 slices
Extracted 28128/179305 slices
Extracted 28144/179305 slices
Extracted 28160/179305 slices
Extracted 28176/179305 slices
Extracted 28192/179305 slices
Extracted 28208/179305 slices
Extracted 28224/179305 slices
Extracted 28240/179305 slices
Extracted 28256/179305 slices
Extracted 28272/179305 slices
Extracted 28288/179305 slices
Extracted 28304/179305 slices
Extracted 28320/179305 slices
Extracted 28336/179305 slices
Extracted 28352/179305 slices
Extracted 28368/179305 slices
Extracted 28384/179305 slices
Extracted 28400/179305 slices
Extracted 28416/179305 slices
Extracted 28432/179305 slices
Extracted 28448/179305 slices
Extracted 28464/179305 slices
Extracted 28480/179305 slices
Extracted 28496/179305 slices
Extracted 28512/179305 slices
Extracted 28528/179305 slices
Extracted 28544/179305 slices
Extracted 28560/179305 slices
Extracted 28576/179305 slices
Extracted 28592/179305 slices
Extracted 28608/179305 slices
Extracted 28624/179305 slices
Extracted 28640/179305 slices
Extracted 28656/179305 slices
Extracted 28672/179305 slices
Extracted 28688/179305 slices
Extracted 28704/179305 slices
Extracted 28720/179305 slices
Extracted 28736/179305 slices
Extracted 28752/179305 slices
Extracted 28768/179305 slices
Extracted 28784/179305 slices
Extracted 28800/179305 slices
Extracted 28816/179305 slices
Extracted 28832/179305 slices
Extracted 28848/179305 slices
Extracted 28864/179305 slices
Extracted 28880/179305 slices
Extracted 28896/179305 slices
Extracted 28912/179305 slices
Extracted 28928/179305 slices
Extracted 28944/179305 slices
Extracted 28960/179305 slices
Extracted 28976/179305 slices
Extracted 28992/179305 slices
Extracted 29008/179305 slices
Extracted 29024/179305 slices
Extracted 29040/179305 slices
Extracted 29056/179305 slices
Extracted 29072/179305 slices
Extracted 29088/179305 slices
Extracted 29104/179305 slices
Extracted 29120/179305 slices
Extracted 29136/179305 slices
Extracted 29152/179305 slices
Extracted 29168/179305 slices
Extracted 29184/179305 slices
Extracted 29200/179305 slices
Extracted 29216/179305 slices
Extracted 29232/179305 slices
Extracted 29248/179305 slices
Extracted 29264/179305 slices
Extracted 29280/179305 slices
Extracted 29296/179305 slices
Extracted 29312/179305 slices
Extracted 29328/179305 slices
Extracted 29344/179305 slices
Extracted 29360/179305 slices
Extracted 29376/179305 slices
Extracted 29392/179305 slices
Extracted 29408/179305 slices
Extracted 29424/179305 slices
Extracted 29440/179305 slices
Extracted 29456/179305 slices
Extracted 29472/179305 slices
Extracted 29488/179305 slices
Extracted 29504/179305 slices
Extracted 29520/179305 slices
Extracted 29536/179305 slices
Extracted 29552/179305 slices
Extracted 29568/179305 slices
Extracted 29584/179305 slices
Extracted 29600/179305 slices
Extracted 29616/179305 slices
Extracted 29632/179305 slices
Extracted 29648/179305 slices
Extracted 29664/179305 slices
Extracted 29680/179305 slices
Extracted 29696/179305 slices
Extracted 29712/179305 slices
Extracted 29728/179305 slices
Extracted 29744/179305 slices
Extracted 29760/179305 slices
Extracted 29776/179305 slices
Extracted 29792/179305 slices
Extracted 29808/179305 slices
Extracted 29824/179305 slices
Extracted 29840/179305 slices
Extracted 29856/179305 slices
Extracted 29872/179305 slices
Extracted 29888/179305 slices
Extracted 29904/179305 slices
Extracted 29920/179305 slices
Extracted 29936/179305 slices
Extracted 29952/179305 slices
Extracted 29968/179305 slices
Extracted 29984/179305 slices
Extracted 30000/179305 slices
Extracted 30016/179305 slices
Extracted 30032/179305 slices
Extracted 30048/179305 slices
Extracted 30064/179305 slices
Extracted 30080/179305 slices
Extracted 30096/179305 slices
Extracted 30112/179305 slices
Extracted 30128/179305 slices
Extracted 30144/179305 slices
Extracted 30160/179305 slices
Extracted 30176/179305 slices
Extracted 30192/179305 slices
Extracted 30208/179305 slices
Extracted 30224/179305 slices
Extracted 30240/179305 slices
Extracted 30256/179305 slices
Extracted 30272/179305 slices
Extracted 30288/179305 slices
Extracted 30304/179305 slices
Extracted 30320/179305 slices
Extracted 30336/179305 slices
Extracted 30352/179305 slices
Extracted 30368/179305 slices
Extracted 30384/179305 slices
Extracted 30400/179305 slices
Extracted 30416/179305 slices
Extracted 30432/179305 slices
Extracted 30448/179305 slices
Extracted 30464/179305 slices
Extracted 30480/179305 slices
Extracted 30496/179305 slices
Extracted 30512/179305 slices
Extracted 30528/179305 slices
Extracted 30544/179305 slices
Extracted 30560/179305 slices
Extracted 30576/179305 slices
Extracted 30592/179305 slices
Extracted 30608/179305 slices
Extracted 30624/179305 slices
Extracted 30640/179305 slices
Extracted 30656/179305 slices
Extracted 30672/179305 slices
Extracted 30688/179305 slices
Extracted 30704/179305 slices
Extracted 30720/179305 slices
Extracted 30736/179305 slices
Extracted 30752/179305 slices
Extracted 30768/179305 slices
Extracted 30784/179305 slices
Extracted 30800/179305 slices
Extracted 30816/179305 slices
Extracted 30832/179305 slices
Extracted 30848/179305 slices
Extracted 30864/179305 slices
Extracted 30880/179305 slices
Extracted 30896/179305 slices
Extracted 30912/179305 slices
Extracted 30928/179305 slices
Extracted 30944/179305 slices
Extracted 30960/179305 slices
Extracted 30976/179305 slices
Extracted 30992/179305 slices
Extracted 31008/179305 slices
Extracted 31024/179305 slices
Extracted 31040/179305 slices
Extracted 31056/179305 slices
Extracted 31072/179305 slices
Extracted 31088/179305 slices
Extracted 31104/179305 slices
Extracted 31120/179305 slices
Extracted 31136/179305 slices
Extracted 31152/179305 slices
Extracted 31168/179305 slices
Extracted 31184/179305 slices
Extracted 31200/179305 slices
Extracted 31216/179305 slices
Extracted 31232/179305 slices
Extracted 31248/179305 slices
Extracted 31264/179305 slices
Extracted 31280/179305 slices
Extracted 31296/179305 slices
Extracted 31312/179305 slices
Extracted 31328/179305 slices
Extracted 31344/179305 slices
Extracted 31360/179305 slices
Extracted 31376/179305 slices
Extracted 31392/179305 slices
Extracted 31408/179305 slices
Extracted 31424/179305 slices
Extracted 31440/179305 slices
Extracted 31456/179305 slices
Extracted 31472/179305 slices
Extracted 31488/179305 slices
Extracted 31504/179305 slices
Extracted 31520/179305 slices
Extracted 31536/179305 slices
Extracted 31552/179305 slices
Extracted 31568/179305 slices
Extracted 31584/179305 slices
Extracted 31600/179305 slices
Extracted 31616/179305 slices
Extracted 31632/179305 slices
Extracted 31648/179305 slices
Extracted 31664/179305 slices
Extracted 31680/179305 slices
Extracted 31696/179305 slices
Extracted 31712/179305 slices
Extracted 31728/179305 slices
Extracted 31744/179305 slices
Extracted 31760/179305 slices
Extracted 31776/179305 slices
Extracted 31792/179305 slices
Extracted 31808/179305 slices
Extracted 31824/179305 slices
Extracted 31840/179305 slices
Extracted 31856/179305 slices
Extracted 31872/179305 slices
Extracted 31888/179305 slices
Extracted 31904/179305 slices
Extracted 31920/179305 slices
Extracted 31936/179305 slices
Extracted 31952/179305 slices
Extracted 31968/179305 slices
Extracted 31984/179305 slices
Extracted 32000/179305 slices
Extracted 32016/179305 slices
Extracted 32032/179305 slices
Extracted 32048/179305 slices
Extracted 32064/179305 slices
Extracted 32080/179305 slices
Extracted 32096/179305 slices
Extracted 32112/179305 slices
Extracted 32128/179305 slices
Extracted 32144/179305 slices
Extracted 32160/179305 slices
Extracted 32176/179305 slices
Extracted 32192/179305 slices
Extracted 32208/179305 slices
Extracted 32224/179305 slices
Extracted 32240/179305 slices
Extracted 32256/179305 slices
Extracted 32272/179305 slices
Extracted 32288/179305 slices
Extracted 32304/179305 slices
Extracted 32320/179305 slices
Extracted 32336/179305 slices
Extracted 32352/179305 slices
Extracted 32368/179305 slices
Extracted 32384/179305 slices
Extracted 32400/179305 slices
Extracted 32416/179305 slices
Extracted 32432/179305 slices
Extracted 32448/179305 slices
Extracted 32464/179305 slices
Extracted 32480/179305 slices
Extracted 32496/179305 slices
Extracted 32512/179305 slices
Extracted 32528/179305 slices
Extracted 32544/179305 slices
Extracted 32560/179305 slices
Extracted 32576/179305 slices
Extracted 32592/179305 slices
Extracted 32608/179305 slices
Extracted 32624/179305 slices
Extracted 32640/179305 slices
Extracted 32656/179305 slices
Extracted 32672/179305 slices
Extracted 32688/179305 slices
Extracted 32704/179305 slices
Extracted 32720/179305 slices
Extracted 32736/179305 slices
Extracted 32752/179305 slices
Extracted 32768/179305 slices
Extracted 32784/179305 slices
Extracted 32800/179305 slices
Extracted 32816/179305 slices
Extracted 32832/179305 slices
Extracted 32848/179305 slices
Extracted 32864/179305 slices
Extracted 32880/179305 slices
Extracted 32896/179305 slices
Extracted 32912/179305 slices
Extracted 32928/179305 slices
Extracted 32944/179305 slices
Extracted 32960/179305 slices
Extracted 32976/179305 slices
Extracted 32992/179305 slices
Extracted 33008/179305 slices
Extracted 33024/179305 slices
Extracted 33040/179305 slices
Extracted 33056/179305 slices
Extracted 33072/179305 slices
Extracted 33088/179305 slices
Extracted 33104/179305 slices
Extracted 33120/179305 slices
Extracted 33136/179305 slices
Extracted 33152/179305 slices
Extracted 33168/179305 slices
Extracted 33184/179305 slices
Extracted 33200/179305 slices
Extracted 33216/179305 slices
Extracted 33232/179305 slices
Extracted 33248/179305 slices
Extracted 33264/179305 slices
Extracted 33280/179305 slices
Extracted 33296/179305 slices
Extracted 33312/179305 slices
Extracted 33328/179305 slices
Extracted 33344/179305 slices
Extracted 33360/179305 slices
Extracted 33376/179305 slices
Extracted 33392/179305 slices
Extracted 33408/179305 slices
Extracted 33424/179305 slices
Extracted 33440/179305 slices
Extracted 33456/179305 slices
Extracted 33472/179305 slices
Extracted 33488/179305 slices
Extracted 33504/179305 slices
Extracted 33520/179305 slices
Extracted 33536/179305 slices
Extracted 33552/179305 slices
Extracted 33568/179305 slices
Extracted 33584/179305 slices
Extracted 33600/179305 slices
Extracted 33616/179305 slices
Extracted 33632/179305 slices
Extracted 33648/179305 slices
Extracted 33664/179305 slices
Extracted 33680/179305 slices
Extracted 33696/179305 slices
Extracted 33712/179305 slices
Extracted 33728/179305 slices
Extracted 33744/179305 slices
Extracted 33760/179305 slices
Extracted 33776/179305 slices
Extracted 33792/179305 slices
Extracted 33808/179305 slices
Extracted 33824/179305 slices
Extracted 33840/179305 slices
Extracted 33856/179305 slices
Extracted 33872/179305 slices
Extracted 33888/179305 slices
Extracted 33904/179305 slices
Extracted 33920/179305 slices
Extracted 33936/179305 slices
Extracted 33952/179305 slices
Extracted 33968/179305 slices
Extracted 33984/179305 slices
Extracted 34000/179305 slices
Extracted 34016/179305 slices
Extracted 34032/179305 slices
Extracted 34048/179305 slices
Extracted 34064/179305 slices
Extracted 34080/179305 slices
Extracted 34096/179305 slices
Extracted 34112/179305 slices
Extracted 34128/179305 slices
Extracted 34144/179305 slices
Extracted 34160/179305 slices
Extracted 34176/179305 slices
Extracted 34192/179305 slices
Extracted 34208/179305 slices
Extracted 34224/179305 slices
Extracted 34240/179305 slices
Extracted 34256/179305 slices
Extracted 34272/179305 slices
Extracted 34288/179305 slices
Extracted 34304/179305 slices
Extracted 34320/179305 slices
Extracted 34336/179305 slices
Extracted 34352/179305 slices
Extracted 34368/179305 slices
Extracted 34384/179305 slices
Extracted 34400/179305 slices
Extracted 34416/179305 slices
Extracted 34432/179305 slices
Extracted 34448/179305 slices
Extracted 34464/179305 slices
Extracted 34480/179305 slices
Extracted 34496/179305 slices
Extracted 34512/179305 slices
Extracted 34528/179305 slices
Extracted 34544/179305 slices
Extracted 34560/179305 slices
Extracted 34576/179305 slices
Extracted 34592/179305 slices
Extracted 34608/179305 slices
Extracted 34624/179305 slices
Extracted 34640/179305 slices
Extracted 34656/179305 slices
Extracted 34672/179305 slices
Extracted 34688/179305 slices
Extracted 34704/179305 slices
Extracted 34720/179305 slices
Extracted 34736/179305 slices
Extracted 34752/179305 slices
Extracted 34768/179305 slices
Extracted 34784/179305 slices
Extracted 34800/179305 slices
Extracted 34816/179305 slices
Extracted 34832/179305 slices
Extracted 34848/179305 slices
Extracted 34864/179305 slices
Extracted 34880/179305 slices
Extracted 34896/179305 slices
Extracted 34912/179305 slices
Extracted 34928/179305 slices
Extracted 34944/179305 slices
Extracted 34960/179305 slices
Extracted 34976/179305 slices
Extracted 34992/179305 slices
Extracted 35008/179305 slices
Extracted 35024/179305 slices
Extracted 35040/179305 slices
Extracted 35056/179305 slices
Extracted 35072/179305 slices
Extracted 35088/179305 slices
Extracted 35104/179305 slices
Extracted 35120/179305 slices
Extracted 35136/179305 slices
Extracted 35152/179305 slices
Extracted 35168/179305 slices
Extracted 35184/179305 slices
Extracted 35200/179305 slices
Extracted 35216/179305 slices
Extracted 35232/179305 slices
Extracted 35248/179305 slices
Extracted 35264/179305 slices
Extracted 35280/179305 slices
Extracted 35296/179305 slices
Extracted 35312/179305 slices
Extracted 35328/179305 slices
Extracted 35344/179305 slices
Extracted 35360/179305 slices
Extracted 35376/179305 slices
Extracted 35392/179305 slices
Extracted 35408/179305 slices
Extracted 35424/179305 slices
Extracted 35440/179305 slices
Extracted 35456/179305 slices
Extracted 35472/179305 slices
Extracted 35488/179305 slices
Extracted 35504/179305 slices
Extracted 35520/179305 slices
Extracted 35536/179305 slices
Extracted 35552/179305 slices
Extracted 35568/179305 slices
Extracted 35584/179305 slices
Extracted 35600/179305 slices
Extracted 35616/179305 slices
Extracted 35632/179305 slices
Extracted 35648/179305 slices
Extracted 35664/179305 slices
Extracted 35680/179305 slices
Extracted 35696/179305 slices
Extracted 35712/179305 slices
Extracted 35728/179305 slices
Extracted 35744/179305 slices
Extracted 35760/179305 slices
Extracted 35776/179305 slices
Extracted 35792/179305 slices
Extracted 35808/179305 slices
Extracted 35824/179305 slices
Extracted 35840/179305 slices
Extracted 35856/179305 slices
Extracted 35872/179305 slices
Extracted 35888/179305 slices
Extracted 35904/179305 slices
Extracted 35920/179305 slices
Extracted 35936/179305 slices
Extracted 35952/179305 slices
Extracted 35968/179305 slices
Extracted 35984/179305 slices
Extracted 36000/179305 slices
Extracted 36016/179305 slices
Extracted 36032/179305 slices
Extracted 36048/179305 slices
Extracted 36064/179305 slices
Extracted 36080/179305 slices
Extracted 36096/179305 slices
Extracted 36112/179305 slices
Extracted 36128/179305 slices
Extracted 36144/179305 slices
Extracted 36160/179305 slices
Extracted 36176/179305 slices
Extracted 36192/179305 slices
Extracted 36208/179305 slices
Extracted 36224/179305 slices
Extracted 36240/179305 slices
Extracted 36256/179305 slices
Extracted 36272/179305 slices
Extracted 36288/179305 slices
Extracted 36304/179305 slices
Extracted 36320/179305 slices
Extracted 36336/179305 slices
Extracted 36352/179305 slices
Extracted 36368/179305 slices
Extracted 36384/179305 slices
Extracted 36400/179305 slices
Extracted 36416/179305 slices
Extracted 36432/179305 slices
Extracted 36448/179305 slices
Extracted 36464/179305 slices
Extracted 36480/179305 slices
Extracted 36496/179305 slices
Extracted 36512/179305 slices
Extracted 36528/179305 slices
Extracted 36544/179305 slices
Extracted 36560/179305 slices
Extracted 36576/179305 slices
Extracted 36592/179305 slices
Extracted 36608/179305 slices
Extracted 36624/179305 slices
Extracted 36640/179305 slices
Extracted 36656/179305 slices
Extracted 36672/179305 slices
Extracted 36688/179305 slices
Extracted 36704/179305 slices
Extracted 36720/179305 slices
Extracted 36736/179305 slices
Extracted 36752/179305 slices
Extracted 36768/179305 slices
Extracted 36784/179305 slices
Extracted 36800/179305 slices
Extracted 36816/179305 slices
Extracted 36832/179305 slices
Extracted 36848/179305 slices
Extracted 36864/179305 slices
Extracted 36880/179305 slices
Extracted 36896/179305 slices
Extracted 36912/179305 slices
Extracted 36928/179305 slices
Extracted 36944/179305 slices
Extracted 36960/179305 slices
Extracted 36976/179305 slices
Extracted 36992/179305 slices
Extracted 37008/179305 slices
Extracted 37024/179305 slices
Extracted 37040/179305 slices
Extracted 37056/179305 slices
Extracted 37072/179305 slices
Extracted 37088/179305 slices
Extracted 37104/179305 slices
Extracted 37120/179305 slices
Extracted 37136/179305 slices
Extracted 37152/179305 slices
Extracted 37168/179305 slices
Extracted 37184/179305 slices
Extracted 37200/179305 slices
Extracted 37216/179305 slices
Extracted 37232/179305 slices
Extracted 37248/179305 slices
Extracted 37264/179305 slices
Extracted 37280/179305 slices
Extracted 37296/179305 slices
Extracted 37312/179305 slices
Extracted 37328/179305 slices
Extracted 37344/179305 slices
Extracted 37360/179305 slices
Extracted 37376/179305 slices
Extracted 37392/179305 slices
Extracted 37408/179305 slices
Extracted 37424/179305 slices
Extracted 37440/179305 slices
Extracted 37456/179305 slices
Extracted 37472/179305 slices
Extracted 37488/179305 slices
Extracted 37504/179305 slices
Extracted 37520/179305 slices
Extracted 37536/179305 slices
Extracted 37552/179305 slices
Extracted 37568/179305 slices
Extracted 37584/179305 slices
Extracted 37600/179305 slices
Extracted 37616/179305 slices
Extracted 37632/179305 slices
Extracted 37648/179305 slices
Extracted 37664/179305 slices
Extracted 37680/179305 slices
Extracted 37696/179305 slices
Extracted 37712/179305 slices
Extracted 37728/179305 slices
Extracted 37744/179305 slices
Extracted 37760/179305 slices
Extracted 37776/179305 slices
Extracted 37792/179305 slices
Extracted 37808/179305 slices
Extracted 37824/179305 slices
Extracted 37840/179305 slices
Extracted 37856/179305 slices
Extracted 37872/179305 slices
Extracted 37888/179305 slices
Extracted 37904/179305 slices
Extracted 37920/179305 slices
Extracted 37936/179305 slices
Extracted 37952/179305 slices
Extracted 37968/179305 slices
Extracted 37984/179305 slices
Extracted 38000/179305 slices
Extracted 38016/179305 slices
Extracted 38032/179305 slices
Extracted 38048/179305 slices
Extracted 38064/179305 slices
Extracted 38080/179305 slices
Extracted 38096/179305 slices
Extracted 38112/179305 slices
Extracted 38128/179305 slices
Extracted 38144/179305 slices
Extracted 38160/179305 slices
Extracted 38176/179305 slices
Extracted 38192/179305 slices
Extracted 38208/179305 slices
Extracted 38224/179305 slices
Extracted 38240/179305 slices
Extracted 38256/179305 slices
Extracted 38272/179305 slices
Extracted 38288/179305 slices
Extracted 38304/179305 slices
Extracted 38320/179305 slices
Extracted 38336/179305 slices
Extracted 38352/179305 slices
Extracted 38368/179305 slices
Extracted 38384/179305 slices
Extracted 38400/179305 slices
Extracted 38416/179305 slices
Extracted 38432/179305 slices
Extracted 38448/179305 slices
Extracted 38464/179305 slices
Extracted 38480/179305 slices
Extracted 38496/179305 slices
Extracted 38512/179305 slices
Extracted 38528/179305 slices
Extracted 38544/179305 slices
Extracted 38560/179305 slices
Extracted 38576/179305 slices
Extracted 38592/179305 slices
Extracted 38608/179305 slices
Extracted 38624/179305 slices
Extracted 38640/179305 slices
Extracted 38656/179305 slices
Extracted 38672/179305 slices
Extracted 38688/179305 slices
Extracted 38704/179305 slices
Extracted 38720/179305 slices
Extracted 38736/179305 slices
Extracted 38752/179305 slices
Extracted 38768/179305 slices
Extracted 38784/179305 slices
Extracted 38800/179305 slices
Extracted 38816/179305 slices
Extracted 38832/179305 slices
Extracted 38848/179305 slices
Extracted 38864/179305 slices
Extracted 38880/179305 slices
Extracted 38896/179305 slices
Extracted 38912/179305 slices
Extracted 38928/179305 slices
Extracted 38944/179305 slices
Extracted 38960/179305 slices
Extracted 38976/179305 slices
Extracted 38992/179305 slices
Extracted 39008/179305 slices
Extracted 39024/179305 slices
Extracted 39040/179305 slices
Extracted 39056/179305 slices
Extracted 39072/179305 slices
Extracted 39088/179305 slices
Extracted 39104/179305 slices
Extracted 39120/179305 slices
Extracted 39136/179305 slices
Extracted 39152/179305 slices
Extracted 39168/179305 slices
Extracted 39184/179305 slices
Extracted 39200/179305 slices
Extracted 39216/179305 slices
Extracted 39232/179305 slices
Extracted 39248/179305 slices
Extracted 39264/179305 slices
Extracted 39280/179305 slices
Extracted 39296/179305 slices
Extracted 39312/179305 slices
Extracted 39328/179305 slices
Extracted 39344/179305 slices
Extracted 39360/179305 slices
Extracted 39376/179305 slices
Extracted 39392/179305 slices
Extracted 39408/179305 slices
Extracted 39424/179305 slices
Extracted 39440/179305 slices
Extracted 39456/179305 slices
Extracted 39472/179305 slices
Extracted 39488/179305 slices
Extracted 39504/179305 slices
Extracted 39520/179305 slices
Extracted 39536/179305 slices
Extracted 39552/179305 slices
Extracted 39568/179305 slices
Extracted 39584/179305 slices
Extracted 39600/179305 slices
Extracted 39616/179305 slices
Extracted 39632/179305 slices
Extracted 39648/179305 slices
Extracted 39664/179305 slices
Extracted 39680/179305 slices
Extracted 39696/179305 slices
Extracted 39712/179305 slices
Extracted 39728/179305 slices
Extracted 39744/179305 slices
Extracted 39760/179305 slices
Extracted 39776/179305 slices
Extracted 39792/179305 slices
Extracted 39808/179305 slices
Extracted 39824/179305 slices
Extracted 39840/179305 slices
Extracted 39856/179305 slices
Extracted 39872/179305 slices
Extracted 39888/179305 slices
Extracted 39904/179305 slices
Extracted 39920/179305 slices
Extracted 39936/179305 slices
Extracted 39952/179305 slices
Extracted 39968/179305 slices
Extracted 39984/179305 slices
Extracted 40000/179305 slices
Extracted 40016/179305 slices
Extracted 40032/179305 slices
Extracted 40048/179305 slices
Extracted 40064/179305 slices
Extracted 40080/179305 slices
Extracted 40096/179305 slices
Extracted 40112/179305 slices
Extracted 40128/179305 slices
Extracted 40144/179305 slices
Extracted 40160/179305 slices
Extracted 40176/179305 slices
Extracted 40192/179305 slices
Extracted 40208/179305 slices
Extracted 40224/179305 slices
Extracted 40240/179305 slices
Extracted 40256/179305 slices
Extracted 40272/179305 slices
Extracted 40288/179305 slices
Extracted 40304/179305 slices
Extracted 40320/179305 slices
Extracted 40336/179305 slices
Extracted 40352/179305 slices
Extracted 40368/179305 slices
Extracted 40384/179305 slices
Extracted 40400/179305 slices
Extracted 40416/179305 slices
Extracted 40432/179305 slices
Extracted 40448/179305 slices
Extracted 40464/179305 slices
Extracted 40480/179305 slices
Extracted 40496/179305 slices
Extracted 40512/179305 slices
Extracted 40528/179305 slices
Extracted 40544/179305 slices
Extracted 40560/179305 slices
Extracted 40576/179305 slices
Extracted 40592/179305 slices
Extracted 40608/179305 slices
Extracted 40624/179305 slices
Extracted 40640/179305 slices
Extracted 40656/179305 slices
Extracted 40672/179305 slices
Extracted 40688/179305 slices
Extracted 40704/179305 slices
Extracted 40720/179305 slices
Extracted 40736/179305 slices
Extracted 40752/179305 slices
Extracted 40768/179305 slices
Extracted 40784/179305 slices
Extracted 40800/179305 slices
Extracted 40816/179305 slices
Extracted 40832/179305 slices
Extracted 40848/179305 slices
Extracted 40864/179305 slices
Extracted 40880/179305 slices
Extracted 40896/179305 slices
Extracted 40912/179305 slices
Extracted 40928/179305 slices
Extracted 40944/179305 slices
Extracted 40960/179305 slices
Extracted 40976/179305 slices
Extracted 40992/179305 slices
Extracted 41008/179305 slices
Extracted 41024/179305 slices
Extracted 41040/179305 slices
Extracted 41056/179305 slices
Extracted 41072/179305 slices
Extracted 41088/179305 slices
Extracted 41104/179305 slices
Extracted 41120/179305 slices
Extracted 41136/179305 slices
Extracted 41152/179305 slices
Extracted 41168/179305 slices
Extracted 41184/179305 slices
Extracted 41200/179305 slices
Extracted 41216/179305 slices
Extracted 41232/179305 slices
Extracted 41248/179305 slices
Extracted 41264/179305 slices
Extracted 41280/179305 slices
Extracted 41296/179305 slices
Extracted 41312/179305 slices
Extracted 41328/179305 slices
Extracted 41344/179305 slices
Extracted 41360/179305 slices
Extracted 41376/179305 slices
Extracted 41392/179305 slices
Extracted 41408/179305 slices
Extracted 41424/179305 slices
Extracted 41440/179305 slices
Extracted 41456/179305 slices
Extracted 41472/179305 slices
Extracted 41488/179305 slices
Extracted 41504/179305 slices
Extracted 41520/179305 slices
Extracted 41536/179305 slices
Extracted 41552/179305 slices
Extracted 41568/179305 slices
Extracted 41584/179305 slices
Extracted 41600/179305 slices
Extracted 41616/179305 slices
Extracted 41632/179305 slices
Extracted 41648/179305 slices
Extracted 41664/179305 slices
Extracted 41680/179305 slices
Extracted 41696/179305 slices
Extracted 41712/179305 slices
Extracted 41728/179305 slices
Extracted 41744/179305 slices
Extracted 41760/179305 slices
Extracted 41776/179305 slices
Extracted 41792/179305 slices
Extracted 41808/179305 slices
Extracted 41824/179305 slices
Extracted 41840/179305 slices
Extracted 41856/179305 slices
Extracted 41872/179305 slices
Extracted 41888/179305 slices
Extracted 41904/179305 slices
Extracted 41920/179305 slices
Extracted 41936/179305 slices
Extracted 41952/179305 slices
Extracted 41968/179305 slices
Extracted 41984/179305 slices
Extracted 42000/179305 slices
Extracted 42016/179305 slices
Extracted 42032/179305 slices
Extracted 42048/179305 slices
Extracted 42064/179305 slices
Extracted 42080/179305 slices
Extracted 42096/179305 slices
Extracted 42112/179305 slices
Extracted 42128/179305 slices
Extracted 42144/179305 slices
Extracted 42160/179305 slices
Extracted 42176/179305 slices
Extracted 42192/179305 slices
Extracted 42208/179305 slices
Extracted 42224/179305 slices
Extracted 42240/179305 slices
Extracted 42256/179305 slices
Extracted 42272/179305 slices
Extracted 42288/179305 slices
Extracted 42304/179305 slices
Extracted 42320/179305 slices
Extracted 42336/179305 slices
Extracted 42352/179305 slices
Extracted 42368/179305 slices
Extracted 42384/179305 slices
Extracted 42400/179305 slices
Extracted 42416/179305 slices
Extracted 42432/179305 slices
Extracted 42448/179305 slices
Extracted 42464/179305 slices
Extracted 42480/179305 slices
Extracted 42496/179305 slices
Extracted 42512/179305 slices
Extracted 42528/179305 slices
Extracted 42544/179305 slices
Extracted 42560/179305 slices
Extracted 42576/179305 slices
Extracted 42592/179305 slices
Extracted 42608/179305 slices
Extracted 42624/179305 slices
Extracted 42640/179305 slices
Extracted 42656/179305 slices
Extracted 42672/179305 slices
Extracted 42688/179305 slices
Extracted 42704/179305 slices
Extracted 42720/179305 slices
Extracted 42736/179305 slices
Extracted 42752/179305 slices
Extracted 42768/179305 slices
Extracted 42784/179305 slices
Extracted 42800/179305 slices
Extracted 42816/179305 slices
Extracted 42832/179305 slices
Extracted 42848/179305 slices
Extracted 42864/179305 slices
Extracted 42880/179305 slices
Extracted 42896/179305 slices
Extracted 42912/179305 slices
Extracted 42928/179305 slices
Extracted 42944/179305 slices
Extracted 42960/179305 slices
Extracted 42976/179305 slices
Extracted 42992/179305 slices
Extracted 43008/179305 slices
Extracted 43024/179305 slices
Extracted 43040/179305 slices
Extracted 43056/179305 slices
Extracted 43072/179305 slices
Extracted 43088/179305 slices
Extracted 43104/179305 slices
Extracted 43120/179305 slices
Extracted 43136/179305 slices
Extracted 43152/179305 slices
Extracted 43168/179305 slices
Extracted 43184/179305 slices
Extracted 43200/179305 slices
Extracted 43216/179305 slices
Extracted 43232/179305 slices
Extracted 43248/179305 slices
Extracted 43264/179305 slices
Extracted 43280/179305 slices
Extracted 43296/179305 slices
Extracted 43312/179305 slices
Extracted 43328/179305 slices
Extracted 43344/179305 slices
Extracted 43360/179305 slices
Extracted 43376/179305 slices
Extracted 43392/179305 slices
Extracted 43408/179305 slices
Extracted 43424/179305 slices
Extracted 43440/179305 slices
Extracted 43456/179305 slices
Extracted 43472/179305 slices
Extracted 43488/179305 slices
Extracted 43504/179305 slices
Extracted 43520/179305 slices
Extracted 43536/179305 slices
Extracted 43552/179305 slices
Extracted 43568/179305 slices
Extracted 43584/179305 slices
Extracted 43600/179305 slices
Extracted 43616/179305 slices
Extracted 43632/179305 slices
Extracted 43648/179305 slices
Extracted 43664/179305 slices
Extracted 43680/179305 slices
Extracted 43696/179305 slices
Extracted 43712/179305 slices
Extracted 43728/179305 slices
Extracted 43744/179305 slices
Extracted 43760/179305 slices
Extracted 43776/179305 slices
Extracted 43792/179305 slices
Extracted 43808/179305 slices
Extracted 43824/179305 slices
Extracted 43840/179305 slices
Extracted 43856/179305 slices
Extracted 43872/179305 slices
Extracted 43888/179305 slices
Extracted 43904/179305 slices
Extracted 43920/179305 slices
Extracted 43936/179305 slices
Extracted 43952/179305 slices
Extracted 43968/179305 slices
Extracted 43984/179305 slices
Extracted 44000/179305 slices
Extracted 44016/179305 slices
Extracted 44032/179305 slices
Extracted 44048/179305 slices
Extracted 44064/179305 slices
Extracted 44080/179305 slices
Extracted 44096/179305 slices
Extracted 44112/179305 slices
Extracted 44128/179305 slices
Extracted 44144/179305 slices
Extracted 44160/179305 slices
Extracted 44176/179305 slices
Extracted 44192/179305 slices
Extracted 44208/179305 slices
Extracted 44224/179305 slices
Extracted 44240/179305 slices
Extracted 44256/179305 slices
Extracted 44272/179305 slices
Extracted 44288/179305 slices
Extracted 44304/179305 slices
Extracted 44320/179305 slices
Extracted 44336/179305 slices
Extracted 44352/179305 slices
Extracted 44368/179305 slices
Extracted 44384/179305 slices
Extracted 44400/179305 slices
Extracted 44416/179305 slices
Extracted 44432/179305 slices
Extracted 44448/179305 slices
Extracted 44464/179305 slices
Extracted 44480/179305 slices
Extracted 44496/179305 slices
Extracted 44512/179305 slices
Extracted 44528/179305 slices
Extracted 44544/179305 slices
Extracted 44560/179305 slices
Extracted 44576/179305 slices
Extracted 44592/179305 slices
Extracted 44608/179305 slices
Extracted 44624/179305 slices
Extracted 44640/179305 slices
Extracted 44656/179305 slices
Extracted 44672/179305 slices
Extracted 44688/179305 slices
Extracted 44704/179305 slices
Extracted 44720/179305 slices
Extracted 44736/179305 slices
Extracted 44752/179305 slices
Extracted 44768/179305 slices
Extracted 44784/179305 slices
Extracted 44800/179305 slices
Extracted 44816/179305 slices
Extracted 44832/179305 slices
Extracted 44848/179305 slices
Extracted 44864/179305 slices
Extracted 44880/179305 slices
Extracted 44896/179305 slices
Extracted 44912/179305 slices
Extracted 44928/179305 slices
Extracted 44944/179305 slices
Extracted 44960/179305 slices
Extracted 44976/179305 slices
Extracted 44992/179305 slices
Extracted 45008/179305 slices
Extracted 45024/179305 slices
Extracted 45040/179305 slices
Extracted 45056/179305 slices
Extracted 45072/179305 slices
Extracted 45088/179305 slices
Extracted 45104/179305 slices
Extracted 45120/179305 slices
Extracted 45136/179305 slices
Extracted 45152/179305 slices
Extracted 45168/179305 slices
Extracted 45184/179305 slices
Extracted 45200/179305 slices
Extracted 45216/179305 slices
Extracted 45232/179305 slices
Extracted 45248/179305 slices
Extracted 45264/179305 slices
Extracted 45280/179305 slices
Extracted 45296/179305 slices
Extracted 45312/179305 slices
Extracted 45328/179305 slices
Extracted 45344/179305 slices
Extracted 45360/179305 slices
Extracted 45376/179305 slices
Extracted 45392/179305 slices
Extracted 45408/179305 slices
Extracted 45424/179305 slices
Extracted 45440/179305 slices
Extracted 45456/179305 slices
Extracted 45472/179305 slices
Extracted 45488/179305 slices
Extracted 45504/179305 slices
Extracted 45520/179305 slices
Extracted 45536/179305 slices
Extracted 45552/179305 slices
Extracted 45568/179305 slices
Extracted 45584/179305 slices
Extracted 45600/179305 slices
Extracted 45616/179305 slices
Extracted 45632/179305 slices
Extracted 45648/179305 slices
Extracted 45664/179305 slices
Extracted 45680/179305 slices
Extracted 45696/179305 slices
Extracted 45712/179305 slices
Extracted 45728/179305 slices
Extracted 45744/179305 slices
Extracted 45760/179305 slices
Extracted 45776/179305 slices
Extracted 45792/179305 slices
Extracted 45808/179305 slices
Extracted 45824/179305 slices
Extracted 45840/179305 slices
Extracted 45856/179305 slices
Extracted 45872/179305 slices
Extracted 45888/179305 slices
Extracted 45904/179305 slices
Extracted 45920/179305 slices
Extracted 45936/179305 slices
Extracted 45952/179305 slices
Extracted 45968/179305 slices
Extracted 45984/179305 slices
Extracted 46000/179305 slices
Extracted 46016/179305 slices
Extracted 46032/179305 slices
Extracted 46048/179305 slices
Extracted 46064/179305 slices
Extracted 46080/179305 slices
Extracted 46096/179305 slices
Extracted 46112/179305 slices
Extracted 46128/179305 slices
Extracted 46144/179305 slices
Extracted 46160/179305 slices
Extracted 46176/179305 slices
Extracted 46192/179305 slices
Extracted 46208/179305 slices
Extracted 46224/179305 slices
Extracted 46240/179305 slices
Extracted 46256/179305 slices
Extracted 46272/179305 slices
Extracted 46288/179305 slices
Extracted 46304/179305 slices
Extracted 46320/179305 slices
Extracted 46336/179305 slices
Extracted 46352/179305 slices
Extracted 46368/179305 slices
Extracted 46384/179305 slices
Extracted 46400/179305 slices
Extracted 46416/179305 slices
Extracted 46432/179305 slices
Extracted 46448/179305 slices
Extracted 46464/179305 slices
Extracted 46480/179305 slices
Extracted 46496/179305 slices
Extracted 46512/179305 slices
Extracted 46528/179305 slices
Extracted 46544/179305 slices
Extracted 46560/179305 slices
Extracted 46576/179305 slices
Extracted 46592/179305 slices
Extracted 46608/179305 slices
Extracted 46624/179305 slices
Extracted 46640/179305 slices
Extracted 46656/179305 slices
Extracted 46672/179305 slices
Extracted 46688/179305 slices
Extracted 46704/179305 slices
Extracted 46720/179305 slices
Extracted 46736/179305 slices
Extracted 46752/179305 slices
Extracted 46768/179305 slices
Extracted 46784/179305 slices
Extracted 46800/179305 slices
Extracted 46816/179305 slices
Extracted 46832/179305 slices
Extracted 46848/179305 slices
Extracted 46864/179305 slices
Extracted 46880/179305 slices
Extracted 46896/179305 slices
Extracted 46912/179305 slices
Extracted 46928/179305 slices
Extracted 46944/179305 slices
Extracted 46960/179305 slices
Extracted 46976/179305 slices
Extracted 46992/179305 slices
Extracted 47008/179305 slices
Extracted 47024/179305 slices
Extracted 47040/179305 slices
Extracted 47056/179305 slices
Extracted 47072/179305 slices
Extracted 47088/179305 slices
Extracted 47104/179305 slices
Extracted 47120/179305 slices
Extracted 47136/179305 slices
Extracted 47152/179305 slices
Extracted 47168/179305 slices
Extracted 47184/179305 slices
Extracted 47200/179305 slices
Extracted 47216/179305 slices
Extracted 47232/179305 slices
Extracted 47248/179305 slices
Extracted 47264/179305 slices
Extracted 47280/179305 slices
Extracted 47296/179305 slices
Extracted 47312/179305 slices
Extracted 47328/179305 slices
Extracted 47344/179305 slices
Extracted 47360/179305 slices
Extracted 47376/179305 slices
Extracted 47392/179305 slices
Extracted 47408/179305 slices
Extracted 47424/179305 slices
Extracted 47440/179305 slices
Extracted 47456/179305 slices
Extracted 47472/179305 slices
Extracted 47488/179305 slices
Extracted 47504/179305 slices
Extracted 47520/179305 slices
Extracted 47536/179305 slices
Extracted 47552/179305 slices
Extracted 47568/179305 slices
Extracted 47584/179305 slices
Extracted 47600/179305 slices
Extracted 47616/179305 slices
Extracted 47632/179305 slices
Extracted 47648/179305 slices
Extracted 47664/179305 slices
Extracted 47680/179305 slices
Extracted 47696/179305 slices
Extracted 47712/179305 slices
Extracted 47728/179305 slices
Extracted 47744/179305 slices
Extracted 47760/179305 slices
Extracted 47776/179305 slices
Extracted 47792/179305 slices
Extracted 47808/179305 slices
Extracted 47824/179305 slices
Extracted 47840/179305 slices
Extracted 47856/179305 slices
Extracted 47872/179305 slices
Extracted 47888/179305 slices
Extracted 47904/179305 slices
Extracted 47920/179305 slices
Extracted 47936/179305 slices
Extracted 47952/179305 slices
Extracted 47968/179305 slices
Extracted 47984/179305 slices
Extracted 48000/179305 slices
Extracted 48016/179305 slices
Extracted 48032/179305 slices
Extracted 48048/179305 slices
Extracted 48064/179305 slices
Extracted 48080/179305 slices
Extracted 48096/179305 slices
Extracted 48112/179305 slices
Extracted 48128/179305 slices
Extracted 48144/179305 slices
Extracted 48160/179305 slices
Extracted 48176/179305 slices
Extracted 48192/179305 slices
Extracted 48208/179305 slices
Extracted 48224/179305 slices
Extracted 48240/179305 slices
Extracted 48256/179305 slices
Extracted 48272/179305 slices
Extracted 48288/179305 slices
Extracted 48304/179305 slices
Extracted 48320/179305 slices
Extracted 48336/179305 slices
Extracted 48352/179305 slices
Extracted 48368/179305 slices
Extracted 48384/179305 slices
Extracted 48400/179305 slices
Extracted 48416/179305 slices
Extracted 48432/179305 slices
Extracted 48448/179305 slices
Extracted 48464/179305 slices
Extracted 48480/179305 slices
Extracted 48496/179305 slices
Extracted 48512/179305 slices
Extracted 48528/179305 slices
Extracted 48544/179305 slices
Extracted 48560/179305 slices
Extracted 48576/179305 slices
Extracted 48592/179305 slices
Extracted 48608/179305 slices
Extracted 48624/179305 slices
Extracted 48640/179305 slices
Extracted 48656/179305 slices
Extracted 48672/179305 slices
Extracted 48688/179305 slices
Extracted 48704/179305 slices
Extracted 48720/179305 slices
Extracted 48736/179305 slices
Extracted 48752/179305 slices
Extracted 48768/179305 slices
Extracted 48784/179305 slices
Extracted 48800/179305 slices
Extracted 48816/179305 slices
Extracted 48832/179305 slices
Extracted 48848/179305 slices
Extracted 48864/179305 slices
Extracted 48880/179305 slices
Extracted 48896/179305 slices
Extracted 48912/179305 slices
Extracted 48928/179305 slices
Extracted 48944/179305 slices
Extracted 48960/179305 slices
Extracted 48976/179305 slices
Extracted 48992/179305 slices
Extracted 49008/179305 slices
Extracted 49024/179305 slices
Extracted 49040/179305 slices
Extracted 49056/179305 slices
Extracted 49072/179305 slices
Extracted 49088/179305 slices
Extracted 49104/179305 slices
Extracted 49120/179305 slices
Extracted 49136/179305 slices
Extracted 49152/179305 slices
Extracted 49168/179305 slices
Extracted 49184/179305 slices
Extracted 49200/179305 slices
Extracted 49216/179305 slices
Extracted 49232/179305 slices
Extracted 49248/179305 slices
Extracted 49264/179305 slices
Extracted 49280/179305 slices
Extracted 49296/179305 slices
Extracted 49312/179305 slices
Extracted 49328/179305 slices
Extracted 49344/179305 slices
Extracted 49360/179305 slices
Extracted 49376/179305 slices
Extracted 49392/179305 slices
Extracted 49408/179305 slices
Extracted 49424/179305 slices
Extracted 49440/179305 slices
Extracted 49456/179305 slices
Extracted 49472/179305 slices
Extracted 49488/179305 slices
Extracted 49504/179305 slices
Extracted 49520/179305 slices
Extracted 49536/179305 slices
Extracted 49552/179305 slices
Extracted 49568/179305 slices
Extracted 49584/179305 slices
Extracted 49600/179305 slices
Extracted 49616/179305 slices
Extracted 49632/179305 slices
Extracted 49648/179305 slices
Extracted 49664/179305 slices
Extracted 49680/179305 slices
Extracted 49696/179305 slices
Extracted 49712/179305 slices
Extracted 49728/179305 slices
Extracted 49744/179305 slices
Extracted 49760/179305 slices
Extracted 49776/179305 slices
Extracted 49792/179305 slices
Extracted 49808/179305 slices
Extracted 49824/179305 slices
Extracted 49840/179305 slices
Extracted 49856/179305 slices
Extracted 49872/179305 slices
Extracted 49888/179305 slices
Extracted 49904/179305 slices
Extracted 49920/179305 slices
Extracted 49936/179305 slices
Extracted 49952/179305 slices
Extracted 49968/179305 slices
Extracted 49984/179305 slices
Extracted 50000/179305 slices
Extracted 50016/179305 slices
Extracted 50032/179305 slices
Extracted 50048/179305 slices
Extracted 50064/179305 slices
Extracted 50080/179305 slices
Extracted 50096/179305 slices
Extracted 50112/179305 slices
Extracted 50128/179305 slices
Extracted 50144/179305 slices
Extracted 50160/179305 slices
Extracted 50176/179305 slices
Extracted 50192/179305 slices
Extracted 50208/179305 slices
Extracted 50224/179305 slices
Extracted 50240/179305 slices
Extracted 50256/179305 slices
Extracted 50272/179305 slices
Extracted 50288/179305 slices
Extracted 50304/179305 slices
Extracted 50320/179305 slices
Extracted 50336/179305 slices
Extracted 50352/179305 slices
Extracted 50368/179305 slices
Extracted 50384/179305 slices
Extracted 50400/179305 slices
Extracted 50416/179305 slices
Extracted 50432/179305 slices
Extracted 50448/179305 slices
Extracted 50464/179305 slices
Extracted 50480/179305 slices
Extracted 50496/179305 slices
Extracted 50512/179305 slices
Extracted 50528/179305 slices
Extracted 50544/179305 slices
Extracted 50560/179305 slices
Extracted 50576/179305 slices
Extracted 50592/179305 slices
Extracted 50608/179305 slices
Extracted 50624/179305 slices
Extracted 50640/179305 slices
Extracted 50656/179305 slices
Extracted 50672/179305 slices
Extracted 50688/179305 slices
Extracted 50704/179305 slices
Extracted 50720/179305 slices
Extracted 50736/179305 slices
Extracted 50752/179305 slices
Extracted 50768/179305 slices
Extracted 50784/179305 slices
Extracted 50800/179305 slices
Extracted 50816/179305 slices
Extracted 50832/179305 slices
Extracted 50848/179305 slices
Extracted 50864/179305 slices
Extracted 50880/179305 slices
Extracted 50896/179305 slices
Extracted 50912/179305 slices
Extracted 50928/179305 slices
Extracted 50944/179305 slices
Extracted 50960/179305 slices
Extracted 50976/179305 slices
Extracted 50992/179305 slices
Extracted 51008/179305 slices
Extracted 51024/179305 slices
Extracted 51040/179305 slices
Extracted 51056/179305 slices
Extracted 51072/179305 slices
Extracted 51088/179305 slices
Extracted 51104/179305 slices
Extracted 51120/179305 slices
Extracted 51136/179305 slices
Extracted 51152/179305 slices
Extracted 51168/179305 slices
Extracted 51184/179305 slices
Extracted 51200/179305 slices
Extracted 51216/179305 slices
Extracted 51232/179305 slices
Extracted 51248/179305 slices
Extracted 51264/179305 slices
Extracted 51280/179305 slices
Extracted 51296/179305 slices
Extracted 51312/179305 slices
Extracted 51328/179305 slices
Extracted 51344/179305 slices
Extracted 51360/179305 slices
Extracted 51376/179305 slices
Extracted 51392/179305 slices
Extracted 51408/179305 slices
Extracted 51424/179305 slices
Extracted 51440/179305 slices
Extracted 51456/179305 slices
Extracted 51472/179305 slices
Extracted 51488/179305 slices
Extracted 51504/179305 slices
Extracted 51520/179305 slices
Extracted 51536/179305 slices
Extracted 51552/179305 slices
Extracted 51568/179305 slices
Extracted 51584/179305 slices
Extracted 51600/179305 slices
Extracted 51616/179305 slices
Extracted 51632/179305 slices
Extracted 51648/179305 slices
Extracted 51664/179305 slices
Extracted 51680/179305 slices
Extracted 51696/179305 slices
Extracted 51712/179305 slices
Extracted 51728/179305 slices
Extracted 51744/179305 slices
Extracted 51760/179305 slices
Extracted 51776/179305 slices
Extracted 51792/179305 slices
Extracted 51808/179305 slices
Extracted 51824/179305 slices
Extracted 51840/179305 slices
Extracted 51856/179305 slices
Extracted 51872/179305 slices
Extracted 51888/179305 slices
Extracted 51904/179305 slices
Extracted 51920/179305 slices
Extracted 51936/179305 slices
Extracted 51952/179305 slices
Extracted 51968/179305 slices
Extracted 51984/179305 slices
Extracted 52000/179305 slices
Extracted 52016/179305 slices
Extracted 52032/179305 slices
Extracted 52048/179305 slices
Extracted 52064/179305 slices
Extracted 52080/179305 slices
Extracted 52096/179305 slices
Extracted 52112/179305 slices
Extracted 52128/179305 slices
Extracted 52144/179305 slices
Extracted 52160/179305 slices
Extracted 52176/179305 slices
Extracted 52192/179305 slices
Extracted 52208/179305 slices
Extracted 52224/179305 slices
Extracted 52240/179305 slices
Extracted 52256/179305 slices
Extracted 52272/179305 slices
Extracted 52288/179305 slices
Extracted 52304/179305 slices
Extracted 52320/179305 slices
Extracted 52336/179305 slices
Extracted 52352/179305 slices
Extracted 52368/179305 slices
Extracted 52384/179305 slices
Extracted 52400/179305 slices
Extracted 52416/179305 slices
Extracted 52432/179305 slices
Extracted 52448/179305 slices
Extracted 52464/179305 slices
Extracted 52480/179305 slices
Extracted 52496/179305 slices
Extracted 52512/179305 slices
Extracted 52528/179305 slices
Extracted 52544/179305 slices
Extracted 52560/179305 slices
Extracted 52576/179305 slices
Extracted 52592/179305 slices
Extracted 52608/179305 slices
Extracted 52624/179305 slices
Extracted 52640/179305 slices
Extracted 52656/179305 slices
Extracted 52672/179305 slices
Extracted 52688/179305 slices
Extracted 52704/179305 slices
Extracted 52720/179305 slices
Extracted 52736/179305 slices
Extracted 52752/179305 slices
Extracted 52768/179305 slices
Extracted 52784/179305 slices
Extracted 52800/179305 slices
Extracted 52816/179305 slices
Extracted 52832/179305 slices
Extracted 52848/179305 slices
Extracted 52864/179305 slices
Extracted 52880/179305 slices
Extracted 52896/179305 slices
Extracted 52912/179305 slices
Extracted 52928/179305 slices
Extracted 52944/179305 slices
Extracted 52960/179305 slices
Extracted 52976/179305 slices
Extracted 52992/179305 slices
Extracted 53008/179305 slices
Extracted 53024/179305 slices
Extracted 53040/179305 slices
Extracted 53056/179305 slices
Extracted 53072/179305 slices
Extracted 53088/179305 slices
Extracted 53104/179305 slices
Extracted 53120/179305 slices
Extracted 53136/179305 slices
Extracted 53152/179305 slices
Extracted 53168/179305 slices
Extracted 53184/179305 slices
Extracted 53200/179305 slices
Extracted 53216/179305 slices
Extracted 53232/179305 slices
Extracted 53248/179305 slices
Extracted 53264/179305 slices
Extracted 53280/179305 slices
Extracted 53296/179305 slices
Extracted 53312/179305 slices
Extracted 53328/179305 slices
Extracted 53344/179305 slices
Extracted 53360/179305 slices
Extracted 53376/179305 slices
Extracted 53392/179305 slices
Extracted 53408/179305 slices
Extracted 53424/179305 slices
Extracted 53440/179305 slices
Extracted 53456/179305 slices
Extracted 53472/179305 slices
Extracted 53488/179305 slices
Extracted 53504/179305 slices
Extracted 53520/179305 slices
Extracted 53536/179305 slices
Extracted 53552/179305 slices
Extracted 53568/179305 slices
Extracted 53584/179305 slices
Extracted 53600/179305 slices
Extracted 53616/179305 slices
Extracted 53632/179305 slices
Extracted 53648/179305 slices
Extracted 53664/179305 slices
Extracted 53680/179305 slices
Extracted 53696/179305 slices
Extracted 53712/179305 slices
Extracted 53728/179305 slices
Extracted 53744/179305 slices
Extracted 53760/179305 slices
Extracted 53776/179305 slices
Extracted 53792/179305 slices
Extracted 53808/179305 slices
Extracted 53824/179305 slices
Extracted 53840/179305 slices
Extracted 53856/179305 slices
Extracted 53872/179305 slices
Extracted 53888/179305 slices
Extracted 53904/179305 slices
Extracted 53920/179305 slices
Extracted 53936/179305 slices
Extracted 53952/179305 slices
Extracted 53968/179305 slices
Extracted 53984/179305 slices
Extracted 54000/179305 slices
Extracted 54016/179305 slices
Extracted 54032/179305 slices
Extracted 54048/179305 slices
Extracted 54064/179305 slices
Extracted 54080/179305 slices
Extracted 54096/179305 slices
Extracted 54112/179305 slices
Extracted 54128/179305 slices
Extracted 54144/179305 slices
Extracted 54160/179305 slices
Extracted 54176/179305 slices
Extracted 54192/179305 slices
Extracted 54208/179305 slices
Extracted 54224/179305 slices
Extracted 54240/179305 slices
Extracted 54256/179305 slices
Extracted 54272/179305 slices
Extracted 54288/179305 slices
Extracted 54304/179305 slices
Extracted 54320/179305 slices
Extracted 54336/179305 slices
Extracted 54352/179305 slices
Extracted 54368/179305 slices
Extracted 54384/179305 slices
Extracted 54400/179305 slices
Extracted 54416/179305 slices
Extracted 54432/179305 slices
Extracted 54448/179305 slices
Extracted 54464/179305 slices
Extracted 54480/179305 slices
Extracted 54496/179305 slices
Extracted 54512/179305 slices
Extracted 54528/179305 slices
Extracted 54544/179305 slices
Extracted 54560/179305 slices
Extracted 54576/179305 slices
Extracted 54592/179305 slices
Extracted 54608/179305 slices
Extracted 54624/179305 slices
Extracted 54640/179305 slices
Extracted 54656/179305 slices
Extracted 54672/179305 slices
Extracted 54688/179305 slices
Extracted 54704/179305 slices
Extracted 54720/179305 slices
Extracted 54736/179305 slices
Extracted 54752/179305 slices
Extracted 54768/179305 slices
Extracted 54784/179305 slices
Extracted 54800/179305 slices
Extracted 54816/179305 slices
Extracted 54832/179305 slices
Extracted 54848/179305 slices
Extracted 54864/179305 slices
Extracted 54880/179305 slices
Extracted 54896/179305 slices
Extracted 54912/179305 slices
Extracted 54928/179305 slices
Extracted 54944/179305 slices
Extracted 54960/179305 slices
Extracted 54976/179305 slices
Extracted 54992/179305 slices
Extracted 55008/179305 slices
Extracted 55024/179305 slices
Extracted 55040/179305 slices
Extracted 55056/179305 slices
Extracted 55072/179305 slices
Extracted 55088/179305 slices
Extracted 55104/179305 slices
Extracted 55120/179305 slices
Extracted 55136/179305 slices
Extracted 55152/179305 slices
Extracted 55168/179305 slices
Extracted 55184/179305 slices
Extracted 55200/179305 slices
Extracted 55216/179305 slices
Extracted 55232/179305 slices
Extracted 55248/179305 slices
Extracted 55264/179305 slices
Extracted 55280/179305 slices
Extracted 55296/179305 slices
Extracted 55312/179305 slices
Extracted 55328/179305 slices
Extracted 55344/179305 slices
Extracted 55360/179305 slices
Extracted 55376/179305 slices
Extracted 55392/179305 slices
Extracted 55408/179305 slices
Extracted 55424/179305 slices
Extracted 55440/179305 slices
Extracted 55456/179305 slices
Extracted 55472/179305 slices
Extracted 55488/179305 slices
Extracted 55504/179305 slices
Extracted 55520/179305 slices
Extracted 55536/179305 slices
Extracted 55552/179305 slices
Extracted 55568/179305 slices
Extracted 55584/179305 slices
Extracted 55600/179305 slices
Extracted 55616/179305 slices
Extracted 55632/179305 slices
Extracted 55648/179305 slices
Extracted 55664/179305 slices
Extracted 55680/179305 slices
Extracted 55696/179305 slices
Extracted 55712/179305 slices
Extracted 55728/179305 slices
Extracted 55744/179305 slices
Extracted 55760/179305 slices
Extracted 55776/179305 slices
Extracted 55792/179305 slices
Extracted 55808/179305 slices
Extracted 55824/179305 slices
Extracted 55840/179305 slices
Extracted 55856/179305 slices
Extracted 55872/179305 slices
Extracted 55888/179305 slices
Extracted 55904/179305 slices
Extracted 55920/179305 slices
Extracted 55936/179305 slices
Extracted 55952/179305 slices
Extracted 55968/179305 slices
Extracted 55984/179305 slices
Extracted 56000/179305 slices
Extracted 56016/179305 slices
Extracted 56032/179305 slices
Extracted 56048/179305 slices
Extracted 56064/179305 slices
Extracted 56080/179305 slices
Extracted 56096/179305 slices
Extracted 56112/179305 slices
Extracted 56128/179305 slices
Extracted 56144/179305 slices
Extracted 56160/179305 slices
Extracted 56176/179305 slices
Extracted 56192/179305 slices
Extracted 56208/179305 slices
Extracted 56224/179305 slices
Extracted 56240/179305 slices
Extracted 56256/179305 slices
Extracted 56272/179305 slices
Extracted 56288/179305 slices
Extracted 56304/179305 slices
Extracted 56320/179305 slices
Extracted 56336/179305 slices
Extracted 56352/179305 slices
Extracted 56368/179305 slices
Extracted 56384/179305 slices
Extracted 56400/179305 slices
Extracted 56416/179305 slices
Extracted 56432/179305 slices
Extracted 56448/179305 slices
Extracted 56464/179305 slices
Extracted 56480/179305 slices
Extracted 56496/179305 slices
Extracted 56512/179305 slices
Extracted 56528/179305 slices
Extracted 56544/179305 slices
Extracted 56560/179305 slices
Extracted 56576/179305 slices
Extracted 56592/179305 slices
Extracted 56608/179305 slices
Extracted 56624/179305 slices
Extracted 56640/179305 slices
Extracted 56656/179305 slices
Extracted 56672/179305 slices
Extracted 56688/179305 slices
Extracted 56704/179305 slices
Extracted 56720/179305 slices
Extracted 56736/179305 slices
Extracted 56752/179305 slices
Extracted 56768/179305 slices
Extracted 56784/179305 slices
Extracted 56800/179305 slices
Extracted 56816/179305 slices
Extracted 56832/179305 slices
Extracted 56848/179305 slices
Extracted 56864/179305 slices
Extracted 56880/179305 slices
Extracted 56896/179305 slices
Extracted 56912/179305 slices
Extracted 56928/179305 slices
Extracted 56944/179305 slices
Extracted 56960/179305 slices
Extracted 56976/179305 slices
Extracted 56992/179305 slices
Extracted 57008/179305 slices
Extracted 57024/179305 slices
Extracted 57040/179305 slices
Extracted 57056/179305 slices
Extracted 57072/179305 slices
Extracted 57088/179305 slices
Extracted 57104/179305 slices
Extracted 57120/179305 slices
Extracted 57136/179305 slices
Extracted 57152/179305 slices
Extracted 57168/179305 slices
Extracted 57184/179305 slices
Extracted 57200/179305 slices
Extracted 57216/179305 slices
Extracted 57232/179305 slices
Extracted 57248/179305 slices
Extracted 57264/179305 slices
Extracted 57280/179305 slices
Extracted 57296/179305 slices
Extracted 57312/179305 slices
Extracted 57328/179305 slices
Extracted 57344/179305 slices
Extracted 57360/179305 slices
Extracted 57376/179305 slices
Extracted 57392/179305 slices
Extracted 57408/179305 slices
Extracted 57424/179305 slices
Extracted 57440/179305 slices
Extracted 57456/179305 slices
Extracted 57472/179305 slices
Extracted 57488/179305 slices
Extracted 57504/179305 slices
Extracted 57520/179305 slices
Extracted 57536/179305 slices
Extracted 57552/179305 slices
Extracted 57568/179305 slices
Extracted 57584/179305 slices
Extracted 57600/179305 slices
Extracted 57616/179305 slices
Extracted 57632/179305 slices
Extracted 57648/179305 slices
Extracted 57664/179305 slices
Extracted 57680/179305 slices
Extracted 57696/179305 slices
Extracted 57712/179305 slices
Extracted 57728/179305 slices
Extracted 57744/179305 slices
Extracted 57760/179305 slices
Extracted 57776/179305 slices
Extracted 57792/179305 slices
Extracted 57808/179305 slices
Extracted 57824/179305 slices
Extracted 57840/179305 slices
Extracted 57856/179305 slices
Extracted 57872/179305 slices
Extracted 57888/179305 slices
Extracted 57904/179305 slices
Extracted 57920/179305 slices
Extracted 57936/179305 slices
Extracted 57952/179305 slices
Extracted 57968/179305 slices
Extracted 57984/179305 slices
Extracted 58000/179305 slices
Extracted 58016/179305 slices
Extracted 58032/179305 slices
Extracted 58048/179305 slices
Extracted 58064/179305 slices
Extracted 58080/179305 slices
Extracted 58096/179305 slices
Extracted 58112/179305 slices
Extracted 58128/179305 slices
Extracted 58144/179305 slices
Extracted 58160/179305 slices
Extracted 58176/179305 slices
Extracted 58192/179305 slices
Extracted 58208/179305 slices
Extracted 58224/179305 slices
Extracted 58240/179305 slices
Extracted 58256/179305 slices
Extracted 58272/179305 slices
Extracted 58288/179305 slices
Extracted 58304/179305 slices
Extracted 58320/179305 slices
Extracted 58336/179305 slices
Extracted 58352/179305 slices
Extracted 58368/179305 slices
Extracted 58384/179305 slices
Extracted 58400/179305 slices
Extracted 58416/179305 slices
Extracted 58432/179305 slices
Extracted 58448/179305 slices
Extracted 58464/179305 slices
Extracted 58480/179305 slices
Extracted 58496/179305 slices
Extracted 58512/179305 slices
Extracted 58528/179305 slices
Extracted 58544/179305 slices
Extracted 58560/179305 slices
Extracted 58576/179305 slices
Extracted 58592/179305 slices
Extracted 58608/179305 slices
Extracted 58624/179305 slices
Extracted 58640/179305 slices
Extracted 58656/179305 slices
Extracted 58672/179305 slices
Extracted 58688/179305 slices
Extracted 58704/179305 slices
Extracted 58720/179305 slices
Extracted 58736/179305 slices
Extracted 58752/179305 slices
Extracted 58768/179305 slices
Extracted 58784/179305 slices
Extracted 58800/179305 slices
Extracted 58816/179305 slices
Extracted 58832/179305 slices
Extracted 58848/179305 slices
Extracted 58864/179305 slices
Extracted 58880/179305 slices
Extracted 58896/179305 slices
Extracted 58912/179305 slices
Extracted 58928/179305 slices
Extracted 58944/179305 slices
Extracted 58960/179305 slices
Extracted 58976/179305 slices
Extracted 58992/179305 slices
Extracted 59008/179305 slices
Extracted 59024/179305 slices
Extracted 59040/179305 slices
Extracted 59056/179305 slices
Extracted 59072/179305 slices
Extracted 59088/179305 slices
Extracted 59104/179305 slices
Extracted 59120/179305 slices
Extracted 59136/179305 slices
Extracted 59152/179305 slices
Extracted 59168/179305 slices
Extracted 59184/179305 slices
Extracted 59200/179305 slices
Extracted 59216/179305 slices
Extracted 59232/179305 slices
Extracted 59248/179305 slices
Extracted 59264/179305 slices
Extracted 59280/179305 slices
Extracted 59296/179305 slices
Extracted 59312/179305 slices
Extracted 59328/179305 slices
Extracted 59344/179305 slices
Extracted 59360/179305 slices
Extracted 59376/179305 slices
Extracted 59392/179305 slices
Extracted 59408/179305 slices
Extracted 59424/179305 slices
Extracted 59440/179305 slices
Extracted 59456/179305 slices
Extracted 59472/179305 slices
Extracted 59488/179305 slices
Extracted 59504/179305 slices
Extracted 59520/179305 slices
Extracted 59536/179305 slices
Extracted 59552/179305 slices
Extracted 59568/179305 slices
Extracted 59584/179305 slices
Extracted 59600/179305 slices
Extracted 59616/179305 slices
Extracted 59632/179305 slices
Extracted 59648/179305 slices
Extracted 59664/179305 slices
Extracted 59680/179305 slices
Extracted 59696/179305 slices
Extracted 59712/179305 slices
Extracted 59728/179305 slices
Extracted 59744/179305 slices
Extracted 59760/179305 slices
Extracted 59776/179305 slices
Extracted 59792/179305 slices
Extracted 59808/179305 slices
Extracted 59824/179305 slices
Extracted 59840/179305 slices
Extracted 59856/179305 slices
Extracted 59872/179305 slices
Extracted 59888/179305 slices
Extracted 59904/179305 slices
Extracted 59920/179305 slices
Extracted 59936/179305 slices
Extracted 59952/179305 slices
Extracted 59968/179305 slices
Extracted 59984/179305 slices
Extracted 60000/179305 slices
Extracted 60016/179305 slices
Extracted 60032/179305 slices
Extracted 60048/179305 slices
Extracted 60064/179305 slices
Extracted 60080/179305 slices
Extracted 60096/179305 slices
Extracted 60112/179305 slices
Extracted 60128/179305 slices
Extracted 60144/179305 slices
Extracted 60160/179305 slices
Extracted 60176/179305 slices
Extracted 60192/179305 slices
Extracted 60208/179305 slices
Extracted 60224/179305 slices
Extracted 60240/179305 slices
Extracted 60256/179305 slices
Extracted 60272/179305 slices
Extracted 60288/179305 slices
Extracted 60304/179305 slices
Extracted 60320/179305 slices
Extracted 60336/179305 slices
Extracted 60352/179305 slices
Extracted 60368/179305 slices
Extracted 60384/179305 slices
Extracted 60400/179305 slices
Extracted 60416/179305 slices
Extracted 60432/179305 slices
Extracted 60448/179305 slices
Extracted 60464/179305 slices
Extracted 60480/179305 slices
Extracted 60496/179305 slices
Extracted 60512/179305 slices
Extracted 60528/179305 slices
Extracted 60544/179305 slices
Extracted 60560/179305 slices
Extracted 60576/179305 slices
Extracted 60592/179305 slices
Extracted 60608/179305 slices
Extracted 60624/179305 slices
Extracted 60640/179305 slices
Extracted 60656/179305 slices
Extracted 60672/179305 slices
Extracted 60688/179305 slices
Extracted 60704/179305 slices
Extracted 60720/179305 slices
Extracted 60736/179305 slices
Extracted 60752/179305 slices
Extracted 60768/179305 slices
Extracted 60784/179305 slices
Extracted 60800/179305 slices
Extracted 60816/179305 slices
Extracted 60832/179305 slices
Extracted 60848/179305 slices
Extracted 60864/179305 slices
Extracted 60880/179305 slices
Extracted 60896/179305 slices
Extracted 60912/179305 slices
Extracted 60928/179305 slices
Extracted 60944/179305 slices
Extracted 60960/179305 slices
Extracted 60976/179305 slices
Extracted 60992/179305 slices
Extracted 61008/179305 slices
Extracted 61024/179305 slices
Extracted 61040/179305 slices
Extracted 61056/179305 slices
Extracted 61072/179305 slices
Extracted 61088/179305 slices
Extracted 61104/179305 slices
Extracted 61120/179305 slices
Extracted 61136/179305 slices
Extracted 61152/179305 slices
Extracted 61168/179305 slices
Extracted 61184/179305 slices
Extracted 61200/179305 slices
Extracted 61216/179305 slices
Extracted 61232/179305 slices
Extracted 61248/179305 slices
Extracted 61264/179305 slices
Extracted 61280/179305 slices
Extracted 61296/179305 slices
Extracted 61312/179305 slices
Extracted 61328/179305 slices
Extracted 61344/179305 slices
Extracted 61360/179305 slices
Extracted 61376/179305 slices
Extracted 61392/179305 slices
Extracted 61408/179305 slices
Extracted 61424/179305 slices
Extracted 61440/179305 slices
Extracted 61456/179305 slices
Extracted 61472/179305 slices
Extracted 61488/179305 slices
Extracted 61504/179305 slices
Extracted 61520/179305 slices
Extracted 61536/179305 slices
Extracted 61552/179305 slices
Extracted 61568/179305 slices
Extracted 61584/179305 slices
Extracted 61600/179305 slices
Extracted 61616/179305 slices
Extracted 61632/179305 slices
Extracted 61648/179305 slices
Extracted 61664/179305 slices
Extracted 61680/179305 slices
Extracted 61696/179305 slices
Extracted 61712/179305 slices
Extracted 61728/179305 slices
Extracted 61744/179305 slices
Extracted 61760/179305 slices
Extracted 61776/179305 slices
Extracted 61792/179305 slices
Extracted 61808/179305 slices
Extracted 61824/179305 slices
Extracted 61840/179305 slices
Extracted 61856/179305 slices
Extracted 61872/179305 slices
Extracted 61888/179305 slices
Extracted 61904/179305 slices
Extracted 61920/179305 slices
Extracted 61936/179305 slices
Extracted 61952/179305 slices
Extracted 61968/179305 slices
Extracted 61984/179305 slices
Extracted 62000/179305 slices
Extracted 62016/179305 slices
Extracted 62032/179305 slices
Extracted 62048/179305 slices
Extracted 62064/179305 slices
Extracted 62080/179305 slices
Extracted 62096/179305 slices
Extracted 62112/179305 slices
Extracted 62128/179305 slices
Extracted 62144/179305 slices
Extracted 62160/179305 slices
Extracted 62176/179305 slices
Extracted 62192/179305 slices
Extracted 62208/179305 slices
Extracted 62224/179305 slices
Extracted 62240/179305 slices
Extracted 62256/179305 slices
Extracted 62272/179305 slices
Extracted 62288/179305 slices
Extracted 62304/179305 slices
Extracted 62320/179305 slices
Extracted 62336/179305 slices
Extracted 62352/179305 slices
Extracted 62368/179305 slices
Extracted 62384/179305 slices
Extracted 62400/179305 slices
Extracted 62416/179305 slices
Extracted 62432/179305 slices
Extracted 62448/179305 slices
Extracted 62464/179305 slices
Extracted 62480/179305 slices
Extracted 62496/179305 slices
Extracted 62512/179305 slices
Extracted 62528/179305 slices
Extracted 62544/179305 slices
Extracted 62560/179305 slices
Extracted 62576/179305 slices
Extracted 62592/179305 slices
Extracted 62608/179305 slices
Extracted 62624/179305 slices
Extracted 62640/179305 slices
Extracted 62656/179305 slices
Extracted 62672/179305 slices
Extracted 62688/179305 slices
Extracted 62704/179305 slices
Extracted 62720/179305 slices
Extracted 62736/179305 slices
Extracted 62752/179305 slices
Extracted 62768/179305 slices
Extracted 62784/179305 slices
Extracted 62800/179305 slices
Extracted 62816/179305 slices
Extracted 62832/179305 slices
Extracted 62848/179305 slices
Extracted 62864/179305 slices
Extracted 62880/179305 slices
Extracted 62896/179305 slices
Extracted 62912/179305 slices
Extracted 62928/179305 slices
Extracted 62944/179305 slices
Extracted 62960/179305 slices
Extracted 62976/179305 slices
Extracted 62992/179305 slices
Extracted 63008/179305 slices
Extracted 63024/179305 slices
Extracted 63040/179305 slices
Extracted 63056/179305 slices
Extracted 63072/179305 slices
Extracted 63088/179305 slices
Extracted 63104/179305 slices
Extracted 63120/179305 slices
Extracted 63136/179305 slices
Extracted 63152/179305 slices
Extracted 63168/179305 slices
Extracted 63184/179305 slices
Extracted 63200/179305 slices
Extracted 63216/179305 slices
Extracted 63232/179305 slices
Extracted 63248/179305 slices
Extracted 63264/179305 slices
Extracted 63280/179305 slices
Extracted 63296/179305 slices
Extracted 63312/179305 slices
Extracted 63328/179305 slices
Extracted 63344/179305 slices
Extracted 63360/179305 slices
Extracted 63376/179305 slices
Extracted 63392/179305 slices
Extracted 63408/179305 slices
Extracted 63424/179305 slices
Extracted 63440/179305 slices
Extracted 63456/179305 slices
Extracted 63472/179305 slices
Extracted 63488/179305 slices
Extracted 63504/179305 slices
Extracted 63520/179305 slices
Extracted 63536/179305 slices
Extracted 63552/179305 slices
Extracted 63568/179305 slices
Extracted 63584/179305 slices
Extracted 63600/179305 slices
Extracted 63616/179305 slices
Extracted 63632/179305 slices
Extracted 63648/179305 slices
Extracted 63664/179305 slices
Extracted 63680/179305 slices
Extracted 63696/179305 slices
Extracted 63712/179305 slices
Extracted 63728/179305 slices
Extracted 63744/179305 slices
Extracted 63760/179305 slices
Extracted 63776/179305 slices
Extracted 63792/179305 slices
Extracted 63808/179305 slices
Extracted 63824/179305 slices
Extracted 63840/179305 slices
Extracted 63856/179305 slices
Extracted 63872/179305 slices
Extracted 63888/179305 slices
Extracted 63904/179305 slices
Extracted 63920/179305 slices
Extracted 63936/179305 slices
Extracted 63952/179305 slices
Extracted 63968/179305 slices
Extracted 63984/179305 slices
Extracted 64000/179305 slices
Extracted 64016/179305 slices
Extracted 64032/179305 slices
Extracted 64048/179305 slices
Extracted 64064/179305 slices
Extracted 64080/179305 slices
Extracted 64096/179305 slices
Extracted 64112/179305 slices
Extracted 64128/179305 slices
Extracted 64144/179305 slices
Extracted 64160/179305 slices
Extracted 64176/179305 slices
Extracted 64192/179305 slices
Extracted 64208/179305 slices
Extracted 64224/179305 slices
Extracted 64240/179305 slices
Extracted 64256/179305 slices
Extracted 64272/179305 slices
Extracted 64288/179305 slices
Extracted 64304/179305 slices
Extracted 64320/179305 slices
Extracted 64336/179305 slices
Extracted 64352/179305 slices
Extracted 64368/179305 slices
Extracted 64384/179305 slices
Extracted 64400/179305 slices
Extracted 64416/179305 slices
Extracted 64432/179305 slices
Extracted 64448/179305 slices
Extracted 64464/179305 slices
Extracted 64480/179305 slices
Extracted 64496/179305 slices
Extracted 64512/179305 slices
Extracted 64528/179305 slices
Extracted 64544/179305 slices
Extracted 64560/179305 slices
Extracted 64576/179305 slices
Extracted 64592/179305 slices
Extracted 64608/179305 slices
Extracted 64624/179305 slices
Extracted 64640/179305 slices
Extracted 64656/179305 slices
Extracted 64672/179305 slices
Extracted 64688/179305 slices
Extracted 64704/179305 slices
Extracted 64720/179305 slices
Extracted 64736/179305 slices
Extracted 64752/179305 slices
Extracted 64768/179305 slices
Extracted 64784/179305 slices
Extracted 64800/179305 slices
Extracted 64816/179305 slices
Extracted 64832/179305 slices
Extracted 64848/179305 slices
Extracted 64864/179305 slices
Extracted 64880/179305 slices
Extracted 64896/179305 slices
Extracted 64912/179305 slices
Extracted 64928/179305 slices
Extracted 64944/179305 slices
Extracted 64960/179305 slices
Extracted 64976/179305 slices
Extracted 64992/179305 slices
Extracted 65008/179305 slices
Extracted 65024/179305 slices
Extracted 65040/179305 slices
Extracted 65056/179305 slices
Extracted 65072/179305 slices
Extracted 65088/179305 slices
Extracted 65104/179305 slices
Extracted 65120/179305 slices
Extracted 65136/179305 slices
Extracted 65152/179305 slices
Extracted 65168/179305 slices
Extracted 65184/179305 slices
Extracted 65200/179305 slices
Extracted 65216/179305 slices
Extracted 65232/179305 slices
Extracted 65248/179305 slices
Extracted 65264/179305 slices
Extracted 65280/179305 slices
Extracted 65296/179305 slices
Extracted 65312/179305 slices
Extracted 65328/179305 slices
Extracted 65344/179305 slices
Extracted 65360/179305 slices
Extracted 65376/179305 slices
Extracted 65392/179305 slices
Extracted 65408/179305 slices
Extracted 65424/179305 slices
Extracted 65440/179305 slices
Extracted 65456/179305 slices
Extracted 65472/179305 slices
Extracted 65488/179305 slices
Extracted 65504/179305 slices
Extracted 65520/179305 slices
Extracted 65536/179305 slices
Extracted 65552/179305 slices
Extracted 65568/179305 slices
Extracted 65584/179305 slices
Extracted 65600/179305 slices
Extracted 65616/179305 slices
Extracted 65632/179305 slices
Extracted 65648/179305 slices
Extracted 65664/179305 slices
Extracted 65680/179305 slices
Extracted 65696/179305 slices
Extracted 65712/179305 slices
Extracted 65728/179305 slices
Extracted 65744/179305 slices
Extracted 65760/179305 slices
Extracted 65776/179305 slices
Extracted 65792/179305 slices
Extracted 65808/179305 slices
Extracted 65824/179305 slices
Extracted 65840/179305 slices
Extracted 65856/179305 slices
Extracted 65872/179305 slices
Extracted 65888/179305 slices
Extracted 65904/179305 slices
Extracted 65920/179305 slices
Extracted 65936/179305 slices
Extracted 65952/179305 slices
Extracted 65968/179305 slices
Extracted 65984/179305 slices
Extracted 66000/179305 slices
Extracted 66016/179305 slices
Extracted 66032/179305 slices
Extracted 66048/179305 slices
Extracted 66064/179305 slices
Extracted 66080/179305 slices
Extracted 66096/179305 slices
Extracted 66112/179305 slices
Extracted 66128/179305 slices
Extracted 66144/179305 slices
Extracted 66160/179305 slices
Extracted 66176/179305 slices
Extracted 66192/179305 slices
Extracted 66208/179305 slices
Extracted 66224/179305 slices
Extracted 66240/179305 slices
Extracted 66256/179305 slices
Extracted 66272/179305 slices
Extracted 66288/179305 slices
Extracted 66304/179305 slices
Extracted 66320/179305 slices
Extracted 66336/179305 slices
Extracted 66352/179305 slices
Extracted 66368/179305 slices
Extracted 66384/179305 slices
Extracted 66400/179305 slices
Extracted 66416/179305 slices
Extracted 66432/179305 slices
Extracted 66448/179305 slices
Extracted 66464/179305 slices
Extracted 66480/179305 slices
Extracted 66496/179305 slices
Extracted 66512/179305 slices
Extracted 66528/179305 slices
Extracted 66544/179305 slices
Extracted 66560/179305 slices
Extracted 66576/179305 slices
Extracted 66592/179305 slices
Extracted 66608/179305 slices
Extracted 66624/179305 slices
Extracted 66640/179305 slices
Extracted 66656/179305 slices
Extracted 66672/179305 slices
Extracted 66688/179305 slices
Extracted 66704/179305 slices
Extracted 66720/179305 slices
Extracted 66736/179305 slices
Extracted 66752/179305 slices
Extracted 66768/179305 slices
Extracted 66784/179305 slices
Extracted 66800/179305 slices
Extracted 66816/179305 slices
Extracted 66832/179305 slices
Extracted 66848/179305 slices
Extracted 66864/179305 slices
Extracted 66880/179305 slices
Extracted 66896/179305 slices
Extracted 66912/179305 slices
Extracted 66928/179305 slices
Extracted 66944/179305 slices
Extracted 66960/179305 slices
Extracted 66976/179305 slices
Extracted 66992/179305 slices
Extracted 67008/179305 slices
Extracted 67024/179305 slices
Extracted 67040/179305 slices
Extracted 67056/179305 slices
Extracted 67072/179305 slices
Extracted 67088/179305 slices
Extracted 67104/179305 slices
Extracted 67120/179305 slices
Extracted 67136/179305 slices
Extracted 67152/179305 slices
Extracted 67168/179305 slices
Extracted 67184/179305 slices
Extracted 67200/179305 slices
Extracted 67216/179305 slices
Extracted 67232/179305 slices
Extracted 67248/179305 slices
Extracted 67264/179305 slices
Extracted 67280/179305 slices
Extracted 67296/179305 slices
Extracted 67312/179305 slices
Extracted 67328/179305 slices
Extracted 67344/179305 slices
Extracted 67360/179305 slices
Extracted 67376/179305 slices
Extracted 67392/179305 slices
Extracted 67408/179305 slices
Extracted 67424/179305 slices
Extracted 67440/179305 slices
Extracted 67456/179305 slices
Extracted 67472/179305 slices
Extracted 67488/179305 slices
Extracted 67504/179305 slices
Extracted 67520/179305 slices
Extracted 67536/179305 slices
Extracted 67552/179305 slices
Extracted 67568/179305 slices
Extracted 67584/179305 slices
Extracted 67600/179305 slices
Extracted 67616/179305 slices
Extracted 67632/179305 slices
Extracted 67648/179305 slices
Extracted 67664/179305 slices
Extracted 67680/179305 slices
Extracted 67696/179305 slices
Extracted 67712/179305 slices
Extracted 67728/179305 slices
Extracted 67744/179305 slices
Extracted 67760/179305 slices
Extracted 67776/179305 slices
Extracted 67792/179305 slices
Extracted 67808/179305 slices
Extracted 67824/179305 slices
Extracted 67840/179305 slices
Extracted 67856/179305 slices
Extracted 67872/179305 slices
Extracted 67888/179305 slices
Extracted 67904/179305 slices
Extracted 67920/179305 slices
Extracted 67936/179305 slices
Extracted 67952/179305 slices
Extracted 67968/179305 slices
Extracted 67984/179305 slices
Extracted 68000/179305 slices
Extracted 68016/179305 slices
Extracted 68032/179305 slices
Extracted 68048/179305 slices
Extracted 68064/179305 slices
Extracted 68080/179305 slices
Extracted 68096/179305 slices
Extracted 68112/179305 slices
Extracted 68128/179305 slices
Extracted 68144/179305 slices
Extracted 68160/179305 slices
Extracted 68176/179305 slices
Extracted 68192/179305 slices
Extracted 68208/179305 slices
Extracted 68224/179305 slices
Extracted 68240/179305 slices
Extracted 68256/179305 slices
Extracted 68272/179305 slices
Extracted 68288/179305 slices
Extracted 68304/179305 slices
Extracted 68320/179305 slices
Extracted 68336/179305 slices
Extracted 68352/179305 slices
Extracted 68368/179305 slices
Extracted 68384/179305 slices
Extracted 68400/179305 slices
Extracted 68416/179305 slices
Extracted 68432/179305 slices
Extracted 68448/179305 slices
Extracted 68464/179305 slices
Extracted 68480/179305 slices
Extracted 68496/179305 slices
Extracted 68512/179305 slices
Extracted 68528/179305 slices
Extracted 68544/179305 slices
Extracted 68560/179305 slices
Extracted 68576/179305 slices
Extracted 68592/179305 slices
Extracted 68608/179305 slices
Extracted 68624/179305 slices
Extracted 68640/179305 slices
Extracted 68656/179305 slices
Extracted 68672/179305 slices
Extracted 68688/179305 slices
Extracted 68704/179305 slices
Extracted 68720/179305 slices
Extracted 68736/179305 slices
Extracted 68752/179305 slices
Extracted 68768/179305 slices
Extracted 68784/179305 slices
Extracted 68800/179305 slices
Extracted 68816/179305 slices
Extracted 68832/179305 slices
Extracted 68848/179305 slices
Extracted 68864/179305 slices
Extracted 68880/179305 slices
Extracted 68896/179305 slices
Extracted 68912/179305 slices
Extracted 68928/179305 slices
Extracted 68944/179305 slices
Extracted 68960/179305 slices
Extracted 68976/179305 slices
Extracted 68992/179305 slices
Extracted 69008/179305 slices
Extracted 69024/179305 slices
Extracted 69040/179305 slices
Extracted 69056/179305 slices
Extracted 69072/179305 slices
Extracted 69088/179305 slices
Extracted 69104/179305 slices
Extracted 69120/179305 slices
Extracted 69136/179305 slices
Extracted 69152/179305 slices
Extracted 69168/179305 slices
Extracted 69184/179305 slices
Extracted 69200/179305 slices
Extracted 69216/179305 slices
Extracted 69232/179305 slices
Extracted 69248/179305 slices
Extracted 69264/179305 slices
Extracted 69280/179305 slices
Extracted 69296/179305 slices
Extracted 69312/179305 slices
Extracted 69328/179305 slices
Extracted 69344/179305 slices
Extracted 69360/179305 slices
Extracted 69376/179305 slices
Extracted 69392/179305 slices
Extracted 69408/179305 slices
Extracted 69424/179305 slices
Extracted 69440/179305 slices
Extracted 69456/179305 slices
Extracted 69472/179305 slices
Extracted 69488/179305 slices
Extracted 69504/179305 slices
Extracted 69520/179305 slices
Extracted 69536/179305 slices
Extracted 69552/179305 slices
Extracted 69568/179305 slices
Extracted 69584/179305 slices
Extracted 69600/179305 slices
Extracted 69616/179305 slices
Extracted 69632/179305 slices
Extracted 69648/179305 slices
Extracted 69664/179305 slices
Extracted 69680/179305 slices
Extracted 69696/179305 slices
Extracted 69712/179305 slices
Extracted 69728/179305 slices
Extracted 69744/179305 slices
Extracted 69760/179305 slices
Extracted 69776/179305 slices
Extracted 69792/179305 slices
Extracted 69808/179305 slices
Extracted 69824/179305 slices
Extracted 69840/179305 slices
Extracted 69856/179305 slices
Extracted 69872/179305 slices
Extracted 69888/179305 slices
Extracted 69904/179305 slices
Extracted 69920/179305 slices
Extracted 69936/179305 slices
Extracted 69952/179305 slices
Extracted 69968/179305 slices
Extracted 69984/179305 slices
Extracted 70000/179305 slices
Extracted 70016/179305 slices
Extracted 70032/179305 slices
Extracted 70048/179305 slices
Extracted 70064/179305 slices
Extracted 70080/179305 slices
Extracted 70096/179305 slices
Extracted 70112/179305 slices
Extracted 70128/179305 slices
Extracted 70144/179305 slices
Extracted 70160/179305 slices
Extracted 70176/179305 slices
Extracted 70192/179305 slices
Extracted 70208/179305 slices
Extracted 70224/179305 slices
Extracted 70240/179305 slices
Extracted 70256/179305 slices
Extracted 70272/179305 slices
Extracted 70288/179305 slices
Extracted 70304/179305 slices
Extracted 70320/179305 slices
Extracted 70336/179305 slices
Extracted 70352/179305 slices
Extracted 70368/179305 slices
Extracted 70384/179305 slices
Extracted 70400/179305 slices
Extracted 70416/179305 slices
Extracted 70432/179305 slices
Extracted 70448/179305 slices
Extracted 70464/179305 slices
Extracted 70480/179305 slices
Extracted 70496/179305 slices
Extracted 70512/179305 slices
Extracted 70528/179305 slices
Extracted 70544/179305 slices
Extracted 70560/179305 slices
Extracted 70576/179305 slices
Extracted 70592/179305 slices
Extracted 70608/179305 slices
Extracted 70624/179305 slices
Extracted 70640/179305 slices
Extracted 70656/179305 slices
Extracted 70672/179305 slices
Extracted 70688/179305 slices
Extracted 70704/179305 slices
Extracted 70720/179305 slices
Extracted 70736/179305 slices
Extracted 70752/179305 slices
Extracted 70768/179305 slices
Extracted 70784/179305 slices
Extracted 70800/179305 slices
Extracted 70816/179305 slices
Extracted 70832/179305 slices
Extracted 70848/179305 slices
Extracted 70864/179305 slices
Extracted 70880/179305 slices
Extracted 70896/179305 slices
Extracted 70912/179305 slices
Extracted 70928/179305 slices
Extracted 70944/179305 slices
Extracted 70960/179305 slices
Extracted 70976/179305 slices
Extracted 70992/179305 slices
Extracted 71008/179305 slices
Extracted 71024/179305 slices
Extracted 71040/179305 slices
Extracted 71056/179305 slices
Extracted 71072/179305 slices
Extracted 71088/179305 slices
Extracted 71104/179305 slices
Extracted 71120/179305 slices
Extracted 71136/179305 slices
Extracted 71152/179305 slices
Extracted 71168/179305 slices
Extracted 71184/179305 slices
Extracted 71200/179305 slices
Extracted 71216/179305 slices
Extracted 71232/179305 slices
Extracted 71248/179305 slices
Extracted 71264/179305 slices
Extracted 71280/179305 slices
Extracted 71296/179305 slices
Extracted 71312/179305 slices
Extracted 71328/179305 slices
Extracted 71344/179305 slices
Extracted 71360/179305 slices
Extracted 71376/179305 slices
Extracted 71392/179305 slices
Extracted 71408/179305 slices
Extracted 71424/179305 slices
Extracted 71440/179305 slices
Extracted 71456/179305 slices
Extracted 71472/179305 slices
Extracted 71488/179305 slices
Extracted 71504/179305 slices
Extracted 71520/179305 slices
Extracted 71536/179305 slices
Extracted 71552/179305 slices
Extracted 71568/179305 slices
Extracted 71584/179305 slices
Extracted 71600/179305 slices
Extracted 71616/179305 slices
Extracted 71632/179305 slices
Extracted 71648/179305 slices
Extracted 71664/179305 slices
Extracted 71680/179305 slices
Extracted 71696/179305 slices
Extracted 71712/179305 slices
Extracted 71728/179305 slices
Extracted 71744/179305 slices
Extracted 71760/179305 slices
Extracted 71776/179305 slices
Extracted 71792/179305 slices
Extracted 71808/179305 slices
Extracted 71824/179305 slices
Extracted 71840/179305 slices
Extracted 71856/179305 slices
Extracted 71872/179305 slices
Extracted 71888/179305 slices
Extracted 71904/179305 slices
Extracted 71920/179305 slices
Extracted 71936/179305 slices
Extracted 71952/179305 slices
Extracted 71968/179305 slices
Extracted 71984/179305 slices
Extracted 72000/179305 slices
Extracted 72016/179305 slices
Extracted 72032/179305 slices
Extracted 72048/179305 slices
Extracted 72064/179305 slices
Extracted 72080/179305 slices
Extracted 72096/179305 slices
Extracted 72112/179305 slices
Extracted 72128/179305 slices
Extracted 72144/179305 slices
Extracted 72160/179305 slices
Extracted 72176/179305 slices
Extracted 72192/179305 slices
Extracted 72208/179305 slices
Extracted 72224/179305 slices
Extracted 72240/179305 slices
Extracted 72256/179305 slices
Extracted 72272/179305 slices
Extracted 72288/179305 slices
Extracted 72304/179305 slices
Extracted 72320/179305 slices
Extracted 72336/179305 slices
Extracted 72352/179305 slices
Extracted 72368/179305 slices
Extracted 72384/179305 slices
Extracted 72400/179305 slices
Extracted 72416/179305 slices
Extracted 72432/179305 slices
Extracted 72448/179305 slices
Extracted 72464/179305 slices
Extracted 72480/179305 slices
Extracted 72496/179305 slices
Extracted 72512/179305 slices
Extracted 72528/179305 slices
Extracted 72544/179305 slices
Extracted 72560/179305 slices
Extracted 72576/179305 slices
Extracted 72592/179305 slices
Extracted 72608/179305 slices
Extracted 72624/179305 slices
Extracted 72640/179305 slices
Extracted 72656/179305 slices
Extracted 72672/179305 slices
Extracted 72688/179305 slices
Extracted 72704/179305 slices
Extracted 72720/179305 slices
Extracted 72736/179305 slices
Extracted 72752/179305 slices
Extracted 72768/179305 slices
Extracted 72784/179305 slices
Extracted 72800/179305 slices
Extracted 72816/179305 slices
Extracted 72832/179305 slices
Extracted 72848/179305 slices
Extracted 72864/179305 slices
Extracted 72880/179305 slices
Extracted 72896/179305 slices
Extracted 72912/179305 slices
Extracted 72928/179305 slices
Extracted 72944/179305 slices
Extracted 72960/179305 slices
Extracted 72976/179305 slices
Extracted 72992/179305 slices
Extracted 73008/179305 slices
Extracted 73024/179305 slices
Extracted 73040/179305 slices
Extracted 73056/179305 slices
Extracted 73072/179305 slices
Extracted 73088/179305 slices
Extracted 73104/179305 slices
Extracted 73120/179305 slices
Extracted 73136/179305 slices
Extracted 73152/179305 slices
Extracted 73168/179305 slices
Extracted 73184/179305 slices
Extracted 73200/179305 slices
Extracted 73216/179305 slices
Extracted 73232/179305 slices
Extracted 73248/179305 slices
Extracted 73264/179305 slices
Extracted 73280/179305 slices
Extracted 73296/179305 slices
Extracted 73312/179305 slices
Extracted 73328/179305 slices
Extracted 73344/179305 slices
Extracted 73360/179305 slices
Extracted 73376/179305 slices
Extracted 73392/179305 slices
Extracted 73408/179305 slices
Extracted 73424/179305 slices
Extracted 73440/179305 slices
Extracted 73456/179305 slices
Extracted 73472/179305 slices
Extracted 73488/179305 slices
Extracted 73504/179305 slices
Extracted 73520/179305 slices
Extracted 73536/179305 slices
Extracted 73552/179305 slices
Extracted 73568/179305 slices
Extracted 73584/179305 slices
Extracted 73600/179305 slices
Extracted 73616/179305 slices
Extracted 73632/179305 slices
Extracted 73648/179305 slices
Extracted 73664/179305 slices
Extracted 73680/179305 slices
Extracted 73696/179305 slices
Extracted 73712/179305 slices
Extracted 73728/179305 slices
Extracted 73744/179305 slices
Extracted 73760/179305 slices
Extracted 73776/179305 slices
Extracted 73792/179305 slices
Extracted 73808/179305 slices
Extracted 73824/179305 slices
Extracted 73840/179305 slices
Extracted 73856/179305 slices
Extracted 73872/179305 slices
Extracted 73888/179305 slices
Extracted 73904/179305 slices
Extracted 73920/179305 slices
Extracted 73936/179305 slices
Extracted 73952/179305 slices
Extracted 73968/179305 slices
Extracted 73984/179305 slices
Extracted 74000/179305 slices
Extracted 74016/179305 slices
Extracted 74032/179305 slices
Extracted 74048/179305 slices
Extracted 74064/179305 slices
Extracted 74080/179305 slices
Extracted 74096/179305 slices
Extracted 74112/179305 slices
Extracted 74128/179305 slices
Extracted 74144/179305 slices
Extracted 74160/179305 slices
Extracted 74176/179305 slices
Extracted 74192/179305 slices
Extracted 74208/179305 slices
Extracted 74224/179305 slices
Extracted 74240/179305 slices
Extracted 74256/179305 slices
Extracted 74272/179305 slices
Extracted 74288/179305 slices
Extracted 74304/179305 slices
Extracted 74320/179305 slices
Extracted 74336/179305 slices
Extracted 74352/179305 slices
Extracted 74368/179305 slices
Extracted 74384/179305 slices
Extracted 74400/179305 slices
Extracted 74416/179305 slices
Extracted 74432/179305 slices
Extracted 74448/179305 slices
Extracted 74464/179305 slices
Extracted 74480/179305 slices
Extracted 74496/179305 slices
Extracted 74512/179305 slices
Extracted 74528/179305 slices
Extracted 74544/179305 slices
Extracted 74560/179305 slices
Extracted 74576/179305 slices
Extracted 74592/179305 slices
Extracted 74608/179305 slices
Extracted 74624/179305 slices
Extracted 74640/179305 slices
Extracted 74656/179305 slices
Extracted 74672/179305 slices
Extracted 74688/179305 slices
Extracted 74704/179305 slices
Extracted 74720/179305 slices
Extracted 74736/179305 slices
Extracted 74752/179305 slices
Extracted 74768/179305 slices
Extracted 74784/179305 slices
Extracted 74800/179305 slices
Extracted 74816/179305 slices
Extracted 74832/179305 slices
Extracted 74848/179305 slices
Extracted 74864/179305 slices
Extracted 74880/179305 slices
Extracted 74896/179305 slices
Extracted 74912/179305 slices
Extracted 74928/179305 slices
Extracted 74944/179305 slices
Extracted 74960/179305 slices
Extracted 74976/179305 slices
Extracted 74992/179305 slices
Extracted 75008/179305 slices
Extracted 75024/179305 slices
Extracted 75040/179305 slices
Extracted 75056/179305 slices
Extracted 75072/179305 slices
Extracted 75088/179305 slices
Extracted 75104/179305 slices
Extracted 75120/179305 slices
Extracted 75136/179305 slices
Extracted 75152/179305 slices
Extracted 75168/179305 slices
Extracted 75184/179305 slices
Extracted 75200/179305 slices
Extracted 75216/179305 slices
Extracted 75232/179305 slices
Extracted 75248/179305 slices
Extracted 75264/179305 slices
Extracted 75280/179305 slices
Extracted 75296/179305 slices
Extracted 75312/179305 slices
Extracted 75328/179305 slices
Extracted 75344/179305 slices
Extracted 75360/179305 slices
Extracted 75376/179305 slices
Extracted 75392/179305 slices
Extracted 75408/179305 slices
Extracted 75424/179305 slices
Extracted 75440/179305 slices
Extracted 75456/179305 slices
Extracted 75472/179305 slices
Extracted 75488/179305 slices
Extracted 75504/179305 slices
Extracted 75520/179305 slices
Extracted 75536/179305 slices
Extracted 75552/179305 slices
Extracted 75568/179305 slices
Extracted 75584/179305 slices
Extracted 75600/179305 slices
Extracted 75616/179305 slices
Extracted 75632/179305 slices
Extracted 75648/179305 slices
Extracted 75664/179305 slices
Extracted 75680/179305 slices
Extracted 75696/179305 slices
Extracted 75712/179305 slices
Extracted 75728/179305 slices
Extracted 75744/179305 slices
Extracted 75760/179305 slices
Extracted 75776/179305 slices
Extracted 75792/179305 slices
Extracted 75808/179305 slices
Extracted 75824/179305 slices
Extracted 75840/179305 slices
Extracted 75856/179305 slices
Extracted 75872/179305 slices
Extracted 75888/179305 slices
Extracted 75904/179305 slices
Extracted 75920/179305 slices
Extracted 75936/179305 slices
Extracted 75952/179305 slices
Extracted 75968/179305 slices
Extracted 75984/179305 slices
Extracted 76000/179305 slices
Extracted 76016/179305 slices
Extracted 76032/179305 slices
Extracted 76048/179305 slices
Extracted 76064/179305 slices
Extracted 76080/179305 slices
Extracted 76096/179305 slices
Extracted 76112/179305 slices
Extracted 76128/179305 slices
Extracted 76144/179305 slices
Extracted 76160/179305 slices
Extracted 76176/179305 slices
Extracted 76192/179305 slices
Extracted 76208/179305 slices
Extracted 76224/179305 slices
Extracted 76240/179305 slices
Extracted 76256/179305 slices
Extracted 76272/179305 slices
Extracted 76288/179305 slices
Extracted 76304/179305 slices
Extracted 76320/179305 slices
Extracted 76336/179305 slices
Extracted 76352/179305 slices
Extracted 76368/179305 slices
Extracted 76384/179305 slices
Extracted 76400/179305 slices
Extracted 76416/179305 slices
Extracted 76432/179305 slices
Extracted 76448/179305 slices
Extracted 76464/179305 slices
Extracted 76480/179305 slices
Extracted 76496/179305 slices
Extracted 76512/179305 slices
Extracted 76528/179305 slices
Extracted 76544/179305 slices
Extracted 76560/179305 slices
Extracted 76576/179305 slices
Extracted 76592/179305 slices
Extracted 76608/179305 slices
Extracted 76624/179305 slices
Extracted 76640/179305 slices
Extracted 76656/179305 slices
Extracted 76672/179305 slices
Extracted 76688/179305 slices
Extracted 76704/179305 slices
Extracted 76720/179305 slices
Extracted 76736/179305 slices
Extracted 76752/179305 slices
Extracted 76768/179305 slices
Extracted 76784/179305 slices
Extracted 76800/179305 slices
Extracted 76816/179305 slices
Extracted 76832/179305 slices
Extracted 76848/179305 slices
Extracted 76864/179305 slices
Extracted 76880/179305 slices
Extracted 76896/179305 slices
Extracted 76912/179305 slices
Extracted 76928/179305 slices
Extracted 76944/179305 slices
Extracted 76960/179305 slices
Extracted 76976/179305 slices
Extracted 76992/179305 slices
Extracted 77008/179305 slices
Extracted 77024/179305 slices
Extracted 77040/179305 slices
Extracted 77056/179305 slices
Extracted 77072/179305 slices
Extracted 77088/179305 slices
Extracted 77104/179305 slices
Extracted 77120/179305 slices
Extracted 77136/179305 slices
Extracted 77152/179305 slices
Extracted 77168/179305 slices
Extracted 77184/179305 slices
Extracted 77200/179305 slices
Extracted 77216/179305 slices
Extracted 77232/179305 slices
Extracted 77248/179305 slices
Extracted 77264/179305 slices
Extracted 77280/179305 slices
Extracted 77296/179305 slices
Extracted 77312/179305 slices
Extracted 77328/179305 slices
Extracted 77344/179305 slices
Extracted 77360/179305 slices
Extracted 77376/179305 slices
Extracted 77392/179305 slices
Extracted 77408/179305 slices
Extracted 77424/179305 slices
Extracted 77440/179305 slices
Extracted 77456/179305 slices
Extracted 77472/179305 slices
Extracted 77488/179305 slices
Extracted 77504/179305 slices
Extracted 77520/179305 slices
Extracted 77536/179305 slices
Extracted 77552/179305 slices
Extracted 77568/179305 slices
Extracted 77584/179305 slices
Extracted 77600/179305 slices
Extracted 77616/179305 slices
Extracted 77632/179305 slices
Extracted 77648/179305 slices
Extracted 77664/179305 slices
Extracted 77680/179305 slices
Extracted 77696/179305 slices
Extracted 77712/179305 slices
Extracted 77728/179305 slices
Extracted 77744/179305 slices
Extracted 77760/179305 slices
Extracted 77776/179305 slices
Extracted 77792/179305 slices
Extracted 77808/179305 slices
Extracted 77824/179305 slices
Extracted 77840/179305 slices
Extracted 77856/179305 slices
Extracted 77872/179305 slices
Extracted 77888/179305 slices
Extracted 77904/179305 slices
Extracted 77920/179305 slices
Extracted 77936/179305 slices
Extracted 77952/179305 slices
Extracted 77968/179305 slices
Extracted 77984/179305 slices
Extracted 78000/179305 slices
Extracted 78016/179305 slices
Extracted 78032/179305 slices
Extracted 78048/179305 slices
Extracted 78064/179305 slices
Extracted 78080/179305 slices
Extracted 78096/179305 slices
Extracted 78112/179305 slices
Extracted 78128/179305 slices
Extracted 78144/179305 slices
Extracted 78160/179305 slices
Extracted 78176/179305 slices
Extracted 78192/179305 slices
Extracted 78208/179305 slices
Extracted 78224/179305 slices
Extracted 78240/179305 slices
Extracted 78256/179305 slices
Extracted 78272/179305 slices
Extracted 78288/179305 slices
Extracted 78304/179305 slices
Extracted 78320/179305 slices
Extracted 78336/179305 slices
Extracted 78352/179305 slices
Extracted 78368/179305 slices
Extracted 78384/179305 slices
Extracted 78400/179305 slices
Extracted 78416/179305 slices
Extracted 78432/179305 slices
Extracted 78448/179305 slices
Extracted 78464/179305 slices
Extracted 78480/179305 slices
Extracted 78496/179305 slices
Extracted 78512/179305 slices
Extracted 78528/179305 slices
Extracted 78544/179305 slices
Extracted 78560/179305 slices
Extracted 78576/179305 slices
Extracted 78592/179305 slices
Extracted 78608/179305 slices
Extracted 78624/179305 slices
Extracted 78640/179305 slices
Extracted 78656/179305 slices
Extracted 78672/179305 slices
Extracted 78688/179305 slices
Extracted 78704/179305 slices
Extracted 78720/179305 slices
Extracted 78736/179305 slices
Extracted 78752/179305 slices
Extracted 78768/179305 slices
Extracted 78784/179305 slices
Extracted 78800/179305 slices
Extracted 78816/179305 slices
Extracted 78832/179305 slices
Extracted 78848/179305 slices
Extracted 78864/179305 slices
Extracted 78880/179305 slices
Extracted 78896/179305 slices
Extracted 78912/179305 slices
Extracted 78928/179305 slices
Extracted 78944/179305 slices
Extracted 78960/179305 slices
Extracted 78976/179305 slices
Extracted 78992/179305 slices
Extracted 79008/179305 slices
Extracted 79024/179305 slices
Extracted 79040/179305 slices
Extracted 79056/179305 slices
Extracted 79072/179305 slices
Extracted 79088/179305 slices
Extracted 79104/179305 slices
Extracted 79120/179305 slices
Extracted 79136/179305 slices
Extracted 79152/179305 slices
Extracted 79168/179305 slices
Extracted 79184/179305 slices
Extracted 79200/179305 slices
Extracted 79216/179305 slices
Extracted 79232/179305 slices
Extracted 79248/179305 slices
Extracted 79264/179305 slices
Extracted 79280/179305 slices
Extracted 79296/179305 slices
Extracted 79312/179305 slices
Extracted 79328/179305 slices
Extracted 79344/179305 slices
Extracted 79360/179305 slices
Extracted 79376/179305 slices
Extracted 79392/179305 slices
Extracted 79408/179305 slices
Extracted 79424/179305 slices
Extracted 79440/179305 slices
Extracted 79456/179305 slices
Extracted 79472/179305 slices
Extracted 79488/179305 slices
Extracted 79504/179305 slices
Extracted 79520/179305 slices
Extracted 79536/179305 slices
Extracted 79552/179305 slices
Extracted 79568/179305 slices
Extracted 79584/179305 slices
Extracted 79600/179305 slices
Extracted 79616/179305 slices
Extracted 79632/179305 slices
Extracted 79648/179305 slices
Extracted 79664/179305 slices
Extracted 79680/179305 slices
Extracted 79696/179305 slices
Extracted 79712/179305 slices
Extracted 79728/179305 slices
Extracted 79744/179305 slices
Extracted 79760/179305 slices
Extracted 79776/179305 slices
Extracted 79792/179305 slices
Extracted 79808/179305 slices
Extracted 79824/179305 slices
Extracted 79840/179305 slices
Extracted 79856/179305 slices
Extracted 79872/179305 slices
Extracted 79888/179305 slices
Extracted 79904/179305 slices
Extracted 79920/179305 slices
Extracted 79936/179305 slices
Extracted 79952/179305 slices
Extracted 79968/179305 slices
Extracted 79984/179305 slices
Extracted 80000/179305 slices
Extracted 80016/179305 slices
Extracted 80032/179305 slices
Extracted 80048/179305 slices
Extracted 80064/179305 slices
Extracted 80080/179305 slices
Extracted 80096/179305 slices
Extracted 80112/179305 slices
Extracted 80128/179305 slices
Extracted 80144/179305 slices
Extracted 80160/179305 slices
Extracted 80176/179305 slices
Extracted 80192/179305 slices
Extracted 80208/179305 slices
Extracted 80224/179305 slices
Extracted 80240/179305 slices
Extracted 80256/179305 slices
Extracted 80272/179305 slices
Extracted 80288/179305 slices
Extracted 80304/179305 slices
Extracted 80320/179305 slices
Extracted 80336/179305 slices
Extracted 80352/179305 slices
Extracted 80368/179305 slices
Extracted 80384/179305 slices
Extracted 80400/179305 slices
Extracted 80416/179305 slices
Extracted 80432/179305 slices
Extracted 80448/179305 slices
Extracted 80464/179305 slices
Extracted 80480/179305 slices
Extracted 80496/179305 slices
Extracted 80512/179305 slices
Extracted 80528/179305 slices
Extracted 80544/179305 slices
Extracted 80560/179305 slices
Extracted 80576/179305 slices
Extracted 80592/179305 slices
Extracted 80608/179305 slices
Extracted 80624/179305 slices
Extracted 80640/179305 slices
Extracted 80656/179305 slices
Extracted 80672/179305 slices
Extracted 80688/179305 slices
Extracted 80704/179305 slices
Extracted 80720/179305 slices
Extracted 80736/179305 slices
Extracted 80752/179305 slices
Extracted 80768/179305 slices
Extracted 80784/179305 slices
Extracted 80800/179305 slices
Extracted 80816/179305 slices
Extracted 80832/179305 slices
Extracted 80848/179305 slices
Extracted 80864/179305 slices
Extracted 80880/179305 slices
Extracted 80896/179305 slices
Extracted 80912/179305 slices
Extracted 80928/179305 slices
Extracted 80944/179305 slices
Extracted 80960/179305 slices
Extracted 80976/179305 slices
Extracted 80992/179305 slices
Extracted 81008/179305 slices
Extracted 81024/179305 slices
Extracted 81040/179305 slices
Extracted 81056/179305 slices
Extracted 81072/179305 slices
Extracted 81088/179305 slices
Extracted 81104/179305 slices
Extracted 81120/179305 slices
Extracted 81136/179305 slices
Extracted 81152/179305 slices
Extracted 81168/179305 slices
Extracted 81184/179305 slices
Extracted 81200/179305 slices
Extracted 81216/179305 slices
Extracted 81232/179305 slices
Extracted 81248/179305 slices
Extracted 81264/179305 slices
Extracted 81280/179305 slices
Extracted 81296/179305 slices
Extracted 81312/179305 slices
Extracted 81328/179305 slices
Extracted 81344/179305 slices
Extracted 81360/179305 slices
Extracted 81376/179305 slices
Extracted 81392/179305 slices
Extracted 81408/179305 slices
Extracted 81424/179305 slices
Extracted 81440/179305 slices
Extracted 81456/179305 slices
Extracted 81472/179305 slices
Extracted 81488/179305 slices
Extracted 81504/179305 slices
Extracted 81520/179305 slices
Extracted 81536/179305 slices
Extracted 81552/179305 slices
Extracted 81568/179305 slices
Extracted 81584/179305 slices
Extracted 81600/179305 slices
Extracted 81616/179305 slices
Extracted 81632/179305 slices
Extracted 81648/179305 slices
Extracted 81664/179305 slices
Extracted 81680/179305 slices
Extracted 81696/179305 slices
Extracted 81712/179305 slices
Extracted 81728/179305 slices
Extracted 81744/179305 slices
Extracted 81760/179305 slices
Extracted 81776/179305 slices
Extracted 81792/179305 slices
Extracted 81808/179305 slices
Extracted 81824/179305 slices
Extracted 81840/179305 slices
Extracted 81856/179305 slices
Extracted 81872/179305 slices
Extracted 81888/179305 slices
Extracted 81904/179305 slices
Extracted 81920/179305 slices
Extracted 81936/179305 slices
Extracted 81952/179305 slices
Extracted 81968/179305 slices
Extracted 81984/179305 slices
Extracted 82000/179305 slices
Extracted 82016/179305 slices
Extracted 82032/179305 slices
Extracted 82048/179305 slices
Extracted 82064/179305 slices
Extracted 82080/179305 slices
Extracted 82096/179305 slices
Extracted 82112/179305 slices
Extracted 82128/179305 slices
Extracted 82144/179305 slices
Extracted 82160/179305 slices
Extracted 82176/179305 slices
Extracted 82192/179305 slices
Extracted 82208/179305 slices
Extracted 82224/179305 slices
Extracted 82240/179305 slices
Extracted 82256/179305 slices
Extracted 82272/179305 slices
Extracted 82288/179305 slices
Extracted 82304/179305 slices
Extracted 82320/179305 slices
Extracted 82336/179305 slices
Extracted 82352/179305 slices
Extracted 82368/179305 slices
Extracted 82384/179305 slices
Extracted 82400/179305 slices
Extracted 82416/179305 slices
Extracted 82432/179305 slices
Extracted 82448/179305 slices
Extracted 82464/179305 slices
Extracted 82480/179305 slices
Extracted 82496/179305 slices
Extracted 82512/179305 slices
Extracted 82528/179305 slices
Extracted 82544/179305 slices
Extracted 82560/179305 slices
Extracted 82576/179305 slices
Extracted 82592/179305 slices
Extracted 82608/179305 slices
Extracted 82624/179305 slices
Extracted 82640/179305 slices
Extracted 82656/179305 slices
Extracted 82672/179305 slices
Extracted 82688/179305 slices
Extracted 82704/179305 slices
Extracted 82720/179305 slices
Extracted 82736/179305 slices
Extracted 82752/179305 slices
Extracted 82768/179305 slices
Extracted 82784/179305 slices
Extracted 82800/179305 slices
Extracted 82816/179305 slices
Extracted 82832/179305 slices
Extracted 82848/179305 slices
Extracted 82864/179305 slices
Extracted 82880/179305 slices
Extracted 82896/179305 slices
Extracted 82912/179305 slices
Extracted 82928/179305 slices
Extracted 82944/179305 slices
Extracted 82960/179305 slices
Extracted 82976/179305 slices
Extracted 82992/179305 slices
Extracted 83008/179305 slices
Extracted 83024/179305 slices
Extracted 83040/179305 slices
Extracted 83056/179305 slices
Extracted 83072/179305 slices
Extracted 83088/179305 slices
Extracted 83104/179305 slices
Extracted 83120/179305 slices
Extracted 83136/179305 slices
Extracted 83152/179305 slices
Extracted 83168/179305 slices
Extracted 83184/179305 slices
Extracted 83200/179305 slices
Extracted 83216/179305 slices
Extracted 83232/179305 slices
Extracted 83248/179305 slices
Extracted 83264/179305 slices
Extracted 83280/179305 slices
Extracted 83296/179305 slices
Extracted 83312/179305 slices
Extracted 83328/179305 slices
Extracted 83344/179305 slices
Extracted 83360/179305 slices
Extracted 83376/179305 slices
Extracted 83392/179305 slices
Extracted 83408/179305 slices
Extracted 83424/179305 slices
Extracted 83440/179305 slices
Extracted 83456/179305 slices
Extracted 83472/179305 slices
Extracted 83488/179305 slices
Extracted 83504/179305 slices
Extracted 83520/179305 slices
Extracted 83536/179305 slices
Extracted 83552/179305 slices
Extracted 83568/179305 slices
Extracted 83584/179305 slices
Extracted 83600/179305 slices
Extracted 83616/179305 slices
Extracted 83632/179305 slices
Extracted 83648/179305 slices
Extracted 83664/179305 slices
Extracted 83680/179305 slices
Extracted 83696/179305 slices
Extracted 83712/179305 slices
Extracted 83728/179305 slices
Extracted 83744/179305 slices
Extracted 83760/179305 slices
Extracted 83776/179305 slices
Extracted 83792/179305 slices
Extracted 83808/179305 slices
Extracted 83824/179305 slices
Extracted 83840/179305 slices
Extracted 83856/179305 slices
Extracted 83872/179305 slices
Extracted 83888/179305 slices
Extracted 83904/179305 slices
Extracted 83920/179305 slices
Extracted 83936/179305 slices
Extracted 83952/179305 slices
Extracted 83968/179305 slices
Extracted 83984/179305 slices
Extracted 84000/179305 slices
Extracted 84016/179305 slices
Extracted 84032/179305 slices
Extracted 84048/179305 slices
Extracted 84064/179305 slices
Extracted 84080/179305 slices
Extracted 84096/179305 slices
Extracted 84112/179305 slices
Extracted 84128/179305 slices
Extracted 84144/179305 slices
Extracted 84160/179305 slices
Extracted 84176/179305 slices
Extracted 84192/179305 slices
Extracted 84208/179305 slices
Extracted 84224/179305 slices
Extracted 84240/179305 slices
Extracted 84256/179305 slices
Extracted 84272/179305 slices
Extracted 84288/179305 slices
Extracted 84304/179305 slices
Extracted 84320/179305 slices
Extracted 84336/179305 slices
Extracted 84352/179305 slices
Extracted 84368/179305 slices
Extracted 84384/179305 slices
Extracted 84400/179305 slices
Extracted 84416/179305 slices
Extracted 84432/179305 slices
Extracted 84448/179305 slices
Extracted 84464/179305 slices
Extracted 84480/179305 slices
Extracted 84496/179305 slices
Extracted 84512/179305 slices
Extracted 84528/179305 slices
Extracted 84544/179305 slices
Extracted 84560/179305 slices
Extracted 84576/179305 slices
Extracted 84592/179305 slices
Extracted 84608/179305 slices
Extracted 84624/179305 slices
Extracted 84640/179305 slices
Extracted 84656/179305 slices
Extracted 84672/179305 slices
Extracted 84688/179305 slices
Extracted 84704/179305 slices
Extracted 84720/179305 slices
Extracted 84736/179305 slices
Extracted 84752/179305 slices
Extracted 84768/179305 slices
Extracted 84784/179305 slices
Extracted 84800/179305 slices
Extracted 84816/179305 slices
Extracted 84832/179305 slices
Extracted 84848/179305 slices
Extracted 84864/179305 slices
Extracted 84880/179305 slices
Extracted 84896/179305 slices
Extracted 84912/179305 slices
Extracted 84928/179305 slices
Extracted 84944/179305 slices
Extracted 84960/179305 slices
Extracted 84976/179305 slices
Extracted 84992/179305 slices
Extracted 85008/179305 slices
Extracted 85024/179305 slices
Extracted 85040/179305 slices
Extracted 85056/179305 slices
Extracted 85072/179305 slices
Extracted 85088/179305 slices
Extracted 85104/179305 slices
Extracted 85120/179305 slices
Extracted 85136/179305 slices
Extracted 85152/179305 slices
Extracted 85168/179305 slices
Extracted 85184/179305 slices
Extracted 85200/179305 slices
Extracted 85216/179305 slices
Extracted 85232/179305 slices
Extracted 85248/179305 slices
Extracted 85264/179305 slices
Extracted 85280/179305 slices
Extracted 85296/179305 slices
Extracted 85312/179305 slices
Extracted 85328/179305 slices
Extracted 85344/179305 slices
Extracted 85360/179305 slices
Extracted 85376/179305 slices
Extracted 85392/179305 slices
Extracted 85408/179305 slices
Extracted 85424/179305 slices
Extracted 85440/179305 slices
Extracted 85456/179305 slices
Extracted 85472/179305 slices
Extracted 85488/179305 slices
Extracted 85504/179305 slices
Extracted 85520/179305 slices
Extracted 85536/179305 slices
Extracted 85552/179305 slices
Extracted 85568/179305 slices
Extracted 85584/179305 slices
Extracted 85600/179305 slices
Extracted 85616/179305 slices
Extracted 85632/179305 slices
Extracted 85648/179305 slices
Extracted 85664/179305 slices
Extracted 85680/179305 slices
Extracted 85696/179305 slices
Extracted 85712/179305 slices
Extracted 85728/179305 slices
Extracted 85744/179305 slices
Extracted 85760/179305 slices
Extracted 85776/179305 slices
Extracted 85792/179305 slices
Extracted 85808/179305 slices
Extracted 85824/179305 slices
Extracted 85840/179305 slices
Extracted 85856/179305 slices
Extracted 85872/179305 slices
Extracted 85888/179305 slices
Extracted 85904/179305 slices
Extracted 85920/179305 slices
Extracted 85936/179305 slices
Extracted 85952/179305 slices
Extracted 85968/179305 slices
Extracted 85984/179305 slices
Extracted 86000/179305 slices
Extracted 86016/179305 slices
Extracted 86032/179305 slices
Extracted 86048/179305 slices
Extracted 86064/179305 slices
Extracted 86080/179305 slices
Extracted 86096/179305 slices
Extracted 86112/179305 slices
Extracted 86128/179305 slices
Extracted 86144/179305 slices
Extracted 86160/179305 slices
Extracted 86176/179305 slices
Extracted 86192/179305 slices
Extracted 86208/179305 slices
Extracted 86224/179305 slices
Extracted 86240/179305 slices
Extracted 86256/179305 slices
Extracted 86272/179305 slices
Extracted 86288/179305 slices
Extracted 86304/179305 slices
Extracted 86320/179305 slices
Extracted 86336/179305 slices
Extracted 86352/179305 slices
Extracted 86368/179305 slices
Extracted 86384/179305 slices
Extracted 86400/179305 slices
Extracted 86416/179305 slices
Extracted 86432/179305 slices
Extracted 86448/179305 slices
Extracted 86464/179305 slices
Extracted 86480/179305 slices
Extracted 86496/179305 slices
Extracted 86512/179305 slices
Extracted 86528/179305 slices
Extracted 86544/179305 slices
Extracted 86560/179305 slices
Extracted 86576/179305 slices
Extracted 86592/179305 slices
Extracted 86608/179305 slices
Extracted 86624/179305 slices
Extracted 86640/179305 slices
Extracted 86656/179305 slices
Extracted 86672/179305 slices
Extracted 86688/179305 slices
Extracted 86704/179305 slices
Extracted 86720/179305 slices
Extracted 86736/179305 slices
Extracted 86752/179305 slices
Extracted 86768/179305 slices
Extracted 86784/179305 slices
Extracted 86800/179305 slices
Extracted 86816/179305 slices
Extracted 86832/179305 slices
Extracted 86848/179305 slices
Extracted 86864/179305 slices
Extracted 86880/179305 slices
Extracted 86896/179305 slices
Extracted 86912/179305 slices
Extracted 86928/179305 slices
Extracted 86944/179305 slices
Extracted 86960/179305 slices
Extracted 86976/179305 slices
Extracted 86992/179305 slices
Extracted 87008/179305 slices
Extracted 87024/179305 slices
Extracted 87040/179305 slices
Extracted 87056/179305 slices
Extracted 87072/179305 slices
Extracted 87088/179305 slices
Extracted 87104/179305 slices
Extracted 87120/179305 slices
Extracted 87136/179305 slices
Extracted 87152/179305 slices
Extracted 87168/179305 slices
Extracted 87184/179305 slices
Extracted 87200/179305 slices
Extracted 87216/179305 slices
Extracted 87232/179305 slices
Extracted 87248/179305 slices
Extracted 87264/179305 slices
Extracted 87280/179305 slices
Extracted 87296/179305 slices
Extracted 87312/179305 slices
Extracted 87328/179305 slices
Extracted 87344/179305 slices
Extracted 87360/179305 slices
Extracted 87376/179305 slices
Extracted 87392/179305 slices
Extracted 87408/179305 slices
Extracted 87424/179305 slices
Extracted 87440/179305 slices
Extracted 87456/179305 slices
Extracted 87472/179305 slices
Extracted 87488/179305 slices
Extracted 87504/179305 slices
Extracted 87520/179305 slices
Extracted 87536/179305 slices
Extracted 87552/179305 slices
Extracted 87568/179305 slices
Extracted 87584/179305 slices
Extracted 87600/179305 slices
Extracted 87616/179305 slices
Extracted 87632/179305 slices
Extracted 87648/179305 slices
Extracted 87664/179305 slices
Extracted 87680/179305 slices
Extracted 87696/179305 slices
Extracted 87712/179305 slices
Extracted 87728/179305 slices
Extracted 87744/179305 slices
Extracted 87760/179305 slices
Extracted 87776/179305 slices
Extracted 87792/179305 slices
Extracted 87808/179305 slices
Extracted 87824/179305 slices
Extracted 87840/179305 slices
Extracted 87856/179305 slices
Extracted 87872/179305 slices
Extracted 87888/179305 slices
Extracted 87904/179305 slices
Extracted 87920/179305 slices
Extracted 87936/179305 slices
Extracted 87952/179305 slices
Extracted 87968/179305 slices
Extracted 87984/179305 slices
Extracted 88000/179305 slices
Extracted 88016/179305 slices
Extracted 88032/179305 slices
Extracted 88048/179305 slices
Extracted 88064/179305 slices
Extracted 88080/179305 slices
Extracted 88096/179305 slices
Extracted 88112/179305 slices
Extracted 88128/179305 slices
Extracted 88144/179305 slices
Extracted 88160/179305 slices
Extracted 88176/179305 slices
Extracted 88192/179305 slices
Extracted 88208/179305 slices
Extracted 88224/179305 slices
Extracted 88240/179305 slices
Extracted 88256/179305 slices
Extracted 88272/179305 slices
Extracted 88288/179305 slices
Extracted 88304/179305 slices
Extracted 88320/179305 slices
Extracted 88336/179305 slices
Extracted 88352/179305 slices
Extracted 88368/179305 slices
Extracted 88384/179305 slices
Extracted 88400/179305 slices
Extracted 88416/179305 slices
Extracted 88432/179305 slices
Extracted 88448/179305 slices
Extracted 88464/179305 slices
Extracted 88480/179305 slices
Extracted 88496/179305 slices
Extracted 88512/179305 slices
Extracted 88528/179305 slices
Extracted 88544/179305 slices
Extracted 88560/179305 slices
Extracted 88576/179305 slices
Extracted 88592/179305 slices
Extracted 88608/179305 slices
Extracted 88624/179305 slices
Extracted 88640/179305 slices
Extracted 88656/179305 slices
Extracted 88672/179305 slices
Extracted 88688/179305 slices
Extracted 88704/179305 slices
Extracted 88720/179305 slices
Extracted 88736/179305 slices
Extracted 88752/179305 slices
Extracted 88768/179305 slices
Extracted 88784/179305 slices
Extracted 88800/179305 slices
Extracted 88816/179305 slices
Extracted 88832/179305 slices
Extracted 88848/179305 slices
Extracted 88864/179305 slices
Extracted 88880/179305 slices
Extracted 88896/179305 slices
Extracted 88912/179305 slices
Extracted 88928/179305 slices
Extracted 88944/179305 slices
Extracted 88960/179305 slices
Extracted 88976/179305 slices
Extracted 88992/179305 slices
Extracted 89008/179305 slices
Extracted 89024/179305 slices
Extracted 89040/179305 slices
Extracted 89056/179305 slices
Extracted 89072/179305 slices
Extracted 89088/179305 slices
Extracted 89104/179305 slices
Extracted 89120/179305 slices
Extracted 89136/179305 slices
Extracted 89152/179305 slices
Extracted 89168/179305 slices
Extracted 89184/179305 slices
Extracted 89200/179305 slices
Extracted 89216/179305 slices
Extracted 89232/179305 slices
Extracted 89248/179305 slices
Extracted 89264/179305 slices
Extracted 89280/179305 slices
Extracted 89296/179305 slices
Extracted 89312/179305 slices
Extracted 89328/179305 slices
Extracted 89344/179305 slices
Extracted 89360/179305 slices
Extracted 89376/179305 slices
Extracted 89392/179305 slices
Extracted 89408/179305 slices
Extracted 89424/179305 slices
Extracted 89440/179305 slices
Extracted 89456/179305 slices
Extracted 89472/179305 slices
Extracted 89488/179305 slices
Extracted 89504/179305 slices
Extracted 89520/179305 slices
Extracted 89536/179305 slices
Extracted 89552/179305 slices
Extracted 89568/179305 slices
Extracted 89584/179305 slices
Extracted 89600/179305 slices
Extracted 89616/179305 slices
Extracted 89632/179305 slices
Extracted 89648/179305 slices
Extracted 89664/179305 slices
Extracted 89680/179305 slices
Extracted 89696/179305 slices
Extracted 89712/179305 slices
Extracted 89728/179305 slices
Extracted 89744/179305 slices
Extracted 89760/179305 slices
Extracted 89776/179305 slices
Extracted 89792/179305 slices
Extracted 89808/179305 slices
Extracted 89824/179305 slices
Extracted 89840/179305 slices
Extracted 89856/179305 slices
Extracted 89872/179305 slices
Extracted 89888/179305 slices
Extracted 89904/179305 slices
Extracted 89920/179305 slices
Extracted 89936/179305 slices
Extracted 89952/179305 slices
Extracted 89968/179305 slices
Extracted 89984/179305 slices
Extracted 90000/179305 slices
Extracted 90016/179305 slices
Extracted 90032/179305 slices
Extracted 90048/179305 slices
Extracted 90064/179305 slices
Extracted 90080/179305 slices
Extracted 90096/179305 slices
Extracted 90112/179305 slices
Extracted 90128/179305 slices
Extracted 90144/179305 slices
Extracted 90160/179305 slices
Extracted 90176/179305 slices
Extracted 90192/179305 slices
Extracted 90208/179305 slices
Extracted 90224/179305 slices
Extracted 90240/179305 slices
Extracted 90256/179305 slices
Extracted 90272/179305 slices
Extracted 90288/179305 slices
Extracted 90304/179305 slices
Extracted 90320/179305 slices
Extracted 90336/179305 slices
Extracted 90352/179305 slices
Extracted 90368/179305 slices
Extracted 90384/179305 slices
Extracted 90400/179305 slices
Extracted 90416/179305 slices
Extracted 90432/179305 slices
Extracted 90448/179305 slices
Extracted 90464/179305 slices
Extracted 90480/179305 slices
Extracted 90496/179305 slices
Extracted 90512/179305 slices
Extracted 90528/179305 slices
Extracted 90544/179305 slices
Extracted 90560/179305 slices
Extracted 90576/179305 slices
Extracted 90592/179305 slices
Extracted 90608/179305 slices
Extracted 90624/179305 slices
Extracted 90640/179305 slices
Extracted 90656/179305 slices
Extracted 90672/179305 slices
Extracted 90688/179305 slices
Extracted 90704/179305 slices
Extracted 90720/179305 slices
Extracted 90736/179305 slices
Extracted 90752/179305 slices
Extracted 90768/179305 slices
Extracted 90784/179305 slices
Extracted 90800/179305 slices
Extracted 90816/179305 slices
Extracted 90832/179305 slices
Extracted 90848/179305 slices
Extracted 90864/179305 slices
Extracted 90880/179305 slices
Extracted 90896/179305 slices
Extracted 90912/179305 slices
Extracted 90928/179305 slices
Extracted 90944/179305 slices
Extracted 90960/179305 slices
Extracted 90976/179305 slices
Extracted 90992/179305 slices
Extracted 91008/179305 slices
Extracted 91024/179305 slices
Extracted 91040/179305 slices
Extracted 91056/179305 slices
Extracted 91072/179305 slices
Extracted 91088/179305 slices
Extracted 91104/179305 slices
Extracted 91120/179305 slices
Extracted 91136/179305 slices
Extracted 91152/179305 slices
Extracted 91168/179305 slices
Extracted 91184/179305 slices
Extracted 91200/179305 slices
Extracted 91216/179305 slices
Extracted 91232/179305 slices
Extracted 91248/179305 slices
Extracted 91264/179305 slices
Extracted 91280/179305 slices
Extracted 91296/179305 slices
Extracted 91312/179305 slices
Extracted 91328/179305 slices
Extracted 91344/179305 slices
Extracted 91360/179305 slices
Extracted 91376/179305 slices
Extracted 91392/179305 slices
Extracted 91408/179305 slices
Extracted 91424/179305 slices
Extracted 91440/179305 slices
Extracted 91456/179305 slices
Extracted 91472/179305 slices
Extracted 91488/179305 slices
Extracted 91504/179305 slices
Extracted 91520/179305 slices
Extracted 91536/179305 slices
Extracted 91552/179305 slices
Extracted 91568/179305 slices
Extracted 91584/179305 slices
Extracted 91600/179305 slices
Extracted 91616/179305 slices
Extracted 91632/179305 slices
Extracted 91648/179305 slices
Extracted 91664/179305 slices
Extracted 91680/179305 slices
Extracted 91696/179305 slices
Extracted 91712/179305 slices
Extracted 91728/179305 slices
Extracted 91744/179305 slices
Extracted 91760/179305 slices
Extracted 91776/179305 slices
Extracted 91792/179305 slices
Extracted 91808/179305 slices
Extracted 91824/179305 slices
Extracted 91840/179305 slices
Extracted 91856/179305 slices
Extracted 91872/179305 slices
Extracted 91888/179305 slices
Extracted 91904/179305 slices
Extracted 91920/179305 slices
Extracted 91936/179305 slices
Extracted 91952/179305 slices
Extracted 91968/179305 slices
Extracted 91984/179305 slices
Extracted 92000/179305 slices
Extracted 92016/179305 slices
Extracted 92032/179305 slices
Extracted 92048/179305 slices
Extracted 92064/179305 slices
Extracted 92080/179305 slices
Extracted 92096/179305 slices
Extracted 92112/179305 slices
Extracted 92128/179305 slices
Extracted 92144/179305 slices
Extracted 92160/179305 slices
Extracted 92176/179305 slices
Extracted 92192/179305 slices
Extracted 92208/179305 slices
Extracted 92224/179305 slices
Extracted 92240/179305 slices
Extracted 92256/179305 slices
Extracted 92272/179305 slices
Extracted 92288/179305 slices
Extracted 92304/179305 slices
Extracted 92320/179305 slices
Extracted 92336/179305 slices
Extracted 92352/179305 slices
Extracted 92368/179305 slices
Extracted 92384/179305 slices
Extracted 92400/179305 slices
Extracted 92416/179305 slices
Extracted 92432/179305 slices
Extracted 92448/179305 slices
Extracted 92464/179305 slices
Extracted 92480/179305 slices
Extracted 92496/179305 slices
Extracted 92512/179305 slices
Extracted 92528/179305 slices
Extracted 92544/179305 slices
Extracted 92560/179305 slices
Extracted 92576/179305 slices
Extracted 92592/179305 slices
Extracted 92608/179305 slices
Extracted 92624/179305 slices
Extracted 92640/179305 slices
Extracted 92656/179305 slices
Extracted 92672/179305 slices
Extracted 92688/179305 slices
Extracted 92704/179305 slices
Extracted 92720/179305 slices
Extracted 92736/179305 slices
Extracted 92752/179305 slices
Extracted 92768/179305 slices
Extracted 92784/179305 slices
Extracted 92800/179305 slices
Extracted 92816/179305 slices
Extracted 92832/179305 slices
Extracted 92848/179305 slices
Extracted 92864/179305 slices
Extracted 92880/179305 slices
Extracted 92896/179305 slices
Extracted 92912/179305 slices
Extracted 92928/179305 slices
Extracted 92944/179305 slices
Extracted 92960/179305 slices
Extracted 92976/179305 slices
Extracted 92992/179305 slices
Extracted 93008/179305 slices
Extracted 93024/179305 slices
Extracted 93040/179305 slices
Extracted 93056/179305 slices
Extracted 93072/179305 slices
Extracted 93088/179305 slices
Extracted 93104/179305 slices
Extracted 93120/179305 slices
Extracted 93136/179305 slices
Extracted 93152/179305 slices
Extracted 93168/179305 slices
Extracted 93184/179305 slices
Extracted 93200/179305 slices
Extracted 93216/179305 slices
Extracted 93232/179305 slices
Extracted 93248/179305 slices
Extracted 93264/179305 slices
Extracted 93280/179305 slices
Extracted 93296/179305 slices
Extracted 93312/179305 slices
Extracted 93328/179305 slices
Extracted 93344/179305 slices
Extracted 93360/179305 slices
Extracted 93376/179305 slices
Extracted 93392/179305 slices
Extracted 93408/179305 slices
Extracted 93424/179305 slices
Extracted 93440/179305 slices
Extracted 93456/179305 slices
Extracted 93472/179305 slices
Extracted 93488/179305 slices
Extracted 93504/179305 slices
Extracted 93520/179305 slices
Extracted 93536/179305 slices
Extracted 93552/179305 slices
Extracted 93568/179305 slices
Extracted 93584/179305 slices
Extracted 93600/179305 slices
Extracted 93616/179305 slices
Extracted 93632/179305 slices
Extracted 93648/179305 slices
Extracted 93664/179305 slices
Extracted 93680/179305 slices
Extracted 93696/179305 slices
Extracted 93712/179305 slices
Extracted 93728/179305 slices
Extracted 93744/179305 slices
Extracted 93760/179305 slices
Extracted 93776/179305 slices
Extracted 93792/179305 slices
Extracted 93808/179305 slices
Extracted 93824/179305 slices
Extracted 93840/179305 slices
Extracted 93856/179305 slices
Extracted 93872/179305 slices
Extracted 93888/179305 slices
Extracted 93904/179305 slices
Extracted 93920/179305 slices
Extracted 93936/179305 slices
Extracted 93952/179305 slices
Extracted 93968/179305 slices
Extracted 93984/179305 slices
Extracted 94000/179305 slices
Extracted 94016/179305 slices
Extracted 94032/179305 slices
Extracted 94048/179305 slices
Extracted 94064/179305 slices
Extracted 94080/179305 slices
Extracted 94096/179305 slices
Extracted 94112/179305 slices
Extracted 94128/179305 slices
Extracted 94144/179305 slices
Extracted 94160/179305 slices
Extracted 94176/179305 slices
Extracted 94192/179305 slices
Extracted 94208/179305 slices
Extracted 94224/179305 slices
Extracted 94240/179305 slices
Extracted 94256/179305 slices
Extracted 94272/179305 slices
Extracted 94288/179305 slices
Extracted 94304/179305 slices
Extracted 94320/179305 slices
Extracted 94336/179305 slices
Extracted 94352/179305 slices
Extracted 94368/179305 slices
Extracted 94384/179305 slices
Extracted 94400/179305 slices
Extracted 94416/179305 slices
Extracted 94432/179305 slices
Extracted 94448/179305 slices
Extracted 94464/179305 slices
Extracted 94480/179305 slices
Extracted 94496/179305 slices
Extracted 94512/179305 slices
Extracted 94528/179305 slices
Extracted 94544/179305 slices
Extracted 94560/179305 slices
Extracted 94576/179305 slices
Extracted 94592/179305 slices
Extracted 94608/179305 slices
Extracted 94624/179305 slices
Extracted 94640/179305 slices
Extracted 94656/179305 slices
Extracted 94672/179305 slices
Extracted 94688/179305 slices
Extracted 94704/179305 slices
Extracted 94720/179305 slices
Extracted 94736/179305 slices
Extracted 94752/179305 slices
Extracted 94768/179305 slices
Extracted 94784/179305 slices
Extracted 94800/179305 slices
Extracted 94816/179305 slices
Extracted 94832/179305 slices
Extracted 94848/179305 slices
Extracted 94864/179305 slices
Extracted 94880/179305 slices
Extracted 94896/179305 slices
Extracted 94912/179305 slices
Extracted 94928/179305 slices
Extracted 94944/179305 slices
Extracted 94960/179305 slices
Extracted 94976/179305 slices
Extracted 94992/179305 slices
Extracted 95008/179305 slices
Extracted 95024/179305 slices
Extracted 95040/179305 slices
Extracted 95056/179305 slices
Extracted 95072/179305 slices
Extracted 95088/179305 slices
Extracted 95104/179305 slices
Extracted 95120/179305 slices
Extracted 95136/179305 slices
Extracted 95152/179305 slices
Extracted 95168/179305 slices
Extracted 95184/179305 slices
Extracted 95200/179305 slices
Extracted 95216/179305 slices
Extracted 95232/179305 slices
Extracted 95248/179305 slices
Extracted 95264/179305 slices
Extracted 95280/179305 slices
Extracted 95296/179305 slices
Extracted 95312/179305 slices
Extracted 95328/179305 slices
Extracted 95344/179305 slices
Extracted 95360/179305 slices
Extracted 95376/179305 slices
Extracted 95392/179305 slices
Extracted 95408/179305 slices
Extracted 95424/179305 slices
Extracted 95440/179305 slices
Extracted 95456/179305 slices
Extracted 95472/179305 slices
Extracted 95488/179305 slices
Extracted 95504/179305 slices
Extracted 95520/179305 slices
Extracted 95536/179305 slices
Extracted 95552/179305 slices
Extracted 95568/179305 slices
Extracted 95584/179305 slices
Extracted 95600/179305 slices
Extracted 95616/179305 slices
Extracted 95632/179305 slices
Extracted 95648/179305 slices
Extracted 95664/179305 slices
Extracted 95680/179305 slices
Extracted 95696/179305 slices
Extracted 95712/179305 slices
Extracted 95728/179305 slices
Extracted 95744/179305 slices
Extracted 95760/179305 slices
Extracted 95776/179305 slices
Extracted 95792/179305 slices
Extracted 95808/179305 slices
Extracted 95824/179305 slices
Extracted 95840/179305 slices
Extracted 95856/179305 slices
Extracted 95872/179305 slices
Extracted 95888/179305 slices
Extracted 95904/179305 slices
Extracted 95920/179305 slices
Extracted 95936/179305 slices
Extracted 95952/179305 slices
Extracted 95968/179305 slices
Extracted 95984/179305 slices
Extracted 96000/179305 slices
Extracted 96016/179305 slices
Extracted 96032/179305 slices
Extracted 96048/179305 slices
Extracted 96064/179305 slices
Extracted 96080/179305 slices
Extracted 96096/179305 slices
Extracted 96112/179305 slices
Extracted 96128/179305 slices
Extracted 96144/179305 slices
Extracted 96160/179305 slices
Extracted 96176/179305 slices
Extracted 96192/179305 slices
Extracted 96208/179305 slices
Extracted 96224/179305 slices
Extracted 96240/179305 slices
Extracted 96256/179305 slices
Extracted 96272/179305 slices
Extracted 96288/179305 slices
Extracted 96304/179305 slices
Extracted 96320/179305 slices
Extracted 96336/179305 slices
Extracted 96352/179305 slices
Extracted 96368/179305 slices
Extracted 96384/179305 slices
Extracted 96400/179305 slices
Extracted 96416/179305 slices
Extracted 96432/179305 slices
Extracted 96448/179305 slices
Extracted 96464/179305 slices
Extracted 96480/179305 slices
Extracted 96496/179305 slices
Extracted 96512/179305 slices
Extracted 96528/179305 slices
Extracted 96544/179305 slices
Extracted 96560/179305 slices
Extracted 96576/179305 slices
Extracted 96592/179305 slices
Extracted 96608/179305 slices
Extracted 96624/179305 slices
Extracted 96640/179305 slices
Extracted 96656/179305 slices
Extracted 96672/179305 slices
Extracted 96688/179305 slices
Extracted 96704/179305 slices
Extracted 96720/179305 slices
Extracted 96736/179305 slices
Extracted 96752/179305 slices
Extracted 96768/179305 slices
Extracted 96784/179305 slices
Extracted 96800/179305 slices
Extracted 96816/179305 slices
Extracted 96832/179305 slices
Extracted 96848/179305 slices
Extracted 96864/179305 slices
Extracted 96880/179305 slices
Extracted 96896/179305 slices
Extracted 96912/179305 slices
Extracted 96928/179305 slices
Extracted 96944/179305 slices
Extracted 96960/179305 slices
Extracted 96976/179305 slices
Extracted 96992/179305 slices
Extracted 97008/179305 slices
Extracted 97024/179305 slices
Extracted 97040/179305 slices
Extracted 97056/179305 slices
Extracted 97072/179305 slices
Extracted 97088/179305 slices
Extracted 97104/179305 slices
Extracted 97120/179305 slices
Extracted 97136/179305 slices
Extracted 97152/179305 slices
Extracted 97168/179305 slices
Extracted 97184/179305 slices
Extracted 97200/179305 slices
Extracted 97216/179305 slices
Extracted 97232/179305 slices
Extracted 97248/179305 slices
Extracted 97264/179305 slices
Extracted 97280/179305 slices
Extracted 97296/179305 slices
Extracted 97312/179305 slices
Extracted 97328/179305 slices
Extracted 97344/179305 slices
Extracted 97360/179305 slices
Extracted 97376/179305 slices
Extracted 97392/179305 slices
Extracted 97408/179305 slices
Extracted 97424/179305 slices
Extracted 97440/179305 slices
Extracted 97456/179305 slices
Extracted 97472/179305 slices
Extracted 97488/179305 slices
Extracted 97504/179305 slices
Extracted 97520/179305 slices
Extracted 97536/179305 slices
Extracted 97552/179305 slices
Extracted 97568/179305 slices
Extracted 97584/179305 slices
Extracted 97600/179305 slices
Extracted 97616/179305 slices
Extracted 97632/179305 slices
Extracted 97648/179305 slices
Extracted 97664/179305 slices
Extracted 97680/179305 slices
Extracted 97696/179305 slices
Extracted 97712/179305 slices
Extracted 97728/179305 slices
Extracted 97744/179305 slices
Extracted 97760/179305 slices
Extracted 97776/179305 slices
Extracted 97792/179305 slices
Extracted 97808/179305 slices
Extracted 97824/179305 slices
Extracted 97840/179305 slices
Extracted 97856/179305 slices
Extracted 97872/179305 slices
Extracted 97888/179305 slices
Extracted 97904/179305 slices
Extracted 97920/179305 slices
Extracted 97936/179305 slices
Extracted 97952/179305 slices
Extracted 97968/179305 slices
Extracted 97984/179305 slices
Extracted 98000/179305 slices
Extracted 98016/179305 slices
Extracted 98032/179305 slices
Extracted 98048/179305 slices
Extracted 98064/179305 slices
Extracted 98080/179305 slices
Extracted 98096/179305 slices
Extracted 98112/179305 slices
Extracted 98128/179305 slices
Extracted 98144/179305 slices
Extracted 98160/179305 slices
Extracted 98176/179305 slices
Extracted 98192/179305 slices
Extracted 98208/179305 slices
Extracted 98224/179305 slices
Extracted 98240/179305 slices
Extracted 98256/179305 slices
Extracted 98272/179305 slices
Extracted 98288/179305 slices
Extracted 98304/179305 slices
Extracted 98320/179305 slices
Extracted 98336/179305 slices
Extracted 98352/179305 slices
Extracted 98368/179305 slices
Extracted 98384/179305 slices
Extracted 98400/179305 slices
Extracted 98416/179305 slices
Extracted 98432/179305 slices
Extracted 98448/179305 slices
Extracted 98464/179305 slices
Extracted 98480/179305 slices
Extracted 98496/179305 slices
Extracted 98512/179305 slices
Extracted 98528/179305 slices
Extracted 98544/179305 slices
Extracted 98560/179305 slices
Extracted 98576/179305 slices
Extracted 98592/179305 slices
Extracted 98608/179305 slices
Extracted 98624/179305 slices
Extracted 98640/179305 slices
Extracted 98656/179305 slices
Extracted 98672/179305 slices
Extracted 98688/179305 slices
Extracted 98704/179305 slices
Extracted 98720/179305 slices
Extracted 98736/179305 slices
Extracted 98752/179305 slices
Extracted 98768/179305 slices
Extracted 98784/179305 slices
Extracted 98800/179305 slices
Extracted 98816/179305 slices
Extracted 98832/179305 slices
Extracted 98848/179305 slices
Extracted 98864/179305 slices
Extracted 98880/179305 slices
Extracted 98896/179305 slices
Extracted 98912/179305 slices
Extracted 98928/179305 slices
Extracted 98944/179305 slices
Extracted 98960/179305 slices
Extracted 98976/179305 slices
Extracted 98992/179305 slices
Extracted 99008/179305 slices
Extracted 99024/179305 slices
Extracted 99040/179305 slices
Extracted 99056/179305 slices
Extracted 99072/179305 slices
Extracted 99088/179305 slices
Extracted 99104/179305 slices
Extracted 99120/179305 slices
Extracted 99136/179305 slices
Extracted 99152/179305 slices
Extracted 99168/179305 slices
Extracted 99184/179305 slices
Extracted 99200/179305 slices
Extracted 99216/179305 slices
Extracted 99232/179305 slices
Extracted 99248/179305 slices
Extracted 99264/179305 slices
Extracted 99280/179305 slices
Extracted 99296/179305 slices
Extracted 99312/179305 slices
Extracted 99328/179305 slices
Extracted 99344/179305 slices
Extracted 99360/179305 slices
Extracted 99376/179305 slices
Extracted 99392/179305 slices
Extracted 99408/179305 slices
Extracted 99424/179305 slices
Extracted 99440/179305 slices
Extracted 99456/179305 slices
Extracted 99472/179305 slices
Extracted 99488/179305 slices
Extracted 99504/179305 slices
Extracted 99520/179305 slices
Extracted 99536/179305 slices
Extracted 99552/179305 slices
Extracted 99568/179305 slices
Extracted 99584/179305 slices
Extracted 99600/179305 slices
Extracted 99616/179305 slices
Extracted 99632/179305 slices
Extracted 99648/179305 slices
Extracted 99664/179305 slices
Extracted 99680/179305 slices
Extracted 99696/179305 slices
Extracted 99712/179305 slices
Extracted 99728/179305 slices
Extracted 99744/179305 slices
Extracted 99760/179305 slices
Extracted 99776/179305 slices
Extracted 99792/179305 slices
Extracted 99808/179305 slices
Extracted 99824/179305 slices
Extracted 99840/179305 slices
Extracted 99856/179305 slices
Extracted 99872/179305 slices
Extracted 99888/179305 slices
Extracted 99904/179305 slices
Extracted 99920/179305 slices
Extracted 99936/179305 slices
Extracted 99952/179305 slices
Extracted 99968/179305 slices
Extracted 99984/179305 slices
Extracted 100000/179305 slices
Extracted 100016/179305 slices
Extracted 100032/179305 slices
Extracted 100048/179305 slices
Extracted 100064/179305 slices
Extracted 100080/179305 slices
Extracted 100096/179305 slices
Extracted 100112/179305 slices
Extracted 100128/179305 slices
Extracted 100144/179305 slices
Extracted 100160/179305 slices
Extracted 100176/179305 slices
Extracted 100192/179305 slices
Extracted 100208/179305 slices
Extracted 100224/179305 slices
Extracted 100240/179305 slices
Extracted 100256/179305 slices
Extracted 100272/179305 slices
Extracted 100288/179305 slices
Extracted 100304/179305 slices
Extracted 100320/179305 slices
Extracted 100336/179305 slices
Extracted 100352/179305 slices
Extracted 100368/179305 slices
Extracted 100384/179305 slices
Extracted 100400/179305 slices
Extracted 100416/179305 slices
Extracted 100432/179305 slices
Extracted 100448/179305 slices
Extracted 100464/179305 slices
Extracted 100480/179305 slices
Extracted 100496/179305 slices
Extracted 100512/179305 slices
Extracted 100528/179305 slices
Extracted 100544/179305 slices
Extracted 100560/179305 slices
Extracted 100576/179305 slices
Extracted 100592/179305 slices
Extracted 100608/179305 slices
Extracted 100624/179305 slices
Extracted 100640/179305 slices
Extracted 100656/179305 slices
Extracted 100672/179305 slices
Extracted 100688/179305 slices
Extracted 100704/179305 slices
Extracted 100720/179305 slices
Extracted 100736/179305 slices
Extracted 100752/179305 slices
Extracted 100768/179305 slices
Extracted 100784/179305 slices
Extracted 100800/179305 slices
Extracted 100816/179305 slices
Extracted 100832/179305 slices
Extracted 100848/179305 slices
Extracted 100864/179305 slices
Extracted 100880/179305 slices
Extracted 100896/179305 slices
Extracted 100912/179305 slices
Extracted 100928/179305 slices
Extracted 100944/179305 slices
Extracted 100960/179305 slices
Extracted 100976/179305 slices
Extracted 100992/179305 slices
Extracted 101008/179305 slices
Extracted 101024/179305 slices
Extracted 101040/179305 slices
Extracted 101056/179305 slices
Extracted 101072/179305 slices
Extracted 101088/179305 slices
Extracted 101104/179305 slices
Extracted 101120/179305 slices
Extracted 101136/179305 slices
Extracted 101152/179305 slices
Extracted 101168/179305 slices
Extracted 101184/179305 slices
Extracted 101200/179305 slices
Extracted 101216/179305 slices
Extracted 101232/179305 slices
Extracted 101248/179305 slices
Extracted 101264/179305 slices
Extracted 101280/179305 slices
Extracted 101296/179305 slices
Extracted 101312/179305 slices
Extracted 101328/179305 slices
Extracted 101344/179305 slices
Extracted 101360/179305 slices
Extracted 101376/179305 slices
Extracted 101392/179305 slices
Extracted 101408/179305 slices
Extracted 101424/179305 slices
Extracted 101440/179305 slices
Extracted 101456/179305 slices
Extracted 101472/179305 slices
Extracted 101488/179305 slices
Extracted 101504/179305 slices
Extracted 101520/179305 slices
Extracted 101536/179305 slices
Extracted 101552/179305 slices
Extracted 101568/179305 slices
Extracted 101584/179305 slices
Extracted 101600/179305 slices
Extracted 101616/179305 slices
Extracted 101632/179305 slices
Extracted 101648/179305 slices
Extracted 101664/179305 slices
Extracted 101680/179305 slices
Extracted 101696/179305 slices
Extracted 101712/179305 slices
Extracted 101728/179305 slices
Extracted 101744/179305 slices
Extracted 101760/179305 slices
Extracted 101776/179305 slices
Extracted 101792/179305 slices
Extracted 101808/179305 slices
Extracted 101824/179305 slices
Extracted 101840/179305 slices
Extracted 101856/179305 slices
Extracted 101872/179305 slices
Extracted 101888/179305 slices
Extracted 101904/179305 slices
Extracted 101920/179305 slices
Extracted 101936/179305 slices
Extracted 101952/179305 slices
Extracted 101968/179305 slices
Extracted 101984/179305 slices
Extracted 102000/179305 slices
Extracted 102016/179305 slices
Extracted 102032/179305 slices
Extracted 102048/179305 slices
Extracted 102064/179305 slices
Extracted 102080/179305 slices
Extracted 102096/179305 slices
Extracted 102112/179305 slices
Extracted 102128/179305 slices
Extracted 102144/179305 slices
Extracted 102160/179305 slices
Extracted 102176/179305 slices
Extracted 102192/179305 slices
Extracted 102208/179305 slices
Extracted 102224/179305 slices
Extracted 102240/179305 slices
Extracted 102256/179305 slices
Extracted 102272/179305 slices
Extracted 102288/179305 slices
Extracted 102304/179305 slices
Extracted 102320/179305 slices
Extracted 102336/179305 slices
Extracted 102352/179305 slices
Extracted 102368/179305 slices
Extracted 102384/179305 slices
Extracted 102400/179305 slices
Extracted 102416/179305 slices
Extracted 102432/179305 slices
Extracted 102448/179305 slices
Extracted 102464/179305 slices
Extracted 102480/179305 slices
Extracted 102496/179305 slices
Extracted 102512/179305 slices
Extracted 102528/179305 slices
Extracted 102544/179305 slices
Extracted 102560/179305 slices
Extracted 102576/179305 slices
Extracted 102592/179305 slices
Extracted 102608/179305 slices
Extracted 102624/179305 slices
Extracted 102640/179305 slices
Extracted 102656/179305 slices
Extracted 102672/179305 slices
Extracted 102688/179305 slices
Extracted 102704/179305 slices
Extracted 102720/179305 slices
Extracted 102736/179305 slices
Extracted 102752/179305 slices
Extracted 102768/179305 slices
Extracted 102784/179305 slices
Extracted 102800/179305 slices
Extracted 102816/179305 slices
Extracted 102832/179305 slices
Extracted 102848/179305 slices
Extracted 102864/179305 slices
Extracted 102880/179305 slices
Extracted 102896/179305 slices
Extracted 102912/179305 slices
Extracted 102928/179305 slices
Extracted 102944/179305 slices
Extracted 102960/179305 slices
Extracted 102976/179305 slices
Extracted 102992/179305 slices
Extracted 103008/179305 slices
Extracted 103024/179305 slices
Extracted 103040/179305 slices
Extracted 103056/179305 slices
Extracted 103072/179305 slices
Extracted 103088/179305 slices
Extracted 103104/179305 slices
Extracted 103120/179305 slices
Extracted 103136/179305 slices
Extracted 103152/179305 slices
Extracted 103168/179305 slices
Extracted 103184/179305 slices
Extracted 103200/179305 slices
Extracted 103216/179305 slices
Extracted 103232/179305 slices
Extracted 103248/179305 slices
Extracted 103264/179305 slices
Extracted 103280/179305 slices
Extracted 103296/179305 slices
Extracted 103312/179305 slices
Extracted 103328/179305 slices
Extracted 103344/179305 slices
Extracted 103360/179305 slices
Extracted 103376/179305 slices
Extracted 103392/179305 slices
Extracted 103408/179305 slices
Extracted 103424/179305 slices
Extracted 103440/179305 slices
Extracted 103456/179305 slices
Extracted 103472/179305 slices
Extracted 103488/179305 slices
Extracted 103504/179305 slices
Extracted 103520/179305 slices
Extracted 103536/179305 slices
Extracted 103552/179305 slices
Extracted 103568/179305 slices
Extracted 103584/179305 slices
Extracted 103600/179305 slices
Extracted 103616/179305 slices
Extracted 103632/179305 slices
Extracted 103648/179305 slices
Extracted 103664/179305 slices
Extracted 103680/179305 slices
Extracted 103696/179305 slices
Extracted 103712/179305 slices
Extracted 103728/179305 slices
Extracted 103744/179305 slices
Extracted 103760/179305 slices
Extracted 103776/179305 slices
Extracted 103792/179305 slices
Extracted 103808/179305 slices
Extracted 103824/179305 slices
Extracted 103840/179305 slices
Extracted 103856/179305 slices
Extracted 103872/179305 slices
Extracted 103888/179305 slices
Extracted 103904/179305 slices
Extracted 103920/179305 slices
Extracted 103936/179305 slices
Extracted 103952/179305 slices
Extracted 103968/179305 slices
Extracted 103984/179305 slices
Extracted 104000/179305 slices
Extracted 104016/179305 slices
Extracted 104032/179305 slices
Extracted 104048/179305 slices
Extracted 104064/179305 slices
Extracted 104080/179305 slices
Extracted 104096/179305 slices
Extracted 104112/179305 slices
Extracted 104128/179305 slices
Extracted 104144/179305 slices
Extracted 104160/179305 slices
Extracted 104176/179305 slices
Extracted 104192/179305 slices
Extracted 104208/179305 slices
Extracted 104224/179305 slices
Extracted 104240/179305 slices
Extracted 104256/179305 slices
Extracted 104272/179305 slices
Extracted 104288/179305 slices
Extracted 104304/179305 slices
Extracted 104320/179305 slices
Extracted 104336/179305 slices
Extracted 104352/179305 slices
Extracted 104368/179305 slices
Extracted 104384/179305 slices
Extracted 104400/179305 slices
Extracted 104416/179305 slices
Extracted 104432/179305 slices
Extracted 104448/179305 slices
Extracted 104464/179305 slices
Extracted 104480/179305 slices
Extracted 104496/179305 slices
Extracted 104512/179305 slices
Extracted 104528/179305 slices
Extracted 104544/179305 slices
Extracted 104560/179305 slices
Extracted 104576/179305 slices
Extracted 104592/179305 slices
Extracted 104608/179305 slices
Extracted 104624/179305 slices
Extracted 104640/179305 slices
Extracted 104656/179305 slices
Extracted 104672/179305 slices
Extracted 104688/179305 slices
Extracted 104704/179305 slices
Extracted 104720/179305 slices
Extracted 104736/179305 slices
Extracted 104752/179305 slices
Extracted 104768/179305 slices
Extracted 104784/179305 slices
Extracted 104800/179305 slices
Extracted 104816/179305 slices
Extracted 104832/179305 slices
Extracted 104848/179305 slices
Extracted 104864/179305 slices
Extracted 104880/179305 slices
Extracted 104896/179305 slices
Extracted 104912/179305 slices
Extracted 104928/179305 slices
Extracted 104944/179305 slices
Extracted 104960/179305 slices
Extracted 104976/179305 slices
Extracted 104992/179305 slices
Extracted 105008/179305 slices
Extracted 105024/179305 slices
Extracted 105040/179305 slices
Extracted 105056/179305 slices
Extracted 105072/179305 slices
Extracted 105088/179305 slices
Extracted 105104/179305 slices
Extracted 105120/179305 slices
Extracted 105136/179305 slices
Extracted 105152/179305 slices
Extracted 105168/179305 slices
Extracted 105184/179305 slices
Extracted 105200/179305 slices
Extracted 105216/179305 slices
Extracted 105232/179305 slices
Extracted 105248/179305 slices
Extracted 105264/179305 slices
Extracted 105280/179305 slices
Extracted 105296/179305 slices
Extracted 105312/179305 slices
Extracted 105328/179305 slices
Extracted 105344/179305 slices
Extracted 105360/179305 slices
Extracted 105376/179305 slices
Extracted 105392/179305 slices
Extracted 105408/179305 slices
Extracted 105424/179305 slices
Extracted 105440/179305 slices
Extracted 105456/179305 slices
Extracted 105472/179305 slices
Extracted 105488/179305 slices
Extracted 105504/179305 slices
Extracted 105520/179305 slices
Extracted 105536/179305 slices
Extracted 105552/179305 slices
Extracted 105568/179305 slices
Extracted 105584/179305 slices
Extracted 105600/179305 slices
Extracted 105616/179305 slices
Extracted 105632/179305 slices
Extracted 105648/179305 slices
Extracted 105664/179305 slices
Extracted 105680/179305 slices
Extracted 105696/179305 slices
Extracted 105712/179305 slices
Extracted 105728/179305 slices
Extracted 105744/179305 slices
Extracted 105760/179305 slices
Extracted 105776/179305 slices
Extracted 105792/179305 slices
Extracted 105808/179305 slices
Extracted 105824/179305 slices
Extracted 105840/179305 slices
Extracted 105856/179305 slices
Extracted 105872/179305 slices
Extracted 105888/179305 slices
Extracted 105904/179305 slices
Extracted 105920/179305 slices
Extracted 105936/179305 slices
Extracted 105952/179305 slices
Extracted 105968/179305 slices
Extracted 105984/179305 slices
Extracted 106000/179305 slices
Extracted 106016/179305 slices
Extracted 106032/179305 slices
Extracted 106048/179305 slices
Extracted 106064/179305 slices
Extracted 106080/179305 slices
Extracted 106096/179305 slices
Extracted 106112/179305 slices
Extracted 106128/179305 slices
Extracted 106144/179305 slices
Extracted 106160/179305 slices
Extracted 106176/179305 slices
Extracted 106192/179305 slices
Extracted 106208/179305 slices
Extracted 106224/179305 slices
Extracted 106240/179305 slices
Extracted 106256/179305 slices
Extracted 106272/179305 slices
Extracted 106288/179305 slices
Extracted 106304/179305 slices
Extracted 106320/179305 slices
Extracted 106336/179305 slices
Extracted 106352/179305 slices
Extracted 106368/179305 slices
Extracted 106384/179305 slices
Extracted 106400/179305 slices
Extracted 106416/179305 slices
Extracted 106432/179305 slices
Extracted 106448/179305 slices
Extracted 106464/179305 slices
Extracted 106480/179305 slices
Extracted 106496/179305 slices
Extracted 106512/179305 slices
Extracted 106528/179305 slices
Extracted 106544/179305 slices
Extracted 106560/179305 slices
Extracted 106576/179305 slices
Extracted 106592/179305 slices
Extracted 106608/179305 slices
Extracted 106624/179305 slices
Extracted 106640/179305 slices
Extracted 106656/179305 slices
Extracted 106672/179305 slices
Extracted 106688/179305 slices
Extracted 106704/179305 slices
Extracted 106720/179305 slices
Extracted 106736/179305 slices
Extracted 106752/179305 slices
Extracted 106768/179305 slices
Extracted 106784/179305 slices
Extracted 106800/179305 slices
Extracted 106816/179305 slices
Extracted 106832/179305 slices
Extracted 106848/179305 slices
Extracted 106864/179305 slices
Extracted 106880/179305 slices
Extracted 106896/179305 slices
Extracted 106912/179305 slices
Extracted 106928/179305 slices
Extracted 106944/179305 slices
Extracted 106960/179305 slices
Extracted 106976/179305 slices
Extracted 106992/179305 slices
Extracted 107008/179305 slices
Extracted 107024/179305 slices
Extracted 107040/179305 slices
Extracted 107056/179305 slices
Extracted 107072/179305 slices
Extracted 107088/179305 slices
Extracted 107104/179305 slices
Extracted 107120/179305 slices
Extracted 107136/179305 slices
Extracted 107152/179305 slices
Extracted 107168/179305 slices
Extracted 107184/179305 slices
Extracted 107200/179305 slices
Extracted 107216/179305 slices
Extracted 107232/179305 slices
Extracted 107248/179305 slices
Extracted 107264/179305 slices
Extracted 107280/179305 slices
Extracted 107296/179305 slices
Extracted 107312/179305 slices
Extracted 107328/179305 slices
Extracted 107344/179305 slices
Extracted 107360/179305 slices
Extracted 107376/179305 slices
Extracted 107392/179305 slices
Extracted 107408/179305 slices
Extracted 107424/179305 slices
Extracted 107440/179305 slices
Extracted 107456/179305 slices
Extracted 107472/179305 slices
Extracted 107488/179305 slices
Extracted 107504/179305 slices
Extracted 107520/179305 slices
Extracted 107536/179305 slices
Extracted 107552/179305 slices
Extracted 107568/179305 slices
Extracted 107584/179305 slices
Extracted 107600/179305 slices
Extracted 107616/179305 slices
Extracted 107632/179305 slices
Extracted 107648/179305 slices
Extracted 107664/179305 slices
Extracted 107680/179305 slices
Extracted 107696/179305 slices
Extracted 107712/179305 slices
Extracted 107728/179305 slices
Extracted 107744/179305 slices
Extracted 107760/179305 slices
Extracted 107776/179305 slices
Extracted 107792/179305 slices
Extracted 107808/179305 slices
Extracted 107824/179305 slices
Extracted 107840/179305 slices
Extracted 107856/179305 slices
Extracted 107872/179305 slices
Extracted 107888/179305 slices
Extracted 107904/179305 slices
Extracted 107920/179305 slices
Extracted 107936/179305 slices
Extracted 107952/179305 slices
Extracted 107968/179305 slices
Extracted 107984/179305 slices
Extracted 108000/179305 slices
Extracted 108016/179305 slices
Extracted 108032/179305 slices
Extracted 108048/179305 slices
Extracted 108064/179305 slices
Extracted 108080/179305 slices
Extracted 108096/179305 slices
Extracted 108112/179305 slices
Extracted 108128/179305 slices
Extracted 108144/179305 slices
Extracted 108160/179305 slices
Extracted 108176/179305 slices
Extracted 108192/179305 slices
Extracted 108208/179305 slices
Extracted 108224/179305 slices
Extracted 108240/179305 slices
Extracted 108256/179305 slices
Extracted 108272/179305 slices
Extracted 108288/179305 slices
Extracted 108304/179305 slices
Extracted 108320/179305 slices
Extracted 108336/179305 slices
Extracted 108352/179305 slices
Extracted 108368/179305 slices
Extracted 108384/179305 slices
Extracted 108400/179305 slices
Extracted 108416/179305 slices
Extracted 108432/179305 slices
Extracted 108448/179305 slices
Extracted 108464/179305 slices
Extracted 108480/179305 slices
Extracted 108496/179305 slices
Extracted 108512/179305 slices
Extracted 108528/179305 slices
Extracted 108544/179305 slices
Extracted 108560/179305 slices
Extracted 108576/179305 slices
Extracted 108592/179305 slices
Extracted 108608/179305 slices
Extracted 108624/179305 slices
Extracted 108640/179305 slices
Extracted 108656/179305 slices
Extracted 108672/179305 slices
Extracted 108688/179305 slices
Extracted 108704/179305 slices
Extracted 108720/179305 slices
Extracted 108736/179305 slices
Extracted 108752/179305 slices
Extracted 108768/179305 slices
Extracted 108784/179305 slices
Extracted 108800/179305 slices
Extracted 108816/179305 slices
Extracted 108832/179305 slices
Extracted 108848/179305 slices
Extracted 108864/179305 slices
Extracted 108880/179305 slices
Extracted 108896/179305 slices
Extracted 108912/179305 slices
Extracted 108928/179305 slices
Extracted 108944/179305 slices
Extracted 108960/179305 slices
Extracted 108976/179305 slices
Extracted 108992/179305 slices
Extracted 109008/179305 slices
Extracted 109024/179305 slices
Extracted 109040/179305 slices
Extracted 109056/179305 slices
Extracted 109072/179305 slices
Extracted 109088/179305 slices
Extracted 109104/179305 slices
Extracted 109120/179305 slices
Extracted 109136/179305 slices
Extracted 109152/179305 slices
Extracted 109168/179305 slices
Extracted 109184/179305 slices
Extracted 109200/179305 slices
Extracted 109216/179305 slices
Extracted 109232/179305 slices
Extracted 109248/179305 slices
Extracted 109264/179305 slices
Extracted 109280/179305 slices
Extracted 109296/179305 slices
Extracted 109312/179305 slices
Extracted 109328/179305 slices
Extracted 109344/179305 slices
Extracted 109360/179305 slices
Extracted 109376/179305 slices
Extracted 109392/179305 slices
Extracted 109408/179305 slices
Extracted 109424/179305 slices
Extracted 109440/179305 slices
Extracted 109456/179305 slices
Extracted 109472/179305 slices
Extracted 109488/179305 slices
Extracted 109504/179305 slices
Extracted 109520/179305 slices
Extracted 109536/179305 slices
Extracted 109552/179305 slices
Extracted 109568/179305 slices
Extracted 109584/179305 slices
Extracted 109600/179305 slices
Extracted 109616/179305 slices
Extracted 109632/179305 slices
Extracted 109648/179305 slices
Extracted 109664/179305 slices
Extracted 109680/179305 slices
Extracted 109696/179305 slices
Extracted 109712/179305 slices
Extracted 109728/179305 slices
Extracted 109744/179305 slices
Extracted 109760/179305 slices
Extracted 109776/179305 slices
Extracted 109792/179305 slices
Extracted 109808/179305 slices
Extracted 109824/179305 slices
Extracted 109840/179305 slices
Extracted 109856/179305 slices
Extracted 109872/179305 slices
Extracted 109888/179305 slices
Extracted 109904/179305 slices
Extracted 109920/179305 slices
Extracted 109936/179305 slices
Extracted 109952/179305 slices
Extracted 109968/179305 slices
Extracted 109984/179305 slices
Extracted 110000/179305 slices
Extracted 110016/179305 slices
Extracted 110032/179305 slices
Extracted 110048/179305 slices
Extracted 110064/179305 slices
Extracted 110080/179305 slices
Extracted 110096/179305 slices
Extracted 110112/179305 slices
Extracted 110128/179305 slices
Extracted 110144/179305 slices
Extracted 110160/179305 slices
Extracted 110176/179305 slices
Extracted 110192/179305 slices
Extracted 110208/179305 slices
Extracted 110224/179305 slices
Extracted 110240/179305 slices
Extracted 110256/179305 slices
Extracted 110272/179305 slices
Extracted 110288/179305 slices
Extracted 110304/179305 slices
Extracted 110320/179305 slices
Extracted 110336/179305 slices
Extracted 110352/179305 slices
Extracted 110368/179305 slices
Extracted 110384/179305 slices
Extracted 110400/179305 slices
Extracted 110416/179305 slices
Extracted 110432/179305 slices
Extracted 110448/179305 slices
Extracted 110464/179305 slices
Extracted 110480/179305 slices
Extracted 110496/179305 slices
Extracted 110512/179305 slices
Extracted 110528/179305 slices
Extracted 110544/179305 slices
Extracted 110560/179305 slices
Extracted 110576/179305 slices
Extracted 110592/179305 slices
Extracted 110608/179305 slices
Extracted 110624/179305 slices
Extracted 110640/179305 slices
Extracted 110656/179305 slices
Extracted 110672/179305 slices
Extracted 110688/179305 slices
Extracted 110704/179305 slices
Extracted 110720/179305 slices
Extracted 110736/179305 slices
Extracted 110752/179305 slices
Extracted 110768/179305 slices
Extracted 110784/179305 slices
Extracted 110800/179305 slices
Extracted 110816/179305 slices
Extracted 110832/179305 slices
Extracted 110848/179305 slices
Extracted 110864/179305 slices
Extracted 110880/179305 slices
Extracted 110896/179305 slices
Extracted 110912/179305 slices
Extracted 110928/179305 slices
Extracted 110944/179305 slices
Extracted 110960/179305 slices
Extracted 110976/179305 slices
Extracted 110992/179305 slices
Extracted 111008/179305 slices
Extracted 111024/179305 slices
Extracted 111040/179305 slices
Extracted 111056/179305 slices
Extracted 111072/179305 slices
Extracted 111088/179305 slices
Extracted 111104/179305 slices
Extracted 111120/179305 slices
Extracted 111136/179305 slices
Extracted 111152/179305 slices
Extracted 111168/179305 slices
Extracted 111184/179305 slices
Extracted 111200/179305 slices
Extracted 111216/179305 slices
Extracted 111232/179305 slices
Extracted 111248/179305 slices
Extracted 111264/179305 slices
Extracted 111280/179305 slices
Extracted 111296/179305 slices
Extracted 111312/179305 slices
Extracted 111328/179305 slices
Extracted 111344/179305 slices
Extracted 111360/179305 slices
Extracted 111376/179305 slices
Extracted 111392/179305 slices
Extracted 111408/179305 slices
Extracted 111424/179305 slices
Extracted 111440/179305 slices
Extracted 111456/179305 slices
Extracted 111472/179305 slices
Extracted 111488/179305 slices
Extracted 111504/179305 slices
Extracted 111520/179305 slices
Extracted 111536/179305 slices
Extracted 111552/179305 slices
Extracted 111568/179305 slices
Extracted 111584/179305 slices
Extracted 111600/179305 slices
Extracted 111616/179305 slices
Extracted 111632/179305 slices
Extracted 111648/179305 slices
Extracted 111664/179305 slices
Extracted 111680/179305 slices
Extracted 111696/179305 slices
Extracted 111712/179305 slices
Extracted 111728/179305 slices
Extracted 111744/179305 slices
Extracted 111760/179305 slices
Extracted 111776/179305 slices
Extracted 111792/179305 slices
Extracted 111808/179305 slices
Extracted 111824/179305 slices
Extracted 111840/179305 slices
Extracted 111856/179305 slices
Extracted 111872/179305 slices
Extracted 111888/179305 slices
Extracted 111904/179305 slices
Extracted 111920/179305 slices
Extracted 111936/179305 slices
Extracted 111952/179305 slices
Extracted 111968/179305 slices
Extracted 111984/179305 slices
Extracted 112000/179305 slices
Extracted 112016/179305 slices
Extracted 112032/179305 slices
Extracted 112048/179305 slices
Extracted 112064/179305 slices
Extracted 112080/179305 slices
Extracted 112096/179305 slices
Extracted 112112/179305 slices
Extracted 112128/179305 slices
Extracted 112144/179305 slices
Extracted 112160/179305 slices
Extracted 112176/179305 slices
Extracted 112192/179305 slices
Extracted 112208/179305 slices
Extracted 112224/179305 slices
Extracted 112240/179305 slices
Extracted 112256/179305 slices
Extracted 112272/179305 slices
Extracted 112288/179305 slices
Extracted 112304/179305 slices
Extracted 112320/179305 slices
Extracted 112336/179305 slices
Extracted 112352/179305 slices
Extracted 112368/179305 slices
Extracted 112384/179305 slices
Extracted 112400/179305 slices
Extracted 112416/179305 slices
Extracted 112432/179305 slices
Extracted 112448/179305 slices
Extracted 112464/179305 slices
Extracted 112480/179305 slices
Extracted 112496/179305 slices
Extracted 112512/179305 slices
Extracted 112528/179305 slices
Extracted 112544/179305 slices
Extracted 112560/179305 slices
Extracted 112576/179305 slices
Extracted 112592/179305 slices
Extracted 112608/179305 slices
Extracted 112624/179305 slices
Extracted 112640/179305 slices
Extracted 112656/179305 slices
Extracted 112672/179305 slices
Extracted 112688/179305 slices
Extracted 112704/179305 slices
Extracted 112720/179305 slices
Extracted 112736/179305 slices
Extracted 112752/179305 slices
Extracted 112768/179305 slices
Extracted 112784/179305 slices
Extracted 112800/179305 slices
Extracted 112816/179305 slices
Extracted 112832/179305 slices
Extracted 112848/179305 slices
Extracted 112864/179305 slices
Extracted 112880/179305 slices
Extracted 112896/179305 slices
Extracted 112912/179305 slices
Extracted 112928/179305 slices
Extracted 112944/179305 slices
Extracted 112960/179305 slices
Extracted 112976/179305 slices
Extracted 112992/179305 slices
Extracted 113008/179305 slices
Extracted 113024/179305 slices
Extracted 113040/179305 slices
Extracted 113056/179305 slices
Extracted 113072/179305 slices
Extracted 113088/179305 slices
Extracted 113104/179305 slices
Extracted 113120/179305 slices
Extracted 113136/179305 slices
Extracted 113152/179305 slices
Extracted 113168/179305 slices
Extracted 113184/179305 slices
Extracted 113200/179305 slices
Extracted 113216/179305 slices
Extracted 113232/179305 slices
Extracted 113248/179305 slices
Extracted 113264/179305 slices
Extracted 113280/179305 slices
Extracted 113296/179305 slices
Extracted 113312/179305 slices
Extracted 113328/179305 slices
Extracted 113344/179305 slices
Extracted 113360/179305 slices
Extracted 113376/179305 slices
Extracted 113392/179305 slices
Extracted 113408/179305 slices
Extracted 113424/179305 slices
Extracted 113440/179305 slices
Extracted 113456/179305 slices
Extracted 113472/179305 slices
Extracted 113488/179305 slices
Extracted 113504/179305 slices
Extracted 113520/179305 slices
Extracted 113536/179305 slices
Extracted 113552/179305 slices
Extracted 113568/179305 slices
Extracted 113584/179305 slices
Extracted 113600/179305 slices
Extracted 113616/179305 slices
Extracted 113632/179305 slices
Extracted 113648/179305 slices
Extracted 113664/179305 slices
Extracted 113680/179305 slices
Extracted 113696/179305 slices
Extracted 113712/179305 slices
Extracted 113728/179305 slices
Extracted 113744/179305 slices
Extracted 113760/179305 slices
Extracted 113776/179305 slices
Extracted 113792/179305 slices
Extracted 113808/179305 slices
Extracted 113824/179305 slices
Extracted 113840/179305 slices
Extracted 113856/179305 slices
Extracted 113872/179305 slices
Extracted 113888/179305 slices
Extracted 113904/179305 slices
Extracted 113920/179305 slices
Extracted 113936/179305 slices
Extracted 113952/179305 slices
Extracted 113968/179305 slices
Extracted 113984/179305 slices
Extracted 114000/179305 slices
Extracted 114016/179305 slices
Extracted 114032/179305 slices
Extracted 114048/179305 slices
Extracted 114064/179305 slices
Extracted 114080/179305 slices
Extracted 114096/179305 slices
Extracted 114112/179305 slices
Extracted 114128/179305 slices
Extracted 114144/179305 slices
Extracted 114160/179305 slices
Extracted 114176/179305 slices
Extracted 114192/179305 slices
Extracted 114208/179305 slices
Extracted 114224/179305 slices
Extracted 114240/179305 slices
Extracted 114256/179305 slices
Extracted 114272/179305 slices
Extracted 114288/179305 slices
Extracted 114304/179305 slices
Extracted 114320/179305 slices
Extracted 114336/179305 slices
Extracted 114352/179305 slices
Extracted 114368/179305 slices
Extracted 114384/179305 slices
Extracted 114400/179305 slices
Extracted 114416/179305 slices
Extracted 114432/179305 slices
Extracted 114448/179305 slices
Extracted 114464/179305 slices
Extracted 114480/179305 slices
Extracted 114496/179305 slices
Extracted 114512/179305 slices
Extracted 114528/179305 slices
Extracted 114544/179305 slices
Extracted 114560/179305 slices
Extracted 114576/179305 slices
Extracted 114592/179305 slices
Extracted 114608/179305 slices
Extracted 114624/179305 slices
Extracted 114640/179305 slices
Extracted 114656/179305 slices
Extracted 114672/179305 slices
Extracted 114688/179305 slices
Extracted 114704/179305 slices
Extracted 114720/179305 slices
Extracted 114736/179305 slices
Extracted 114752/179305 slices
Extracted 114768/179305 slices
Extracted 114784/179305 slices
Extracted 114800/179305 slices
Extracted 114816/179305 slices
Extracted 114832/179305 slices
Extracted 114848/179305 slices
Extracted 114864/179305 slices
Extracted 114880/179305 slices
Extracted 114896/179305 slices
Extracted 114912/179305 slices
Extracted 114928/179305 slices
Extracted 114944/179305 slices
Extracted 114960/179305 slices
Extracted 114976/179305 slices
Extracted 114992/179305 slices
Extracted 115008/179305 slices
Extracted 115024/179305 slices
Extracted 115040/179305 slices
Extracted 115056/179305 slices
Extracted 115072/179305 slices
Extracted 115088/179305 slices
Extracted 115104/179305 slices
Extracted 115120/179305 slices
Extracted 115136/179305 slices
Extracted 115152/179305 slices
Extracted 115168/179305 slices
Extracted 115184/179305 slices
Extracted 115200/179305 slices
Extracted 115216/179305 slices
Extracted 115232/179305 slices
Extracted 115248/179305 slices
Extracted 115264/179305 slices
Extracted 115280/179305 slices
Extracted 115296/179305 slices
Extracted 115312/179305 slices
Extracted 115328/179305 slices
Extracted 115344/179305 slices
Extracted 115360/179305 slices
Extracted 115376/179305 slices
Extracted 115392/179305 slices
Extracted 115408/179305 slices
Extracted 115424/179305 slices
Extracted 115440/179305 slices
Extracted 115456/179305 slices
Extracted 115472/179305 slices
Extracted 115488/179305 slices
Extracted 115504/179305 slices
Extracted 115520/179305 slices
Extracted 115536/179305 slices
Extracted 115552/179305 slices
Extracted 115568/179305 slices
Extracted 115584/179305 slices
Extracted 115600/179305 slices
Extracted 115616/179305 slices
Extracted 115632/179305 slices
Extracted 115648/179305 slices
Extracted 115664/179305 slices
Extracted 115680/179305 slices
Extracted 115696/179305 slices
Extracted 115712/179305 slices
Extracted 115728/179305 slices
Extracted 115744/179305 slices
Extracted 115760/179305 slices
Extracted 115776/179305 slices
Extracted 115792/179305 slices
Extracted 115808/179305 slices
Extracted 115824/179305 slices
Extracted 115840/179305 slices
Extracted 115856/179305 slices
Extracted 115872/179305 slices
Extracted 115888/179305 slices
Extracted 115904/179305 slices
Extracted 115920/179305 slices
Extracted 115936/179305 slices
Extracted 115952/179305 slices
Extracted 115968/179305 slices
Extracted 115984/179305 slices
Extracted 116000/179305 slices
Extracted 116016/179305 slices
Extracted 116032/179305 slices
Extracted 116048/179305 slices
Extracted 116064/179305 slices
Extracted 116080/179305 slices
Extracted 116096/179305 slices
Extracted 116112/179305 slices
Extracted 116128/179305 slices
Extracted 116144/179305 slices
Extracted 116160/179305 slices
Extracted 116176/179305 slices
Extracted 116192/179305 slices
Extracted 116208/179305 slices
Extracted 116224/179305 slices
Extracted 116240/179305 slices
Extracted 116256/179305 slices
Extracted 116272/179305 slices
Extracted 116288/179305 slices
Extracted 116304/179305 slices
Extracted 116320/179305 slices
Extracted 116336/179305 slices
Extracted 116352/179305 slices
Extracted 116368/179305 slices
Extracted 116384/179305 slices
Extracted 116400/179305 slices
Extracted 116416/179305 slices
Extracted 116432/179305 slices
Extracted 116448/179305 slices
Extracted 116464/179305 slices
Extracted 116480/179305 slices
Extracted 116496/179305 slices
Extracted 116512/179305 slices
Extracted 116528/179305 slices
Extracted 116544/179305 slices
Extracted 116560/179305 slices
Extracted 116576/179305 slices
Extracted 116592/179305 slices
Extracted 116608/179305 slices
Extracted 116624/179305 slices
Extracted 116640/179305 slices
Extracted 116656/179305 slices
Extracted 116672/179305 slices
Extracted 116688/179305 slices
Extracted 116704/179305 slices
Extracted 116720/179305 slices
Extracted 116736/179305 slices
Extracted 116752/179305 slices
Extracted 116768/179305 slices
Extracted 116784/179305 slices
Extracted 116800/179305 slices
Extracted 116816/179305 slices
Extracted 116832/179305 slices
Extracted 116848/179305 slices
Extracted 116864/179305 slices
Extracted 116880/179305 slices
Extracted 116896/179305 slices
Extracted 116912/179305 slices
Extracted 116928/179305 slices
Extracted 116944/179305 slices
Extracted 116960/179305 slices
Extracted 116976/179305 slices
Extracted 116992/179305 slices
Extracted 117008/179305 slices
Extracted 117024/179305 slices
Extracted 117040/179305 slices
Extracted 117056/179305 slices
Extracted 117072/179305 slices
Extracted 117088/179305 slices
Extracted 117104/179305 slices
Extracted 117120/179305 slices
Extracted 117136/179305 slices
Extracted 117152/179305 slices
Extracted 117168/179305 slices
Extracted 117184/179305 slices
Extracted 117200/179305 slices
Extracted 117216/179305 slices
Extracted 117232/179305 slices
Extracted 117248/179305 slices
Extracted 117264/179305 slices
Extracted 117280/179305 slices
Extracted 117296/179305 slices
Extracted 117312/179305 slices
Extracted 117328/179305 slices
Extracted 117344/179305 slices
Extracted 117360/179305 slices
Extracted 117376/179305 slices
Extracted 117392/179305 slices
Extracted 117408/179305 slices
Extracted 117424/179305 slices
Extracted 117440/179305 slices
Extracted 117456/179305 slices
Extracted 117472/179305 slices
Extracted 117488/179305 slices
Extracted 117504/179305 slices
Extracted 117520/179305 slices
Extracted 117536/179305 slices
Extracted 117552/179305 slices
Extracted 117568/179305 slices
Extracted 117584/179305 slices
Extracted 117600/179305 slices
Extracted 117616/179305 slices
Extracted 117632/179305 slices
Extracted 117648/179305 slices
Extracted 117664/179305 slices
Extracted 117680/179305 slices
Extracted 117696/179305 slices
Extracted 117712/179305 slices
Extracted 117728/179305 slices
Extracted 117744/179305 slices
Extracted 117760/179305 slices
Extracted 117776/179305 slices
Extracted 117792/179305 slices
Extracted 117808/179305 slices
Extracted 117824/179305 slices
Extracted 117840/179305 slices
Extracted 117856/179305 slices
Extracted 117872/179305 slices
Extracted 117888/179305 slices
Extracted 117904/179305 slices
Extracted 117920/179305 slices
Extracted 117936/179305 slices
Extracted 117952/179305 slices
Extracted 117968/179305 slices
Extracted 117984/179305 slices
Extracted 118000/179305 slices
Extracted 118016/179305 slices
Extracted 118032/179305 slices
Extracted 118048/179305 slices
Extracted 118064/179305 slices
Extracted 118080/179305 slices
Extracted 118096/179305 slices
Extracted 118112/179305 slices
Extracted 118128/179305 slices
Extracted 118144/179305 slices
Extracted 118160/179305 slices
Extracted 118176/179305 slices
Extracted 118192/179305 slices
Extracted 118208/179305 slices
Extracted 118224/179305 slices
Extracted 118240/179305 slices
Extracted 118256/179305 slices
Extracted 118272/179305 slices
Extracted 118288/179305 slices
Extracted 118304/179305 slices
Extracted 118320/179305 slices
Extracted 118336/179305 slices
Extracted 118352/179305 slices
Extracted 118368/179305 slices
Extracted 118384/179305 slices
Extracted 118400/179305 slices
Extracted 118416/179305 slices
Extracted 118432/179305 slices
Extracted 118448/179305 slices
Extracted 118464/179305 slices
Extracted 118480/179305 slices
Extracted 118496/179305 slices
Extracted 118512/179305 slices
Extracted 118528/179305 slices
Extracted 118544/179305 slices
Extracted 118560/179305 slices
Extracted 118576/179305 slices
Extracted 118592/179305 slices
Extracted 118608/179305 slices
Extracted 118624/179305 slices
Extracted 118640/179305 slices
Extracted 118656/179305 slices
Extracted 118672/179305 slices
Extracted 118688/179305 slices
Extracted 118704/179305 slices
Extracted 118720/179305 slices
Extracted 118736/179305 slices
Extracted 118752/179305 slices
Extracted 118768/179305 slices
Extracted 118784/179305 slices
Extracted 118800/179305 slices
Extracted 118816/179305 slices
Extracted 118832/179305 slices
Extracted 118848/179305 slices
Extracted 118864/179305 slices
Extracted 118880/179305 slices
Extracted 118896/179305 slices
Extracted 118912/179305 slices
Extracted 118928/179305 slices
Extracted 118944/179305 slices
Extracted 118960/179305 slices
Extracted 118976/179305 slices
Extracted 118992/179305 slices
Extracted 119008/179305 slices
Extracted 119024/179305 slices
Extracted 119040/179305 slices
Extracted 119056/179305 slices
Extracted 119072/179305 slices
Extracted 119088/179305 slices
Extracted 119104/179305 slices
Extracted 119120/179305 slices
Extracted 119136/179305 slices
Extracted 119152/179305 slices
Extracted 119168/179305 slices
Extracted 119184/179305 slices
Extracted 119200/179305 slices
Extracted 119216/179305 slices
Extracted 119232/179305 slices
Extracted 119248/179305 slices
Extracted 119264/179305 slices
Extracted 119280/179305 slices
Extracted 119296/179305 slices
Extracted 119312/179305 slices
Extracted 119328/179305 slices
Extracted 119344/179305 slices
Extracted 119360/179305 slices
Extracted 119376/179305 slices
Extracted 119392/179305 slices
Extracted 119408/179305 slices
Extracted 119424/179305 slices
Extracted 119440/179305 slices
Extracted 119456/179305 slices
Extracted 119472/179305 slices
Extracted 119488/179305 slices
Extracted 119504/179305 slices
Extracted 119520/179305 slices
Extracted 119536/179305 slices
Extracted 119552/179305 slices
Extracted 119568/179305 slices
Extracted 119584/179305 slices
Extracted 119600/179305 slices
Extracted 119616/179305 slices
Extracted 119632/179305 slices
Extracted 119648/179305 slices
Extracted 119664/179305 slices
Extracted 119680/179305 slices
Extracted 119696/179305 slices
Extracted 119712/179305 slices
Extracted 119728/179305 slices
Extracted 119744/179305 slices
Extracted 119760/179305 slices
Extracted 119776/179305 slices
Extracted 119792/179305 slices
Extracted 119808/179305 slices
Extracted 119824/179305 slices
Extracted 119840/179305 slices
Extracted 119856/179305 slices
Extracted 119872/179305 slices
Extracted 119888/179305 slices
Extracted 119904/179305 slices
Extracted 119920/179305 slices
Extracted 119936/179305 slices
Extracted 119952/179305 slices
Extracted 119968/179305 slices
Extracted 119984/179305 slices
Extracted 120000/179305 slices
Extracted 120016/179305 slices
Extracted 120032/179305 slices
Extracted 120048/179305 slices
Extracted 120064/179305 slices
Extracted 120080/179305 slices
Extracted 120096/179305 slices
Extracted 120112/179305 slices
Extracted 120128/179305 slices
Extracted 120144/179305 slices
Extracted 120160/179305 slices
Extracted 120176/179305 slices
Extracted 120192/179305 slices
Extracted 120208/179305 slices
Extracted 120224/179305 slices
Extracted 120240/179305 slices
Extracted 120256/179305 slices
Extracted 120272/179305 slices
Extracted 120288/179305 slices
Extracted 120304/179305 slices
Extracted 120320/179305 slices
Extracted 120336/179305 slices
Extracted 120352/179305 slices
Extracted 120368/179305 slices
Extracted 120384/179305 slices
Extracted 120400/179305 slices
Extracted 120416/179305 slices
Extracted 120432/179305 slices
Extracted 120448/179305 slices
Extracted 120464/179305 slices
Extracted 120480/179305 slices
Extracted 120496/179305 slices
Extracted 120512/179305 slices
Extracted 120528/179305 slices
Extracted 120544/179305 slices
Extracted 120560/179305 slices
Extracted 120576/179305 slices
Extracted 120592/179305 slices
Extracted 120608/179305 slices
Extracted 120624/179305 slices
Extracted 120640/179305 slices
Extracted 120656/179305 slices
Extracted 120672/179305 slices
Extracted 120688/179305 slices
Extracted 120704/179305 slices
Extracted 120720/179305 slices
Extracted 120736/179305 slices
Extracted 120752/179305 slices
Extracted 120768/179305 slices
Extracted 120784/179305 slices
Extracted 120800/179305 slices
Extracted 120816/179305 slices
Extracted 120832/179305 slices
Extracted 120848/179305 slices
Extracted 120864/179305 slices
Extracted 120880/179305 slices
Extracted 120896/179305 slices
Extracted 120912/179305 slices
Extracted 120928/179305 slices
Extracted 120944/179305 slices
Extracted 120960/179305 slices
Extracted 120976/179305 slices
Extracted 120992/179305 slices
Extracted 121008/179305 slices
Extracted 121024/179305 slices
Extracted 121040/179305 slices
Extracted 121056/179305 slices
Extracted 121072/179305 slices
Extracted 121088/179305 slices
Extracted 121104/179305 slices
Extracted 121120/179305 slices
Extracted 121136/179305 slices
Extracted 121152/179305 slices
Extracted 121168/179305 slices
Extracted 121184/179305 slices
Extracted 121200/179305 slices
Extracted 121216/179305 slices
Extracted 121232/179305 slices
Extracted 121248/179305 slices
Extracted 121264/179305 slices
Extracted 121280/179305 slices
Extracted 121296/179305 slices
Extracted 121312/179305 slices
Extracted 121328/179305 slices
Extracted 121344/179305 slices
Extracted 121360/179305 slices
Extracted 121376/179305 slices
Extracted 121392/179305 slices
Extracted 121408/179305 slices
Extracted 121424/179305 slices
Extracted 121440/179305 slices
Extracted 121456/179305 slices
Extracted 121472/179305 slices
Extracted 121488/179305 slices
Extracted 121504/179305 slices
Extracted 121520/179305 slices
Extracted 121536/179305 slices
Extracted 121552/179305 slices
Extracted 121568/179305 slices
Extracted 121584/179305 slices
Extracted 121600/179305 slices
Extracted 121616/179305 slices
Extracted 121632/179305 slices
Extracted 121648/179305 slices
Extracted 121664/179305 slices
Extracted 121680/179305 slices
Extracted 121696/179305 slices
Extracted 121712/179305 slices
Extracted 121728/179305 slices
Extracted 121744/179305 slices
Extracted 121760/179305 slices
Extracted 121776/179305 slices
Extracted 121792/179305 slices
Extracted 121808/179305 slices
Extracted 121824/179305 slices
Extracted 121840/179305 slices
Extracted 121856/179305 slices
Extracted 121872/179305 slices
Extracted 121888/179305 slices
Extracted 121904/179305 slices
Extracted 121920/179305 slices
Extracted 121936/179305 slices
Extracted 121952/179305 slices
Extracted 121968/179305 slices
Extracted 121984/179305 slices
Extracted 122000/179305 slices
Extracted 122016/179305 slices
Extracted 122032/179305 slices
Extracted 122048/179305 slices
Extracted 122064/179305 slices
Extracted 122080/179305 slices
Extracted 122096/179305 slices
Extracted 122112/179305 slices
Extracted 122128/179305 slices
Extracted 122144/179305 slices
Extracted 122160/179305 slices
Extracted 122176/179305 slices
Extracted 122192/179305 slices
Extracted 122208/179305 slices
Extracted 122224/179305 slices
Extracted 122240/179305 slices
Extracted 122256/179305 slices
Extracted 122272/179305 slices
Extracted 122288/179305 slices
Extracted 122304/179305 slices
Extracted 122320/179305 slices
Extracted 122336/179305 slices
Extracted 122352/179305 slices
Extracted 122368/179305 slices
Extracted 122384/179305 slices
Extracted 122400/179305 slices
Extracted 122416/179305 slices
Extracted 122432/179305 slices
Extracted 122448/179305 slices
Extracted 122464/179305 slices
Extracted 122480/179305 slices
Extracted 122496/179305 slices
Extracted 122512/179305 slices
Extracted 122528/179305 slices
Extracted 122544/179305 slices
Extracted 122560/179305 slices
Extracted 122576/179305 slices
Extracted 122592/179305 slices
Extracted 122608/179305 slices
Extracted 122624/179305 slices
Extracted 122640/179305 slices
Extracted 122656/179305 slices
Extracted 122672/179305 slices
Extracted 122688/179305 slices
Extracted 122704/179305 slices
Extracted 122720/179305 slices
Extracted 122736/179305 slices
Extracted 122752/179305 slices
Extracted 122768/179305 slices
Extracted 122784/179305 slices
Extracted 122800/179305 slices
Extracted 122816/179305 slices
Extracted 122832/179305 slices
Extracted 122848/179305 slices
Extracted 122864/179305 slices
Extracted 122880/179305 slices
Extracted 122896/179305 slices
Extracted 122912/179305 slices
Extracted 122928/179305 slices
Extracted 122944/179305 slices
Extracted 122960/179305 slices
Extracted 122976/179305 slices
Extracted 122992/179305 slices
Extracted 123008/179305 slices
Extracted 123024/179305 slices
Extracted 123040/179305 slices
Extracted 123056/179305 slices
Extracted 123072/179305 slices
Extracted 123088/179305 slices
Extracted 123104/179305 slices
Extracted 123120/179305 slices
Extracted 123136/179305 slices
Extracted 123152/179305 slices
Extracted 123168/179305 slices
Extracted 123184/179305 slices
Extracted 123200/179305 slices
Extracted 123216/179305 slices
Extracted 123232/179305 slices
Extracted 123248/179305 slices
Extracted 123264/179305 slices
Extracted 123280/179305 slices
Extracted 123296/179305 slices
Extracted 123312/179305 slices
Extracted 123328/179305 slices
Extracted 123344/179305 slices
Extracted 123360/179305 slices
Extracted 123376/179305 slices
Extracted 123392/179305 slices
Extracted 123408/179305 slices
Extracted 123424/179305 slices
Extracted 123440/179305 slices
Extracted 123456/179305 slices
Extracted 123472/179305 slices
Extracted 123488/179305 slices
Extracted 123504/179305 slices
Extracted 123520/179305 slices
Extracted 123536/179305 slices
Extracted 123552/179305 slices
Extracted 123568/179305 slices
Extracted 123584/179305 slices
Extracted 123600/179305 slices
Extracted 123616/179305 slices
Extracted 123632/179305 slices
Extracted 123648/179305 slices
Extracted 123664/179305 slices
Extracted 123680/179305 slices
Extracted 123696/179305 slices
Extracted 123712/179305 slices
Extracted 123728/179305 slices
Extracted 123744/179305 slices
Extracted 123760/179305 slices
Extracted 123776/179305 slices
Extracted 123792/179305 slices
Extracted 123808/179305 slices
Extracted 123824/179305 slices
Extracted 123840/179305 slices
Extracted 123856/179305 slices
Extracted 123872/179305 slices
Extracted 123888/179305 slices
Extracted 123904/179305 slices
Extracted 123920/179305 slices
Extracted 123936/179305 slices
Extracted 123952/179305 slices
Extracted 123968/179305 slices
Extracted 123984/179305 slices
Extracted 124000/179305 slices
Extracted 124016/179305 slices
Extracted 124032/179305 slices
Extracted 124048/179305 slices
Extracted 124064/179305 slices
Extracted 124080/179305 slices
Extracted 124096/179305 slices
Extracted 124112/179305 slices
Extracted 124128/179305 slices
Extracted 124144/179305 slices
Extracted 124160/179305 slices
Extracted 124176/179305 slices
Extracted 124192/179305 slices
Extracted 124208/179305 slices
Extracted 124224/179305 slices
Extracted 124240/179305 slices
Extracted 124256/179305 slices
Extracted 124272/179305 slices
Extracted 124288/179305 slices
Extracted 124304/179305 slices
Extracted 124320/179305 slices
Extracted 124336/179305 slices
Extracted 124352/179305 slices
Extracted 124368/179305 slices
Extracted 124384/179305 slices
Extracted 124400/179305 slices
Extracted 124416/179305 slices
Extracted 124432/179305 slices
Extracted 124448/179305 slices
Extracted 124464/179305 slices
Extracted 124480/179305 slices
Extracted 124496/179305 slices
Extracted 124512/179305 slices
Extracted 124528/179305 slices
Extracted 124544/179305 slices
Extracted 124560/179305 slices
Extracted 124576/179305 slices
Extracted 124592/179305 slices
Extracted 124608/179305 slices
Extracted 124624/179305 slices
Extracted 124640/179305 slices
Extracted 124656/179305 slices
Extracted 124672/179305 slices
Extracted 124688/179305 slices
Extracted 124704/179305 slices
Extracted 124720/179305 slices
Extracted 124736/179305 slices
Extracted 124752/179305 slices
Extracted 124768/179305 slices
Extracted 124784/179305 slices
Extracted 124800/179305 slices
Extracted 124816/179305 slices
Extracted 124832/179305 slices
Extracted 124848/179305 slices
Extracted 124864/179305 slices
Extracted 124880/179305 slices
Extracted 124896/179305 slices
Extracted 124912/179305 slices
Extracted 124928/179305 slices
Extracted 124944/179305 slices
Extracted 124960/179305 slices
Extracted 124976/179305 slices
Extracted 124992/179305 slices
Extracted 125008/179305 slices
Extracted 125024/179305 slices
Extracted 125040/179305 slices
Extracted 125056/179305 slices
Extracted 125072/179305 slices
Extracted 125088/179305 slices
Extracted 125104/179305 slices
Extracted 125120/179305 slices
Extracted 125136/179305 slices
Extracted 125152/179305 slices
Extracted 125168/179305 slices
Extracted 125184/179305 slices
Extracted 125200/179305 slices
Extracted 125216/179305 slices
Extracted 125232/179305 slices
Extracted 125248/179305 slices
Extracted 125264/179305 slices
Extracted 125280/179305 slices
Extracted 125296/179305 slices
Extracted 125312/179305 slices
Extracted 125328/179305 slices
Extracted 125344/179305 slices
Extracted 125360/179305 slices
Extracted 125376/179305 slices
Extracted 125392/179305 slices
Extracted 125408/179305 slices
Extracted 125424/179305 slices
Extracted 125440/179305 slices
Extracted 125456/179305 slices
Extracted 125472/179305 slices
Extracted 125488/179305 slices
Extracted 125504/179305 slices
Extracted 125520/179305 slices
Extracted 125536/179305 slices
Extracted 125552/179305 slices
Extracted 125568/179305 slices
Extracted 125584/179305 slices
Extracted 125600/179305 slices
Extracted 125616/179305 slices
Extracted 125632/179305 slices
Extracted 125648/179305 slices
Extracted 125664/179305 slices
Extracted 125680/179305 slices
Extracted 125696/179305 slices
Extracted 125712/179305 slices
Extracted 125728/179305 slices
Extracted 125744/179305 slices
Extracted 125760/179305 slices
Extracted 125776/179305 slices
Extracted 125792/179305 slices
Extracted 125808/179305 slices
Extracted 125824/179305 slices
Extracted 125840/179305 slices
Extracted 125856/179305 slices
Extracted 125872/179305 slices
Extracted 125888/179305 slices
Extracted 125904/179305 slices
Extracted 125920/179305 slices
Extracted 125936/179305 slices
Extracted 125952/179305 slices
Extracted 125968/179305 slices
Extracted 125984/179305 slices
Extracted 126000/179305 slices
Extracted 126016/179305 slices
Extracted 126032/179305 slices
Extracted 126048/179305 slices
Extracted 126064/179305 slices
Extracted 126080/179305 slices
Extracted 126096/179305 slices
Extracted 126112/179305 slices
Extracted 126128/179305 slices
Extracted 126144/179305 slices
Extracted 126160/179305 slices
Extracted 126176/179305 slices
Extracted 126192/179305 slices
Extracted 126208/179305 slices
Extracted 126224/179305 slices
Extracted 126240/179305 slices
Extracted 126256/179305 slices
Extracted 126272/179305 slices
Extracted 126288/179305 slices
Extracted 126304/179305 slices
Extracted 126320/179305 slices
Extracted 126336/179305 slices
Extracted 126352/179305 slices
Extracted 126368/179305 slices
Extracted 126384/179305 slices
Extracted 126400/179305 slices
Extracted 126416/179305 slices
Extracted 126432/179305 slices
Extracted 126448/179305 slices
Extracted 126464/179305 slices
Extracted 126480/179305 slices
Extracted 126496/179305 slices
Extracted 126512/179305 slices
Extracted 126528/179305 slices
Extracted 126544/179305 slices
Extracted 126560/179305 slices
Extracted 126576/179305 slices
Extracted 126592/179305 slices
Extracted 126608/179305 slices
Extracted 126624/179305 slices
Extracted 126640/179305 slices
Extracted 126656/179305 slices
Extracted 126672/179305 slices
Extracted 126688/179305 slices
Extracted 126704/179305 slices
Extracted 126720/179305 slices
Extracted 126736/179305 slices
Extracted 126752/179305 slices
Extracted 126768/179305 slices
Extracted 126784/179305 slices
Extracted 126800/179305 slices
Extracted 126816/179305 slices
Extracted 126832/179305 slices
Extracted 126848/179305 slices
Extracted 126864/179305 slices
Extracted 126880/179305 slices
Extracted 126896/179305 slices
Extracted 126912/179305 slices
Extracted 126928/179305 slices
Extracted 126944/179305 slices
Extracted 126960/179305 slices
Extracted 126976/179305 slices
Extracted 126992/179305 slices
Extracted 127008/179305 slices
Extracted 127024/179305 slices
Extracted 127040/179305 slices
Extracted 127056/179305 slices
Extracted 127072/179305 slices
Extracted 127088/179305 slices
Extracted 127104/179305 slices
Extracted 127120/179305 slices
Extracted 127136/179305 slices
Extracted 127152/179305 slices
Extracted 127168/179305 slices
Extracted 127184/179305 slices
Extracted 127200/179305 slices
Extracted 127216/179305 slices
Extracted 127232/179305 slices
Extracted 127248/179305 slices
Extracted 127264/179305 slices
Extracted 127280/179305 slices
Extracted 127296/179305 slices
Extracted 127312/179305 slices
Extracted 127328/179305 slices
Extracted 127344/179305 slices
Extracted 127360/179305 slices
Extracted 127376/179305 slices
Extracted 127392/179305 slices
Extracted 127408/179305 slices
Extracted 127424/179305 slices
Extracted 127440/179305 slices
Extracted 127456/179305 slices
Extracted 127472/179305 slices
Extracted 127488/179305 slices
Extracted 127504/179305 slices
Extracted 127520/179305 slices
Extracted 127536/179305 slices
Extracted 127552/179305 slices
Extracted 127568/179305 slices
Extracted 127584/179305 slices
Extracted 127600/179305 slices
Extracted 127616/179305 slices
Extracted 127632/179305 slices
Extracted 127648/179305 slices
Extracted 127664/179305 slices
Extracted 127680/179305 slices
Extracted 127696/179305 slices
Extracted 127712/179305 slices
Extracted 127728/179305 slices
Extracted 127744/179305 slices
Extracted 127760/179305 slices
Extracted 127776/179305 slices
Extracted 127792/179305 slices
Extracted 127808/179305 slices
Extracted 127824/179305 slices
Extracted 127840/179305 slices
Extracted 127856/179305 slices
Extracted 127872/179305 slices
Extracted 127888/179305 slices
Extracted 127904/179305 slices
Extracted 127920/179305 slices
Extracted 127936/179305 slices
Extracted 127952/179305 slices
Extracted 127968/179305 slices
Extracted 127984/179305 slices
Extracted 128000/179305 slices
Extracted 128016/179305 slices
Extracted 128032/179305 slices
Extracted 128048/179305 slices
Extracted 128064/179305 slices
Extracted 128080/179305 slices
Extracted 128096/179305 slices
Extracted 128112/179305 slices
Extracted 128128/179305 slices
Extracted 128144/179305 slices
Extracted 128160/179305 slices
Extracted 128176/179305 slices
Extracted 128192/179305 slices
Extracted 128208/179305 slices
Extracted 128224/179305 slices
Extracted 128240/179305 slices
Extracted 128256/179305 slices
Extracted 128272/179305 slices
Extracted 128288/179305 slices
Extracted 128304/179305 slices
Extracted 128320/179305 slices
Extracted 128336/179305 slices
Extracted 128352/179305 slices
Extracted 128368/179305 slices
Extracted 128384/179305 slices
Extracted 128400/179305 slices
Extracted 128416/179305 slices
Extracted 128432/179305 slices
Extracted 128448/179305 slices
Extracted 128464/179305 slices
Extracted 128480/179305 slices
Extracted 128496/179305 slices
Extracted 128512/179305 slices
Extracted 128528/179305 slices
Extracted 128544/179305 slices
Extracted 128560/179305 slices
Extracted 128576/179305 slices
Extracted 128592/179305 slices
Extracted 128608/179305 slices
Extracted 128624/179305 slices
Extracted 128640/179305 slices
Extracted 128656/179305 slices
Extracted 128672/179305 slices
Extracted 128688/179305 slices
Extracted 128704/179305 slices
Extracted 128720/179305 slices
Extracted 128736/179305 slices
Extracted 128752/179305 slices
Extracted 128768/179305 slices
Extracted 128784/179305 slices
Extracted 128800/179305 slices
Extracted 128816/179305 slices
Extracted 128832/179305 slices
Extracted 128848/179305 slices
Extracted 128864/179305 slices
Extracted 128880/179305 slices
Extracted 128896/179305 slices
Extracted 128912/179305 slices
Extracted 128928/179305 slices
Extracted 128944/179305 slices
Extracted 128960/179305 slices
Extracted 128976/179305 slices
Extracted 128992/179305 slices
Extracted 129008/179305 slices
Extracted 129024/179305 slices
Extracted 129040/179305 slices
Extracted 129056/179305 slices
Extracted 129072/179305 slices
Extracted 129088/179305 slices
Extracted 129104/179305 slices
Extracted 129120/179305 slices
Extracted 129136/179305 slices
Extracted 129152/179305 slices
Extracted 129168/179305 slices
Extracted 129184/179305 slices
Extracted 129200/179305 slices
Extracted 129216/179305 slices
Extracted 129232/179305 slices
Extracted 129248/179305 slices
Extracted 129264/179305 slices
Extracted 129280/179305 slices
Extracted 129296/179305 slices
Extracted 129312/179305 slices
Extracted 129328/179305 slices
Extracted 129344/179305 slices
Extracted 129360/179305 slices
Extracted 129376/179305 slices
Extracted 129392/179305 slices
Extracted 129408/179305 slices
Extracted 129424/179305 slices
Extracted 129440/179305 slices
Extracted 129456/179305 slices
Extracted 129472/179305 slices
Extracted 129488/179305 slices
Extracted 129504/179305 slices
Extracted 129520/179305 slices
Extracted 129536/179305 slices
Extracted 129552/179305 slices
Extracted 129568/179305 slices
Extracted 129584/179305 slices
Extracted 129600/179305 slices
Extracted 129616/179305 slices
Extracted 129632/179305 slices
Extracted 129648/179305 slices
Extracted 129664/179305 slices
Extracted 129680/179305 slices
Extracted 129696/179305 slices
Extracted 129712/179305 slices
Extracted 129728/179305 slices
Extracted 129744/179305 slices
Extracted 129760/179305 slices
Extracted 129776/179305 slices
Extracted 129792/179305 slices
Extracted 129808/179305 slices
Extracted 129824/179305 slices
Extracted 129840/179305 slices
Extracted 129856/179305 slices
Extracted 129872/179305 slices
Extracted 129888/179305 slices
Extracted 129904/179305 slices
Extracted 129920/179305 slices
Extracted 129936/179305 slices
Extracted 129952/179305 slices
Extracted 129968/179305 slices
Extracted 129984/179305 slices
Extracted 130000/179305 slices
Extracted 130016/179305 slices
Extracted 130032/179305 slices
Extracted 130048/179305 slices
Extracted 130064/179305 slices
Extracted 130080/179305 slices
Extracted 130096/179305 slices
Extracted 130112/179305 slices
Extracted 130128/179305 slices
Extracted 130144/179305 slices
Extracted 130160/179305 slices
Extracted 130176/179305 slices
Extracted 130192/179305 slices
Extracted 130208/179305 slices
Extracted 130224/179305 slices
Extracted 130240/179305 slices
Extracted 130256/179305 slices
Extracted 130272/179305 slices
Extracted 130288/179305 slices
Extracted 130304/179305 slices
Extracted 130320/179305 slices
Extracted 130336/179305 slices
Extracted 130352/179305 slices
Extracted 130368/179305 slices
Extracted 130384/179305 slices
Extracted 130400/179305 slices
Extracted 130416/179305 slices
Extracted 130432/179305 slices
Extracted 130448/179305 slices
Extracted 130464/179305 slices
Extracted 130480/179305 slices
Extracted 130496/179305 slices
Extracted 130512/179305 slices
Extracted 130528/179305 slices
Extracted 130544/179305 slices
Extracted 130560/179305 slices
Extracted 130576/179305 slices
Extracted 130592/179305 slices
Extracted 130608/179305 slices
Extracted 130624/179305 slices
Extracted 130640/179305 slices
Extracted 130656/179305 slices
Extracted 130672/179305 slices
Extracted 130688/179305 slices
Extracted 130704/179305 slices
Extracted 130720/179305 slices
Extracted 130736/179305 slices
Extracted 130752/179305 slices
Extracted 130768/179305 slices
Extracted 130784/179305 slices
Extracted 130800/179305 slices
Extracted 130816/179305 slices
Extracted 130832/179305 slices
Extracted 130848/179305 slices
Extracted 130864/179305 slices
Extracted 130880/179305 slices
Extracted 130896/179305 slices
Extracted 130912/179305 slices
Extracted 130928/179305 slices
Extracted 130944/179305 slices
Extracted 130960/179305 slices
Extracted 130976/179305 slices
Extracted 130992/179305 slices
Extracted 131008/179305 slices
Extracted 131024/179305 slices
Extracted 131040/179305 slices
Extracted 131056/179305 slices
Extracted 131072/179305 slices
Extracted 131088/179305 slices
Extracted 131104/179305 slices
Extracted 131120/179305 slices
Extracted 131136/179305 slices
Extracted 131152/179305 slices
Extracted 131168/179305 slices
Extracted 131184/179305 slices
Extracted 131200/179305 slices
Extracted 131216/179305 slices
Extracted 131232/179305 slices
Extracted 131248/179305 slices
Extracted 131264/179305 slices
Extracted 131280/179305 slices
Extracted 131296/179305 slices
Extracted 131312/179305 slices
Extracted 131328/179305 slices
Extracted 131344/179305 slices
Extracted 131360/179305 slices
Extracted 131376/179305 slices
Extracted 131392/179305 slices
Extracted 131408/179305 slices
Extracted 131424/179305 slices
Extracted 131440/179305 slices
Extracted 131456/179305 slices
Extracted 131472/179305 slices
Extracted 131488/179305 slices
Extracted 131504/179305 slices
Extracted 131520/179305 slices
Extracted 131536/179305 slices
Extracted 131552/179305 slices
Extracted 131568/179305 slices
Extracted 131584/179305 slices
Extracted 131600/179305 slices
Extracted 131616/179305 slices
Extracted 131632/179305 slices
Extracted 131648/179305 slices
Extracted 131664/179305 slices
Extracted 131680/179305 slices
Extracted 131696/179305 slices
Extracted 131712/179305 slices
Extracted 131728/179305 slices
Extracted 131744/179305 slices
Extracted 131760/179305 slices
Extracted 131776/179305 slices
Extracted 131792/179305 slices
Extracted 131808/179305 slices
Extracted 131824/179305 slices
Extracted 131840/179305 slices
Extracted 131856/179305 slices
Extracted 131872/179305 slices
Extracted 131888/179305 slices
Extracted 131904/179305 slices
Extracted 131920/179305 slices
Extracted 131936/179305 slices
Extracted 131952/179305 slices
Extracted 131968/179305 slices
Extracted 131984/179305 slices
Extracted 132000/179305 slices
Extracted 132016/179305 slices
Extracted 132032/179305 slices
Extracted 132048/179305 slices
Extracted 132064/179305 slices
Extracted 132080/179305 slices
Extracted 132096/179305 slices
Extracted 132112/179305 slices
Extracted 132128/179305 slices
Extracted 132144/179305 slices
Extracted 132160/179305 slices
Extracted 132176/179305 slices
Extracted 132192/179305 slices
Extracted 132208/179305 slices
Extracted 132224/179305 slices
Extracted 132240/179305 slices
Extracted 132256/179305 slices
Extracted 132272/179305 slices
Extracted 132288/179305 slices
Extracted 132304/179305 slices
Extracted 132320/179305 slices
Extracted 132336/179305 slices
Extracted 132352/179305 slices
Extracted 132368/179305 slices
Extracted 132384/179305 slices
Extracted 132400/179305 slices
Extracted 132416/179305 slices
Extracted 132432/179305 slices
Extracted 132448/179305 slices
Extracted 132464/179305 slices
Extracted 132480/179305 slices
Extracted 132496/179305 slices
Extracted 132512/179305 slices
Extracted 132528/179305 slices
Extracted 132544/179305 slices
Extracted 132560/179305 slices
Extracted 132576/179305 slices
Extracted 132592/179305 slices
Extracted 132608/179305 slices
Extracted 132624/179305 slices
Extracted 132640/179305 slices
Extracted 132656/179305 slices
Extracted 132672/179305 slices
Extracted 132688/179305 slices
Extracted 132704/179305 slices
Extracted 132720/179305 slices
Extracted 132736/179305 slices
Extracted 132752/179305 slices
Extracted 132768/179305 slices
Extracted 132784/179305 slices
Extracted 132800/179305 slices
Extracted 132816/179305 slices
Extracted 132832/179305 slices
Extracted 132848/179305 slices
Extracted 132864/179305 slices
Extracted 132880/179305 slices
Extracted 132896/179305 slices
Extracted 132912/179305 slices
Extracted 132928/179305 slices
Extracted 132944/179305 slices
Extracted 132960/179305 slices
Extracted 132976/179305 slices
Extracted 132992/179305 slices
Extracted 133008/179305 slices
Extracted 133024/179305 slices
Extracted 133040/179305 slices
Extracted 133056/179305 slices
Extracted 133072/179305 slices
Extracted 133088/179305 slices
Extracted 133104/179305 slices
Extracted 133120/179305 slices
Extracted 133136/179305 slices
Extracted 133152/179305 slices
Extracted 133168/179305 slices
Extracted 133184/179305 slices
Extracted 133200/179305 slices
Extracted 133216/179305 slices
Extracted 133232/179305 slices
Extracted 133248/179305 slices
Extracted 133264/179305 slices
Extracted 133280/179305 slices
Extracted 133296/179305 slices
Extracted 133312/179305 slices
Extracted 133328/179305 slices
Extracted 133344/179305 slices
Extracted 133360/179305 slices
Extracted 133376/179305 slices
Extracted 133392/179305 slices
Extracted 133408/179305 slices
Extracted 133424/179305 slices
Extracted 133440/179305 slices
Extracted 133456/179305 slices
Extracted 133472/179305 slices
Extracted 133488/179305 slices
Extracted 133504/179305 slices
Extracted 133520/179305 slices
Extracted 133536/179305 slices
Extracted 133552/179305 slices
Extracted 133568/179305 slices
Extracted 133584/179305 slices
Extracted 133600/179305 slices
Extracted 133616/179305 slices
Extracted 133632/179305 slices
Extracted 133648/179305 slices
Extracted 133664/179305 slices
Extracted 133680/179305 slices
Extracted 133696/179305 slices
Extracted 133712/179305 slices
Extracted 133728/179305 slices
Extracted 133744/179305 slices
Extracted 133760/179305 slices
Extracted 133776/179305 slices
Extracted 133792/179305 slices
Extracted 133808/179305 slices
Extracted 133824/179305 slices
Extracted 133840/179305 slices
Extracted 133856/179305 slices
Extracted 133872/179305 slices
Extracted 133888/179305 slices
Extracted 133904/179305 slices
Extracted 133920/179305 slices
Extracted 133936/179305 slices
Extracted 133952/179305 slices
Extracted 133968/179305 slices
Extracted 133984/179305 slices
Extracted 134000/179305 slices
Extracted 134016/179305 slices
Extracted 134032/179305 slices
Extracted 134048/179305 slices
Extracted 134064/179305 slices
Extracted 134080/179305 slices
Extracted 134096/179305 slices
Extracted 134112/179305 slices
Extracted 134128/179305 slices
Extracted 134144/179305 slices
Extracted 134160/179305 slices
Extracted 134176/179305 slices
Extracted 134192/179305 slices
Extracted 134208/179305 slices
Extracted 134224/179305 slices
Extracted 134240/179305 slices
Extracted 134256/179305 slices
Extracted 134272/179305 slices
Extracted 134288/179305 slices
Extracted 134304/179305 slices
Extracted 134320/179305 slices
Extracted 134336/179305 slices
Extracted 134352/179305 slices
Extracted 134368/179305 slices
Extracted 134384/179305 slices
Extracted 134400/179305 slices
Extracted 134416/179305 slices
Extracted 134432/179305 slices
Extracted 134448/179305 slices
Extracted 134464/179305 slices
Extracted 134480/179305 slices
Extracted 134496/179305 slices
Extracted 134512/179305 slices
Extracted 134528/179305 slices
Extracted 134544/179305 slices
Extracted 134560/179305 slices
Extracted 134576/179305 slices
Extracted 134592/179305 slices
Extracted 134608/179305 slices
Extracted 134624/179305 slices
Extracted 134640/179305 slices
Extracted 134656/179305 slices
Extracted 134672/179305 slices
Extracted 134688/179305 slices
Extracted 134704/179305 slices
Extracted 134720/179305 slices
Extracted 134736/179305 slices
Extracted 134752/179305 slices
Extracted 134768/179305 slices
Extracted 134784/179305 slices
Extracted 134800/179305 slices
Extracted 134816/179305 slices
Extracted 134832/179305 slices
Extracted 134848/179305 slices
Extracted 134864/179305 slices
Extracted 134880/179305 slices
Extracted 134896/179305 slices
Extracted 134912/179305 slices
Extracted 134928/179305 slices
Extracted 134944/179305 slices
Extracted 134960/179305 slices
Extracted 134976/179305 slices
Extracted 134992/179305 slices
Extracted 135008/179305 slices
Extracted 135024/179305 slices
Extracted 135040/179305 slices
Extracted 135056/179305 slices
Extracted 135072/179305 slices
Extracted 135088/179305 slices
Extracted 135104/179305 slices
Extracted 135120/179305 slices
Extracted 135136/179305 slices
Extracted 135152/179305 slices
Extracted 135168/179305 slices
Extracted 135184/179305 slices
Extracted 135200/179305 slices
Extracted 135216/179305 slices
Extracted 135232/179305 slices
Extracted 135248/179305 slices
Extracted 135264/179305 slices
Extracted 135280/179305 slices
Extracted 135296/179305 slices
Extracted 135312/179305 slices
Extracted 135328/179305 slices
Extracted 135344/179305 slices
Extracted 135360/179305 slices
Extracted 135376/179305 slices
Extracted 135392/179305 slices
Extracted 135408/179305 slices
Extracted 135424/179305 slices
Extracted 135440/179305 slices
Extracted 135456/179305 slices
Extracted 135472/179305 slices
Extracted 135488/179305 slices
Extracted 135504/179305 slices
Extracted 135520/179305 slices
Extracted 135536/179305 slices
Extracted 135552/179305 slices
Extracted 135568/179305 slices
Extracted 135584/179305 slices
Extracted 135600/179305 slices
Extracted 135616/179305 slices
Extracted 135632/179305 slices
Extracted 135648/179305 slices
Extracted 135664/179305 slices
Extracted 135680/179305 slices
Extracted 135696/179305 slices
Extracted 135712/179305 slices
Extracted 135728/179305 slices
Extracted 135744/179305 slices
Extracted 135760/179305 slices
Extracted 135776/179305 slices
Extracted 135792/179305 slices
Extracted 135808/179305 slices
Extracted 135824/179305 slices
Extracted 135840/179305 slices
Extracted 135856/179305 slices
Extracted 135872/179305 slices
Extracted 135888/179305 slices
Extracted 135904/179305 slices
Extracted 135920/179305 slices
Extracted 135936/179305 slices
Extracted 135952/179305 slices
Extracted 135968/179305 slices
Extracted 135984/179305 slices
Extracted 136000/179305 slices
Extracted 136016/179305 slices
Extracted 136032/179305 slices
Extracted 136048/179305 slices
Extracted 136064/179305 slices
Extracted 136080/179305 slices
Extracted 136096/179305 slices
Extracted 136112/179305 slices
Extracted 136128/179305 slices
Extracted 136144/179305 slices
Extracted 136160/179305 slices
Extracted 136176/179305 slices
Extracted 136192/179305 slices
Extracted 136208/179305 slices
Extracted 136224/179305 slices
Extracted 136240/179305 slices
Extracted 136256/179305 slices
Extracted 136272/179305 slices
Extracted 136288/179305 slices
Extracted 136304/179305 slices
Extracted 136320/179305 slices
Extracted 136336/179305 slices
Extracted 136352/179305 slices
Extracted 136368/179305 slices
Extracted 136384/179305 slices
Extracted 136400/179305 slices
Extracted 136416/179305 slices
Extracted 136432/179305 slices
Extracted 136448/179305 slices
Extracted 136464/179305 slices
Extracted 136480/179305 slices
Extracted 136496/179305 slices
Extracted 136512/179305 slices
Extracted 136528/179305 slices
Extracted 136544/179305 slices
Extracted 136560/179305 slices
Extracted 136576/179305 slices
Extracted 136592/179305 slices
Extracted 136608/179305 slices
Extracted 136624/179305 slices
Extracted 136640/179305 slices
Extracted 136656/179305 slices
Extracted 136672/179305 slices
Extracted 136688/179305 slices
Extracted 136704/179305 slices
Extracted 136720/179305 slices
Extracted 136736/179305 slices
Extracted 136752/179305 slices
Extracted 136768/179305 slices
Extracted 136784/179305 slices
Extracted 136800/179305 slices
Extracted 136816/179305 slices
Extracted 136832/179305 slices
Extracted 136848/179305 slices
Extracted 136864/179305 slices
Extracted 136880/179305 slices
Extracted 136896/179305 slices
Extracted 136912/179305 slices
Extracted 136928/179305 slices
Extracted 136944/179305 slices
Extracted 136960/179305 slices
Extracted 136976/179305 slices
Extracted 136992/179305 slices
Extracted 137008/179305 slices
Extracted 137024/179305 slices
Extracted 137040/179305 slices
Extracted 137056/179305 slices
Extracted 137072/179305 slices
Extracted 137088/179305 slices
Extracted 137104/179305 slices
Extracted 137120/179305 slices
Extracted 137136/179305 slices
Extracted 137152/179305 slices
Extracted 137168/179305 slices
Extracted 137184/179305 slices
Extracted 137200/179305 slices
Extracted 137216/179305 slices
Extracted 137232/179305 slices
Extracted 137248/179305 slices
Extracted 137264/179305 slices
Extracted 137280/179305 slices
Extracted 137296/179305 slices
Extracted 137312/179305 slices
Extracted 137328/179305 slices
Extracted 137344/179305 slices
Extracted 137360/179305 slices
Extracted 137376/179305 slices
Extracted 137392/179305 slices
Extracted 137408/179305 slices
Extracted 137424/179305 slices
Extracted 137440/179305 slices
Extracted 137456/179305 slices
Extracted 137472/179305 slices
Extracted 137488/179305 slices
Extracted 137504/179305 slices
Extracted 137520/179305 slices
Extracted 137536/179305 slices
Extracted 137552/179305 slices
Extracted 137568/179305 slices
Extracted 137584/179305 slices
Extracted 137600/179305 slices
Extracted 137616/179305 slices
Extracted 137632/179305 slices
Extracted 137648/179305 slices
Extracted 137664/179305 slices
Extracted 137680/179305 slices
Extracted 137696/179305 slices
Extracted 137712/179305 slices
Extracted 137728/179305 slices
Extracted 137744/179305 slices
Extracted 137760/179305 slices
Extracted 137776/179305 slices
Extracted 137792/179305 slices
Extracted 137808/179305 slices
Extracted 137824/179305 slices
Extracted 137840/179305 slices
Extracted 137856/179305 slices
Extracted 137872/179305 slices
Extracted 137888/179305 slices
Extracted 137904/179305 slices
Extracted 137920/179305 slices
Extracted 137936/179305 slices
Extracted 137952/179305 slices
Extracted 137968/179305 slices
Extracted 137984/179305 slices
Extracted 138000/179305 slices
Extracted 138016/179305 slices
Extracted 138032/179305 slices
Extracted 138048/179305 slices
Extracted 138064/179305 slices
Extracted 138080/179305 slices
Extracted 138096/179305 slices
Extracted 138112/179305 slices
Extracted 138128/179305 slices
Extracted 138144/179305 slices
Extracted 138160/179305 slices
Extracted 138176/179305 slices
Extracted 138192/179305 slices
Extracted 138208/179305 slices
Extracted 138224/179305 slices
Extracted 138240/179305 slices
Extracted 138256/179305 slices
Extracted 138272/179305 slices
Extracted 138288/179305 slices
Extracted 138304/179305 slices
Extracted 138320/179305 slices
Extracted 138336/179305 slices
Extracted 138352/179305 slices
Extracted 138368/179305 slices
Extracted 138384/179305 slices
Extracted 138400/179305 slices
Extracted 138416/179305 slices
Extracted 138432/179305 slices
Extracted 138448/179305 slices
Extracted 138464/179305 slices
Extracted 138480/179305 slices
Extracted 138496/179305 slices
Extracted 138512/179305 slices
Extracted 138528/179305 slices
Extracted 138544/179305 slices
Extracted 138560/179305 slices
Extracted 138576/179305 slices
Extracted 138592/179305 slices
Extracted 138608/179305 slices
Extracted 138624/179305 slices
Extracted 138640/179305 slices
Extracted 138656/179305 slices
Extracted 138672/179305 slices
Extracted 138688/179305 slices
Extracted 138704/179305 slices
Extracted 138720/179305 slices
Extracted 138736/179305 slices
Extracted 138752/179305 slices
Extracted 138768/179305 slices
Extracted 138784/179305 slices
Extracted 138800/179305 slices
Extracted 138816/179305 slices
Extracted 138832/179305 slices
Extracted 138848/179305 slices
Extracted 138864/179305 slices
Extracted 138880/179305 slices
Extracted 138896/179305 slices
Extracted 138912/179305 slices
Extracted 138928/179305 slices
Extracted 138944/179305 slices
Extracted 138960/179305 slices
Extracted 138976/179305 slices
Extracted 138992/179305 slices
Extracted 139008/179305 slices
Extracted 139024/179305 slices
Extracted 139040/179305 slices
Extracted 139056/179305 slices
Extracted 139072/179305 slices
Extracted 139088/179305 slices
Extracted 139104/179305 slices
Extracted 139120/179305 slices
Extracted 139136/179305 slices
Extracted 139152/179305 slices
Extracted 139168/179305 slices
Extracted 139184/179305 slices
Extracted 139200/179305 slices
Extracted 139216/179305 slices
Extracted 139232/179305 slices
Extracted 139248/179305 slices
Extracted 139264/179305 slices
Extracted 139280/179305 slices
Extracted 139296/179305 slices
Extracted 139312/179305 slices
Extracted 139328/179305 slices
Extracted 139344/179305 slices
Extracted 139360/179305 slices
Extracted 139376/179305 slices
Extracted 139392/179305 slices
Extracted 139408/179305 slices
Extracted 139424/179305 slices
Extracted 139440/179305 slices
Extracted 139456/179305 slices
Extracted 139472/179305 slices
Extracted 139488/179305 slices
Extracted 139504/179305 slices
Extracted 139520/179305 slices
Extracted 139536/179305 slices
Extracted 139552/179305 slices
Extracted 139568/179305 slices
Extracted 139584/179305 slices
Extracted 139600/179305 slices
Extracted 139616/179305 slices
Extracted 139632/179305 slices
Extracted 139648/179305 slices
Extracted 139664/179305 slices
Extracted 139680/179305 slices
Extracted 139696/179305 slices
Extracted 139712/179305 slices
Extracted 139728/179305 slices
Extracted 139744/179305 slices
Extracted 139760/179305 slices
Extracted 139776/179305 slices
Extracted 139792/179305 slices
Extracted 139808/179305 slices
Extracted 139824/179305 slices
Extracted 139840/179305 slices
Extracted 139856/179305 slices
Extracted 139872/179305 slices
Extracted 139888/179305 slices
Extracted 139904/179305 slices
Extracted 139920/179305 slices
Extracted 139936/179305 slices
Extracted 139952/179305 slices
Extracted 139968/179305 slices
Extracted 139984/179305 slices
Extracted 140000/179305 slices
Extracted 140016/179305 slices
Extracted 140032/179305 slices
Extracted 140048/179305 slices
Extracted 140064/179305 slices
Extracted 140080/179305 slices
Extracted 140096/179305 slices
Extracted 140112/179305 slices
Extracted 140128/179305 slices
Extracted 140144/179305 slices
Extracted 140160/179305 slices
Extracted 140176/179305 slices
Extracted 140192/179305 slices
Extracted 140208/179305 slices
Extracted 140224/179305 slices
Extracted 140240/179305 slices
Extracted 140256/179305 slices
Extracted 140272/179305 slices
Extracted 140288/179305 slices
Extracted 140304/179305 slices
Extracted 140320/179305 slices
Extracted 140336/179305 slices
Extracted 140352/179305 slices
Extracted 140368/179305 slices
Extracted 140384/179305 slices
Extracted 140400/179305 slices
Extracted 140416/179305 slices
Extracted 140432/179305 slices
Extracted 140448/179305 slices
Extracted 140464/179305 slices
Extracted 140480/179305 slices
Extracted 140496/179305 slices
Extracted 140512/179305 slices
Extracted 140528/179305 slices
Extracted 140544/179305 slices
Extracted 140560/179305 slices
Extracted 140576/179305 slices
Extracted 140592/179305 slices
Extracted 140608/179305 slices
Extracted 140624/179305 slices
Extracted 140640/179305 slices
Extracted 140656/179305 slices
Extracted 140672/179305 slices
Extracted 140688/179305 slices
Extracted 140704/179305 slices
Extracted 140720/179305 slices
Extracted 140736/179305 slices
Extracted 140752/179305 slices
Extracted 140768/179305 slices
Extracted 140784/179305 slices
Extracted 140800/179305 slices
Extracted 140816/179305 slices
Extracted 140832/179305 slices
Extracted 140848/179305 slices
Extracted 140864/179305 slices
Extracted 140880/179305 slices
Extracted 140896/179305 slices
Extracted 140912/179305 slices
Extracted 140928/179305 slices
Extracted 140944/179305 slices
Extracted 140960/179305 slices
Extracted 140976/179305 slices
Extracted 140992/179305 slices
Extracted 141008/179305 slices
Extracted 141024/179305 slices
Extracted 141040/179305 slices
Extracted 141056/179305 slices
Extracted 141072/179305 slices
Extracted 141088/179305 slices
Extracted 141104/179305 slices
Extracted 141120/179305 slices
Extracted 141136/179305 slices
Extracted 141152/179305 slices
Extracted 141168/179305 slices
Extracted 141184/179305 slices
Extracted 141200/179305 slices
Extracted 141216/179305 slices
Extracted 141232/179305 slices
Extracted 141248/179305 slices
Extracted 141264/179305 slices
Extracted 141280/179305 slices
Extracted 141296/179305 slices
Extracted 141312/179305 slices
Extracted 141328/179305 slices
Extracted 141344/179305 slices
Extracted 141360/179305 slices
Extracted 141376/179305 slices
Extracted 141392/179305 slices
Extracted 141408/179305 slices
Extracted 141424/179305 slices
Extracted 141440/179305 slices
Extracted 141456/179305 slices
Extracted 141472/179305 slices
Extracted 141488/179305 slices
Extracted 141504/179305 slices
Extracted 141520/179305 slices
Extracted 141536/179305 slices
Extracted 141552/179305 slices
Extracted 141568/179305 slices
Extracted 141584/179305 slices
Extracted 141600/179305 slices
Extracted 141616/179305 slices
Extracted 141632/179305 slices
Extracted 141648/179305 slices
Extracted 141664/179305 slices
Extracted 141680/179305 slices
Extracted 141696/179305 slices
Extracted 141712/179305 slices
Extracted 141728/179305 slices
Extracted 141744/179305 slices
Extracted 141760/179305 slices
Extracted 141776/179305 slices
Extracted 141792/179305 slices
Extracted 141808/179305 slices
Extracted 141824/179305 slices
Extracted 141840/179305 slices
Extracted 141856/179305 slices
Extracted 141872/179305 slices
Extracted 141888/179305 slices
Extracted 141904/179305 slices
Extracted 141920/179305 slices
Extracted 141936/179305 slices
Extracted 141952/179305 slices
Extracted 141968/179305 slices
Extracted 141984/179305 slices
Extracted 142000/179305 slices
Extracted 142016/179305 slices
Extracted 142032/179305 slices
Extracted 142048/179305 slices
Extracted 142064/179305 slices
Extracted 142080/179305 slices
Extracted 142096/179305 slices
Extracted 142112/179305 slices
Extracted 142128/179305 slices
Extracted 142144/179305 slices
Extracted 142160/179305 slices
Extracted 142176/179305 slices
Extracted 142192/179305 slices
Extracted 142208/179305 slices
Extracted 142224/179305 slices
Extracted 142240/179305 slices
Extracted 142256/179305 slices
Extracted 142272/179305 slices
Extracted 142288/179305 slices
Extracted 142304/179305 slices
Extracted 142320/179305 slices
Extracted 142336/179305 slices
Extracted 142352/179305 slices
Extracted 142368/179305 slices
Extracted 142384/179305 slices
Extracted 142400/179305 slices
Extracted 142416/179305 slices
Extracted 142432/179305 slices
Extracted 142448/179305 slices
Extracted 142464/179305 slices
Extracted 142480/179305 slices
Extracted 142496/179305 slices
Extracted 142512/179305 slices
Extracted 142528/179305 slices
Extracted 142544/179305 slices
Extracted 142560/179305 slices
Extracted 142576/179305 slices
Extracted 142592/179305 slices
Extracted 142608/179305 slices
Extracted 142624/179305 slices
Extracted 142640/179305 slices
Extracted 142656/179305 slices
Extracted 142672/179305 slices
Extracted 142688/179305 slices
Extracted 142704/179305 slices
Extracted 142720/179305 slices
Extracted 142736/179305 slices
Extracted 142752/179305 slices
Extracted 142768/179305 slices
Extracted 142784/179305 slices
Extracted 142800/179305 slices
Extracted 142816/179305 slices
Extracted 142832/179305 slices
Extracted 142848/179305 slices
Extracted 142864/179305 slices
Extracted 142880/179305 slices
Extracted 142896/179305 slices
Extracted 142912/179305 slices
Extracted 142928/179305 slices
Extracted 142944/179305 slices
Extracted 142960/179305 slices
Extracted 142976/179305 slices
Extracted 142992/179305 slices
Extracted 143008/179305 slices
Extracted 143024/179305 slices
Extracted 143040/179305 slices
Extracted 143056/179305 slices
Extracted 143072/179305 slices
Extracted 143088/179305 slices
Extracted 143104/179305 slices
Extracted 143120/179305 slices
Extracted 143136/179305 slices
Extracted 143152/179305 slices
Extracted 143168/179305 slices
Extracted 143184/179305 slices
Extracted 143200/179305 slices
Extracted 143216/179305 slices
Extracted 143232/179305 slices
Extracted 143248/179305 slices
Extracted 143264/179305 slices
Extracted 143280/179305 slices
Extracted 143296/179305 slices
Extracted 143312/179305 slices
Extracted 143328/179305 slices
Extracted 143344/179305 slices
Extracted 143360/179305 slices
Extracted 143376/179305 slices
Extracted 143392/179305 slices
Extracted 143408/179305 slices
Extracted 143424/179305 slices
Extracted 143440/179305 slices
Extracted 143456/179305 slices
Extracted 143472/179305 slices
Extracted 143488/179305 slices
Extracted 143504/179305 slices
Extracted 143520/179305 slices
Extracted 143536/179305 slices
Extracted 143552/179305 slices
Extracted 143568/179305 slices
Extracted 143584/179305 slices
Extracted 143600/179305 slices
Extracted 143616/179305 slices
Extracted 143632/179305 slices
Extracted 143648/179305 slices
Extracted 143664/179305 slices
Extracted 143680/179305 slices
Extracted 143696/179305 slices
Extracted 143712/179305 slices
Extracted 143728/179305 slices
Extracted 143744/179305 slices
Extracted 143760/179305 slices
Extracted 143776/179305 slices
Extracted 143792/179305 slices
Extracted 143808/179305 slices
Extracted 143824/179305 slices
Extracted 143840/179305 slices
Extracted 143856/179305 slices
Extracted 143872/179305 slices
Extracted 143888/179305 slices
Extracted 143904/179305 slices
Extracted 143920/179305 slices
Extracted 143936/179305 slices
Extracted 143952/179305 slices
Extracted 143968/179305 slices
Extracted 143984/179305 slices
Extracted 144000/179305 slices
Extracted 144016/179305 slices
Extracted 144032/179305 slices
Extracted 144048/179305 slices
Extracted 144064/179305 slices
Extracted 144080/179305 slices
Extracted 144096/179305 slices
Extracted 144112/179305 slices
Extracted 144128/179305 slices
Extracted 144144/179305 slices
Extracted 144160/179305 slices
Extracted 144176/179305 slices
Extracted 144192/179305 slices
Extracted 144208/179305 slices
Extracted 144224/179305 slices
Extracted 144240/179305 slices
Extracted 144256/179305 slices
Extracted 144272/179305 slices
Extracted 144288/179305 slices
Extracted 144304/179305 slices
Extracted 144320/179305 slices
Extracted 144336/179305 slices
Extracted 144352/179305 slices
Extracted 144368/179305 slices
Extracted 144384/179305 slices
Extracted 144400/179305 slices
Extracted 144416/179305 slices
Extracted 144432/179305 slices
Extracted 144448/179305 slices
Extracted 144464/179305 slices
Extracted 144480/179305 slices
Extracted 144496/179305 slices
Extracted 144512/179305 slices
Extracted 144528/179305 slices
Extracted 144544/179305 slices
Extracted 144560/179305 slices
Extracted 144576/179305 slices
Extracted 144592/179305 slices
Extracted 144608/179305 slices
Extracted 144624/179305 slices
Extracted 144640/179305 slices
Extracted 144656/179305 slices
Extracted 144672/179305 slices
Extracted 144688/179305 slices
Extracted 144704/179305 slices
Extracted 144720/179305 slices
Extracted 144736/179305 slices
Extracted 144752/179305 slices
Extracted 144768/179305 slices
Extracted 144784/179305 slices
Extracted 144800/179305 slices
Extracted 144816/179305 slices
Extracted 144832/179305 slices
Extracted 144848/179305 slices
Extracted 144864/179305 slices
Extracted 144880/179305 slices
Extracted 144896/179305 slices
Extracted 144912/179305 slices
Extracted 144928/179305 slices
Extracted 144944/179305 slices
Extracted 144960/179305 slices
Extracted 144976/179305 slices
Extracted 144992/179305 slices
Extracted 145008/179305 slices
Extracted 145024/179305 slices
Extracted 145040/179305 slices
Extracted 145056/179305 slices
Extracted 145072/179305 slices
Extracted 145088/179305 slices
Extracted 145104/179305 slices
Extracted 145120/179305 slices
Extracted 145136/179305 slices
Extracted 145152/179305 slices
Extracted 145168/179305 slices
Extracted 145184/179305 slices
Extracted 145200/179305 slices
Extracted 145216/179305 slices
Extracted 145232/179305 slices
Extracted 145248/179305 slices
Extracted 145264/179305 slices
Extracted 145280/179305 slices
Extracted 145296/179305 slices
Extracted 145312/179305 slices
Extracted 145328/179305 slices
Extracted 145344/179305 slices
Extracted 145360/179305 slices
Extracted 145376/179305 slices
Extracted 145392/179305 slices
Extracted 145408/179305 slices
Extracted 145424/179305 slices
Extracted 145440/179305 slices
Extracted 145456/179305 slices
Extracted 145472/179305 slices
Extracted 145488/179305 slices
Extracted 145504/179305 slices
Extracted 145520/179305 slices
Extracted 145536/179305 slices
Extracted 145552/179305 slices
Extracted 145568/179305 slices
Extracted 145584/179305 slices
Extracted 145600/179305 slices
Extracted 145616/179305 slices
Extracted 145632/179305 slices
Extracted 145648/179305 slices
Extracted 145664/179305 slices
Extracted 145680/179305 slices
Extracted 145696/179305 slices
Extracted 145712/179305 slices
Extracted 145728/179305 slices
Extracted 145744/179305 slices
Extracted 145760/179305 slices
Extracted 145776/179305 slices
Extracted 145792/179305 slices
Extracted 145808/179305 slices
Extracted 145824/179305 slices
Extracted 145840/179305 slices
Extracted 145856/179305 slices
Extracted 145872/179305 slices
Extracted 145888/179305 slices
Extracted 145904/179305 slices
Extracted 145920/179305 slices
Extracted 145936/179305 slices
Extracted 145952/179305 slices
Extracted 145968/179305 slices
Extracted 145984/179305 slices
Extracted 146000/179305 slices
Extracted 146016/179305 slices
Extracted 146032/179305 slices
Extracted 146048/179305 slices
Extracted 146064/179305 slices
Extracted 146080/179305 slices
Extracted 146096/179305 slices
Extracted 146112/179305 slices
Extracted 146128/179305 slices
Extracted 146144/179305 slices
Extracted 146160/179305 slices
Extracted 146176/179305 slices
Extracted 146192/179305 slices
Extracted 146208/179305 slices
Extracted 146224/179305 slices
Extracted 146240/179305 slices
Extracted 146256/179305 slices
Extracted 146272/179305 slices
Extracted 146288/179305 slices
Extracted 146304/179305 slices
Extracted 146320/179305 slices
Extracted 146336/179305 slices
Extracted 146352/179305 slices
Extracted 146368/179305 slices
Extracted 146384/179305 slices
Extracted 146400/179305 slices
Extracted 146416/179305 slices
Extracted 146432/179305 slices
Extracted 146448/179305 slices
Extracted 146464/179305 slices
Extracted 146480/179305 slices
Extracted 146496/179305 slices
Extracted 146512/179305 slices
Extracted 146528/179305 slices
Extracted 146544/179305 slices
Extracted 146560/179305 slices
Extracted 146576/179305 slices
Extracted 146592/179305 slices
Extracted 146608/179305 slices
Extracted 146624/179305 slices
Extracted 146640/179305 slices
Extracted 146656/179305 slices
Extracted 146672/179305 slices
Extracted 146688/179305 slices
Extracted 146704/179305 slices
Extracted 146720/179305 slices
Extracted 146736/179305 slices
Extracted 146752/179305 slices
Extracted 146768/179305 slices
Extracted 146784/179305 slices
Extracted 146800/179305 slices
Extracted 146816/179305 slices
Extracted 146832/179305 slices
Extracted 146848/179305 slices
Extracted 146864/179305 slices
Extracted 146880/179305 slices
Extracted 146896/179305 slices
Extracted 146912/179305 slices
Extracted 146928/179305 slices
Extracted 146944/179305 slices
Extracted 146960/179305 slices
Extracted 146976/179305 slices
Extracted 146992/179305 slices
Extracted 147008/179305 slices
Extracted 147024/179305 slices
Extracted 147040/179305 slices
Extracted 147056/179305 slices
Extracted 147072/179305 slices
Extracted 147088/179305 slices
Extracted 147104/179305 slices
Extracted 147120/179305 slices
Extracted 147136/179305 slices
Extracted 147152/179305 slices
Extracted 147168/179305 slices
Extracted 147184/179305 slices
Extracted 147200/179305 slices
Extracted 147216/179305 slices
Extracted 147232/179305 slices
Extracted 147248/179305 slices
Extracted 147264/179305 slices
Extracted 147280/179305 slices
Extracted 147296/179305 slices
Extracted 147312/179305 slices
Extracted 147328/179305 slices
Extracted 147344/179305 slices
Extracted 147360/179305 slices
Extracted 147376/179305 slices
Extracted 147392/179305 slices
Extracted 147408/179305 slices
Extracted 147424/179305 slices
Extracted 147440/179305 slices
Extracted 147456/179305 slices
Extracted 147472/179305 slices
Extracted 147488/179305 slices
Extracted 147504/179305 slices
Extracted 147520/179305 slices
Extracted 147536/179305 slices
Extracted 147552/179305 slices
Extracted 147568/179305 slices
Extracted 147584/179305 slices
Extracted 147600/179305 slices
Extracted 147616/179305 slices
Extracted 147632/179305 slices
Extracted 147648/179305 slices
Extracted 147664/179305 slices
Extracted 147680/179305 slices
Extracted 147696/179305 slices
Extracted 147712/179305 slices
Extracted 147728/179305 slices
Extracted 147744/179305 slices
Extracted 147760/179305 slices
Extracted 147776/179305 slices
Extracted 147792/179305 slices
Extracted 147808/179305 slices
Extracted 147824/179305 slices
Extracted 147840/179305 slices
Extracted 147856/179305 slices
Extracted 147872/179305 slices
Extracted 147888/179305 slices
Extracted 147904/179305 slices
Extracted 147920/179305 slices
Extracted 147936/179305 slices
Extracted 147952/179305 slices
Extracted 147968/179305 slices
Extracted 147984/179305 slices
Extracted 148000/179305 slices
Extracted 148016/179305 slices
Extracted 148032/179305 slices
Extracted 148048/179305 slices
Extracted 148064/179305 slices
Extracted 148080/179305 slices
Extracted 148096/179305 slices
Extracted 148112/179305 slices
Extracted 148128/179305 slices
Extracted 148144/179305 slices
Extracted 148160/179305 slices
Extracted 148176/179305 slices
Extracted 148192/179305 slices
Extracted 148208/179305 slices
Extracted 148224/179305 slices
Extracted 148240/179305 slices
Extracted 148256/179305 slices
Extracted 148272/179305 slices
Extracted 148288/179305 slices
Extracted 148304/179305 slices
Extracted 148320/179305 slices
Extracted 148336/179305 slices
Extracted 148352/179305 slices
Extracted 148368/179305 slices
Extracted 148384/179305 slices
Extracted 148400/179305 slices
Extracted 148416/179305 slices
Extracted 148432/179305 slices
Extracted 148448/179305 slices
Extracted 148464/179305 slices
Extracted 148480/179305 slices
Extracted 148496/179305 slices
Extracted 148512/179305 slices
Extracted 148528/179305 slices
Extracted 148544/179305 slices
Extracted 148560/179305 slices
Extracted 148576/179305 slices
Extracted 148592/179305 slices
Extracted 148608/179305 slices
Extracted 148624/179305 slices
Extracted 148640/179305 slices
Extracted 148656/179305 slices
Extracted 148672/179305 slices
Extracted 148688/179305 slices
Extracted 148704/179305 slices
Extracted 148720/179305 slices
Extracted 148736/179305 slices
Extracted 148752/179305 slices
Extracted 148768/179305 slices
Extracted 148784/179305 slices
Extracted 148800/179305 slices
Extracted 148816/179305 slices
Extracted 148832/179305 slices
Extracted 148848/179305 slices
Extracted 148864/179305 slices
Extracted 148880/179305 slices
Extracted 148896/179305 slices
Extracted 148912/179305 slices
Extracted 148928/179305 slices
Extracted 148944/179305 slices
Extracted 148960/179305 slices
Extracted 148976/179305 slices
Extracted 148992/179305 slices
Extracted 149008/179305 slices
Extracted 149024/179305 slices
Extracted 149040/179305 slices
Extracted 149056/179305 slices
Extracted 149072/179305 slices
Extracted 149088/179305 slices
Extracted 149104/179305 slices
Extracted 149120/179305 slices
Extracted 149136/179305 slices
Extracted 149152/179305 slices
Extracted 149168/179305 slices
Extracted 149184/179305 slices
Extracted 149200/179305 slices
Extracted 149216/179305 slices
Extracted 149232/179305 slices
Extracted 149248/179305 slices
Extracted 149264/179305 slices
Extracted 149280/179305 slices
Extracted 149296/179305 slices
Extracted 149312/179305 slices
Extracted 149328/179305 slices
Extracted 149344/179305 slices
Extracted 149360/179305 slices
Extracted 149376/179305 slices
Extracted 149392/179305 slices
Extracted 149408/179305 slices
Extracted 149424/179305 slices
Extracted 149440/179305 slices
Extracted 149456/179305 slices
Extracted 149472/179305 slices
Extracted 149488/179305 slices
Extracted 149504/179305 slices
Extracted 149520/179305 slices
Extracted 149536/179305 slices
Extracted 149552/179305 slices
Extracted 149568/179305 slices
Extracted 149584/179305 slices
Extracted 149600/179305 slices
Extracted 149616/179305 slices
Extracted 149632/179305 slices
Extracted 149648/179305 slices
Extracted 149664/179305 slices
Extracted 149680/179305 slices
Extracted 149696/179305 slices
Extracted 149712/179305 slices
Extracted 149728/179305 slices
Extracted 149744/179305 slices
Extracted 149760/179305 slices
Extracted 149776/179305 slices
Extracted 149792/179305 slices
Extracted 149808/179305 slices
Extracted 149824/179305 slices
Extracted 149840/179305 slices
Extracted 149856/179305 slices
Extracted 149872/179305 slices
Extracted 149888/179305 slices
Extracted 149904/179305 slices
Extracted 149920/179305 slices
Extracted 149936/179305 slices
Extracted 149952/179305 slices
Extracted 149968/179305 slices
Extracted 149984/179305 slices
Extracted 150000/179305 slices
Extracted 150016/179305 slices
Extracted 150032/179305 slices
Extracted 150048/179305 slices
Extracted 150064/179305 slices
Extracted 150080/179305 slices
Extracted 150096/179305 slices
Extracted 150112/179305 slices
Extracted 150128/179305 slices
Extracted 150144/179305 slices
Extracted 150160/179305 slices
Extracted 150176/179305 slices
Extracted 150192/179305 slices
Extracted 150208/179305 slices
Extracted 150224/179305 slices
Extracted 150240/179305 slices
Extracted 150256/179305 slices
Extracted 150272/179305 slices
Extracted 150288/179305 slices
Extracted 150304/179305 slices
Extracted 150320/179305 slices
Extracted 150336/179305 slices
Extracted 150352/179305 slices
Extracted 150368/179305 slices
Extracted 150384/179305 slices
Extracted 150400/179305 slices
Extracted 150416/179305 slices
Extracted 150432/179305 slices
Extracted 150448/179305 slices
Extracted 150464/179305 slices
Extracted 150480/179305 slices
Extracted 150496/179305 slices
Extracted 150512/179305 slices
Extracted 150528/179305 slices
Extracted 150544/179305 slices
Extracted 150560/179305 slices
Extracted 150576/179305 slices
Extracted 150592/179305 slices
Extracted 150608/179305 slices
Extracted 150624/179305 slices
Extracted 150640/179305 slices
Extracted 150656/179305 slices
Extracted 150672/179305 slices
Extracted 150688/179305 slices
Extracted 150704/179305 slices
Extracted 150720/179305 slices
Extracted 150736/179305 slices
Extracted 150752/179305 slices
Extracted 150768/179305 slices
Extracted 150784/179305 slices
Extracted 150800/179305 slices
Extracted 150816/179305 slices
Extracted 150832/179305 slices
Extracted 150848/179305 slices
Extracted 150864/179305 slices
Extracted 150880/179305 slices
Extracted 150896/179305 slices
Extracted 150912/179305 slices
Extracted 150928/179305 slices
Extracted 150944/179305 slices
Extracted 150960/179305 slices
Extracted 150976/179305 slices
Extracted 150992/179305 slices
Extracted 151008/179305 slices
Extracted 151024/179305 slices
Extracted 151040/179305 slices
Extracted 151056/179305 slices
Extracted 151072/179305 slices
Extracted 151088/179305 slices
Extracted 151104/179305 slices
Extracted 151120/179305 slices
Extracted 151136/179305 slices
Extracted 151152/179305 slices
Extracted 151168/179305 slices
Extracted 151184/179305 slices
Extracted 151200/179305 slices
Extracted 151216/179305 slices
Extracted 151232/179305 slices
Extracted 151248/179305 slices
Extracted 151264/179305 slices
Extracted 151280/179305 slices
Extracted 151296/179305 slices
Extracted 151312/179305 slices
Extracted 151328/179305 slices
Extracted 151344/179305 slices
Extracted 151360/179305 slices
Extracted 151376/179305 slices
Extracted 151392/179305 slices
Extracted 151408/179305 slices
Extracted 151424/179305 slices
Extracted 151440/179305 slices
Extracted 151456/179305 slices
Extracted 151472/179305 slices
Extracted 151488/179305 slices
Extracted 151504/179305 slices
Extracted 151520/179305 slices
Extracted 151536/179305 slices
Extracted 151552/179305 slices
Extracted 151568/179305 slices
Extracted 151584/179305 slices
Extracted 151600/179305 slices
Extracted 151616/179305 slices
Extracted 151632/179305 slices
Extracted 151648/179305 slices
Extracted 151664/179305 slices
Extracted 151680/179305 slices
Extracted 151696/179305 slices
Extracted 151712/179305 slices
Extracted 151728/179305 slices
Extracted 151744/179305 slices
Extracted 151760/179305 slices
Extracted 151776/179305 slices
Extracted 151792/179305 slices
Extracted 151808/179305 slices
Extracted 151824/179305 slices
Extracted 151840/179305 slices
Extracted 151856/179305 slices
Extracted 151872/179305 slices
Extracted 151888/179305 slices
Extracted 151904/179305 slices
Extracted 151920/179305 slices
Extracted 151936/179305 slices
Extracted 151952/179305 slices
Extracted 151968/179305 slices
Extracted 151984/179305 slices
Extracted 152000/179305 slices
Extracted 152016/179305 slices
Extracted 152032/179305 slices
Extracted 152048/179305 slices
Extracted 152064/179305 slices
Extracted 152080/179305 slices
Extracted 152096/179305 slices
Extracted 152112/179305 slices
Extracted 152128/179305 slices
Extracted 152144/179305 slices
Extracted 152160/179305 slices
Extracted 152176/179305 slices
Extracted 152192/179305 slices
Extracted 152208/179305 slices
Extracted 152224/179305 slices
Extracted 152240/179305 slices
Extracted 152256/179305 slices
Extracted 152272/179305 slices
Extracted 152288/179305 slices
Extracted 152304/179305 slices
Extracted 152320/179305 slices
Extracted 152336/179305 slices
Extracted 152352/179305 slices
Extracted 152368/179305 slices
Extracted 152384/179305 slices
Extracted 152400/179305 slices
Extracted 152416/179305 slices
Extracted 152432/179305 slices
Extracted 152448/179305 slices
Extracted 152464/179305 slices
Extracted 152480/179305 slices
Extracted 152496/179305 slices
Extracted 152512/179305 slices
Extracted 152528/179305 slices
Extracted 152544/179305 slices
Extracted 152560/179305 slices
Extracted 152576/179305 slices
Extracted 152592/179305 slices
Extracted 152608/179305 slices
Extracted 152624/179305 slices
Extracted 152640/179305 slices
Extracted 152656/179305 slices
Extracted 152672/179305 slices
Extracted 152688/179305 slices
Extracted 152704/179305 slices
Extracted 152720/179305 slices
Extracted 152736/179305 slices
Extracted 152752/179305 slices
Extracted 152768/179305 slices
Extracted 152784/179305 slices
Extracted 152800/179305 slices
Extracted 152816/179305 slices
Extracted 152832/179305 slices
Extracted 152848/179305 slices
Extracted 152864/179305 slices
Extracted 152880/179305 slices
Extracted 152896/179305 slices
Extracted 152912/179305 slices
Extracted 152928/179305 slices
Extracted 152944/179305 slices
Extracted 152960/179305 slices
Extracted 152976/179305 slices
Extracted 152992/179305 slices
Extracted 153008/179305 slices
Extracted 153024/179305 slices
Extracted 153040/179305 slices
Extracted 153056/179305 slices
Extracted 153072/179305 slices
Extracted 153088/179305 slices
Extracted 153104/179305 slices
Extracted 153120/179305 slices
Extracted 153136/179305 slices
Extracted 153152/179305 slices
Extracted 153168/179305 slices
Extracted 153184/179305 slices
Extracted 153200/179305 slices
Extracted 153216/179305 slices
Extracted 153232/179305 slices
Extracted 153248/179305 slices
Extracted 153264/179305 slices
Extracted 153280/179305 slices
Extracted 153296/179305 slices
Extracted 153312/179305 slices
Extracted 153328/179305 slices
Extracted 153344/179305 slices
Extracted 153360/179305 slices
Extracted 153376/179305 slices
Extracted 153392/179305 slices
Extracted 153408/179305 slices
Extracted 153424/179305 slices
Extracted 153440/179305 slices
Extracted 153456/179305 slices
Extracted 153472/179305 slices
Extracted 153488/179305 slices
Extracted 153504/179305 slices
Extracted 153520/179305 slices
Extracted 153536/179305 slices
Extracted 153552/179305 slices
Extracted 153568/179305 slices
Extracted 153584/179305 slices
Extracted 153600/179305 slices
Extracted 153616/179305 slices
Extracted 153632/179305 slices
Extracted 153648/179305 slices
Extracted 153664/179305 slices
Extracted 153680/179305 slices
Extracted 153696/179305 slices
Extracted 153712/179305 slices
Extracted 153728/179305 slices
Extracted 153744/179305 slices
Extracted 153760/179305 slices
Extracted 153776/179305 slices
Extracted 153792/179305 slices
Extracted 153808/179305 slices
Extracted 153824/179305 slices
Extracted 153840/179305 slices
Extracted 153856/179305 slices
Extracted 153872/179305 slices
Extracted 153888/179305 slices
Extracted 153904/179305 slices
Extracted 153920/179305 slices
Extracted 153936/179305 slices
Extracted 153952/179305 slices
Extracted 153968/179305 slices
Extracted 153984/179305 slices
Extracted 154000/179305 slices
Extracted 154016/179305 slices
Extracted 154032/179305 slices
Extracted 154048/179305 slices
Extracted 154064/179305 slices
Extracted 154080/179305 slices
Extracted 154096/179305 slices
Extracted 154112/179305 slices
Extracted 154128/179305 slices
Extracted 154144/179305 slices
Extracted 154160/179305 slices
Extracted 154176/179305 slices
Extracted 154192/179305 slices
Extracted 154208/179305 slices
Extracted 154224/179305 slices
Extracted 154240/179305 slices
Extracted 154256/179305 slices
Extracted 154272/179305 slices
Extracted 154288/179305 slices
Extracted 154304/179305 slices
Extracted 154320/179305 slices
Extracted 154336/179305 slices
Extracted 154352/179305 slices
Extracted 154368/179305 slices
Extracted 154384/179305 slices
Extracted 154400/179305 slices
Extracted 154416/179305 slices
Extracted 154432/179305 slices
Extracted 154448/179305 slices
Extracted 154464/179305 slices
Extracted 154480/179305 slices
Extracted 154496/179305 slices
Extracted 154512/179305 slices
Extracted 154528/179305 slices
Extracted 154544/179305 slices
Extracted 154560/179305 slices
Extracted 154576/179305 slices
Extracted 154592/179305 slices
Extracted 154608/179305 slices
Extracted 154624/179305 slices
Extracted 154640/179305 slices
Extracted 154656/179305 slices
Extracted 154672/179305 slices
Extracted 154688/179305 slices
Extracted 154704/179305 slices
Extracted 154720/179305 slices
Extracted 154736/179305 slices
Extracted 154752/179305 slices
Extracted 154768/179305 slices
Extracted 154784/179305 slices
Extracted 154800/179305 slices
Extracted 154816/179305 slices
Extracted 154832/179305 slices
Extracted 154848/179305 slices
Extracted 154864/179305 slices
Extracted 154880/179305 slices
Extracted 154896/179305 slices
Extracted 154912/179305 slices
Extracted 154928/179305 slices
Extracted 154944/179305 slices
Extracted 154960/179305 slices
Extracted 154976/179305 slices
Extracted 154992/179305 slices
Extracted 155008/179305 slices
Extracted 155024/179305 slices
Extracted 155040/179305 slices
Extracted 155056/179305 slices
Extracted 155072/179305 slices
Extracted 155088/179305 slices
Extracted 155104/179305 slices
Extracted 155120/179305 slices
Extracted 155136/179305 slices
Extracted 155152/179305 slices
Extracted 155168/179305 slices
Extracted 155184/179305 slices
Extracted 155200/179305 slices
Extracted 155216/179305 slices
Extracted 155232/179305 slices
Extracted 155248/179305 slices
Extracted 155264/179305 slices
Extracted 155280/179305 slices
Extracted 155296/179305 slices
Extracted 155312/179305 slices
Extracted 155328/179305 slices
Extracted 155344/179305 slices
Extracted 155360/179305 slices
Extracted 155376/179305 slices
Extracted 155392/179305 slices
Extracted 155408/179305 slices
Extracted 155424/179305 slices
Extracted 155440/179305 slices
Extracted 155456/179305 slices
Extracted 155472/179305 slices
Extracted 155488/179305 slices
Extracted 155504/179305 slices
Extracted 155520/179305 slices
Extracted 155536/179305 slices
Extracted 155552/179305 slices
Extracted 155568/179305 slices
Extracted 155584/179305 slices
Extracted 155600/179305 slices
Extracted 155616/179305 slices
Extracted 155632/179305 slices
Extracted 155648/179305 slices
Extracted 155664/179305 slices
Extracted 155680/179305 slices
Extracted 155696/179305 slices
Extracted 155712/179305 slices
Extracted 155728/179305 slices
Extracted 155744/179305 slices
Extracted 155760/179305 slices
Extracted 155776/179305 slices
Extracted 155792/179305 slices
Extracted 155808/179305 slices
Extracted 155824/179305 slices
Extracted 155840/179305 slices
Extracted 155856/179305 slices
Extracted 155872/179305 slices
Extracted 155888/179305 slices
Extracted 155904/179305 slices
Extracted 155920/179305 slices
Extracted 155936/179305 slices
Extracted 155952/179305 slices
Extracted 155968/179305 slices
Extracted 155984/179305 slices
Extracted 156000/179305 slices
Extracted 156016/179305 slices
Extracted 156032/179305 slices
Extracted 156048/179305 slices
Extracted 156064/179305 slices
Extracted 156080/179305 slices
Extracted 156096/179305 slices
Extracted 156112/179305 slices
Extracted 156128/179305 slices
Extracted 156144/179305 slices
Extracted 156160/179305 slices
Extracted 156176/179305 slices
Extracted 156192/179305 slices
Extracted 156208/179305 slices
Extracted 156224/179305 slices
Extracted 156240/179305 slices
Extracted 156256/179305 slices
Extracted 156272/179305 slices
Extracted 156288/179305 slices
Extracted 156304/179305 slices
Extracted 156320/179305 slices
Extracted 156336/179305 slices
Extracted 156352/179305 slices
Extracted 156368/179305 slices
Extracted 156384/179305 slices
Extracted 156400/179305 slices
Extracted 156416/179305 slices
Extracted 156432/179305 slices
Extracted 156448/179305 slices
Extracted 156464/179305 slices
Extracted 156480/179305 slices
Extracted 156496/179305 slices
Extracted 156512/179305 slices
Extracted 156528/179305 slices
Extracted 156544/179305 slices
Extracted 156560/179305 slices
Extracted 156576/179305 slices
Extracted 156592/179305 slices
Extracted 156608/179305 slices
Extracted 156624/179305 slices
Extracted 156640/179305 slices
Extracted 156656/179305 slices
Extracted 156672/179305 slices
Extracted 156688/179305 slices
Extracted 156704/179305 slices
Extracted 156720/179305 slices
Extracted 156736/179305 slices
Extracted 156752/179305 slices
Extracted 156768/179305 slices
Extracted 156784/179305 slices
Extracted 156800/179305 slices
Extracted 156816/179305 slices
Extracted 156832/179305 slices
Extracted 156848/179305 slices
Extracted 156864/179305 slices
Extracted 156880/179305 slices
Extracted 156896/179305 slices
Extracted 156912/179305 slices
Extracted 156928/179305 slices
Extracted 156944/179305 slices
Extracted 156960/179305 slices
Extracted 156976/179305 slices
Extracted 156992/179305 slices
Extracted 157008/179305 slices
Extracted 157024/179305 slices
Extracted 157040/179305 slices
Extracted 157056/179305 slices
Extracted 157072/179305 slices
Extracted 157088/179305 slices
Extracted 157104/179305 slices
Extracted 157120/179305 slices
Extracted 157136/179305 slices
Extracted 157152/179305 slices
Extracted 157168/179305 slices
Extracted 157184/179305 slices
Extracted 157200/179305 slices
Extracted 157216/179305 slices
Extracted 157232/179305 slices
Extracted 157248/179305 slices
Extracted 157264/179305 slices
Extracted 157280/179305 slices
Extracted 157296/179305 slices
Extracted 157312/179305 slices
Extracted 157328/179305 slices
Extracted 157344/179305 slices
Extracted 157360/179305 slices
Extracted 157376/179305 slices
Extracted 157392/179305 slices
Extracted 157408/179305 slices
Extracted 157424/179305 slices
Extracted 157440/179305 slices
Extracted 157456/179305 slices
Extracted 157472/179305 slices
Extracted 157488/179305 slices
Extracted 157504/179305 slices
Extracted 157520/179305 slices
Extracted 157536/179305 slices
Extracted 157552/179305 slices
Extracted 157568/179305 slices
Extracted 157584/179305 slices
Extracted 157600/179305 slices
Extracted 157616/179305 slices
Extracted 157632/179305 slices
Extracted 157648/179305 slices
Extracted 157664/179305 slices
Extracted 157680/179305 slices
Extracted 157696/179305 slices
Extracted 157712/179305 slices
Extracted 157728/179305 slices
Extracted 157744/179305 slices
Extracted 157760/179305 slices
Extracted 157776/179305 slices
Extracted 157792/179305 slices
Extracted 157808/179305 slices
Extracted 157824/179305 slices
Extracted 157840/179305 slices
Extracted 157856/179305 slices
Extracted 157872/179305 slices
Extracted 157888/179305 slices
Extracted 157904/179305 slices
Extracted 157920/179305 slices
Extracted 157936/179305 slices
Extracted 157952/179305 slices
Extracted 157968/179305 slices
Extracted 157984/179305 slices
Extracted 158000/179305 slices
Extracted 158016/179305 slices
Extracted 158032/179305 slices
Extracted 158048/179305 slices
Extracted 158064/179305 slices
Extracted 158080/179305 slices
Extracted 158096/179305 slices
Extracted 158112/179305 slices
Extracted 158128/179305 slices
Extracted 158144/179305 slices
Extracted 158160/179305 slices
Extracted 158176/179305 slices
Extracted 158192/179305 slices
Extracted 158208/179305 slices
Extracted 158224/179305 slices
Extracted 158240/179305 slices
Extracted 158256/179305 slices
Extracted 158272/179305 slices
Extracted 158288/179305 slices
Extracted 158304/179305 slices
Extracted 158320/179305 slices
Extracted 158336/179305 slices
Extracted 158352/179305 slices
Extracted 158368/179305 slices
Extracted 158384/179305 slices
Extracted 158400/179305 slices
Extracted 158416/179305 slices
Extracted 158432/179305 slices
Extracted 158448/179305 slices
Extracted 158464/179305 slices
Extracted 158480/179305 slices
Extracted 158496/179305 slices
Extracted 158512/179305 slices
Extracted 158528/179305 slices
Extracted 158544/179305 slices
Extracted 158560/179305 slices
Extracted 158576/179305 slices
Extracted 158592/179305 slices
Extracted 158608/179305 slices
Extracted 158624/179305 slices
Extracted 158640/179305 slices
Extracted 158656/179305 slices
Extracted 158672/179305 slices
Extracted 158688/179305 slices
Extracted 158704/179305 slices
Extracted 158720/179305 slices
Extracted 158736/179305 slices
Extracted 158752/179305 slices
Extracted 158768/179305 slices
Extracted 158784/179305 slices
Extracted 158800/179305 slices
Extracted 158816/179305 slices
Extracted 158832/179305 slices
Extracted 158848/179305 slices
Extracted 158864/179305 slices
Extracted 158880/179305 slices
Extracted 158896/179305 slices
Extracted 158912/179305 slices
Extracted 158928/179305 slices
Extracted 158944/179305 slices
Extracted 158960/179305 slices
Extracted 158976/179305 slices
Extracted 158992/179305 slices
Extracted 159008/179305 slices
Extracted 159024/179305 slices
Extracted 159040/179305 slices
Extracted 159056/179305 slices
Extracted 159072/179305 slices
Extracted 159088/179305 slices
Extracted 159104/179305 slices
Extracted 159120/179305 slices
Extracted 159136/179305 slices
Extracted 159152/179305 slices
Extracted 159168/179305 slices
Extracted 159184/179305 slices
Extracted 159200/179305 slices
Extracted 159216/179305 slices
Extracted 159232/179305 slices
Extracted 159248/179305 slices
Extracted 159264/179305 slices
Extracted 159280/179305 slices
Extracted 159296/179305 slices
Extracted 159312/179305 slices
Extracted 159328/179305 slices
Extracted 159344/179305 slices
Extracted 159360/179305 slices
Extracted 159376/179305 slices
Extracted 159392/179305 slices
Extracted 159408/179305 slices
Extracted 159424/179305 slices
Extracted 159440/179305 slices
Extracted 159456/179305 slices
Extracted 159472/179305 slices
Extracted 159488/179305 slices
Extracted 159504/179305 slices
Extracted 159520/179305 slices
Extracted 159536/179305 slices
Extracted 159552/179305 slices
Extracted 159568/179305 slices
Extracted 159584/179305 slices
Extracted 159600/179305 slices
Extracted 159616/179305 slices
Extracted 159632/179305 slices
Extracted 159648/179305 slices
Extracted 159664/179305 slices
Extracted 159680/179305 slices
Extracted 159696/179305 slices
Extracted 159712/179305 slices
Extracted 159728/179305 slices
Extracted 159744/179305 slices
Extracted 159760/179305 slices
Extracted 159776/179305 slices
Extracted 159792/179305 slices
Extracted 159808/179305 slices
Extracted 159824/179305 slices
Extracted 159840/179305 slices
Extracted 159856/179305 slices
Extracted 159872/179305 slices
Extracted 159888/179305 slices
Extracted 159904/179305 slices
Extracted 159920/179305 slices
Extracted 159936/179305 slices
Extracted 159952/179305 slices
Extracted 159968/179305 slices
Extracted 159984/179305 slices
Extracted 160000/179305 slices
Extracted 160016/179305 slices
Extracted 160032/179305 slices
Extracted 160048/179305 slices
Extracted 160064/179305 slices
Extracted 160080/179305 slices
Extracted 160096/179305 slices
Extracted 160112/179305 slices
Extracted 160128/179305 slices
Extracted 160144/179305 slices
Extracted 160160/179305 slices
Extracted 160176/179305 slices
Extracted 160192/179305 slices
Extracted 160208/179305 slices
Extracted 160224/179305 slices
Extracted 160240/179305 slices
Extracted 160256/179305 slices
Extracted 160272/179305 slices
Extracted 160288/179305 slices
Extracted 160304/179305 slices
Extracted 160320/179305 slices
Extracted 160336/179305 slices
Extracted 160352/179305 slices
Extracted 160368/179305 slices
Extracted 160384/179305 slices
Extracted 160400/179305 slices
Extracted 160416/179305 slices
Extracted 160432/179305 slices
Extracted 160448/179305 slices
Extracted 160464/179305 slices
Extracted 160480/179305 slices
Extracted 160496/179305 slices
Extracted 160512/179305 slices
Extracted 160528/179305 slices
Extracted 160544/179305 slices
Extracted 160560/179305 slices
Extracted 160576/179305 slices
Extracted 160592/179305 slices
Extracted 160608/179305 slices
Extracted 160624/179305 slices
Extracted 160640/179305 slices
Extracted 160656/179305 slices
Extracted 160672/179305 slices
Extracted 160688/179305 slices
Extracted 160704/179305 slices
Extracted 160720/179305 slices
Extracted 160736/179305 slices
Extracted 160752/179305 slices
Extracted 160768/179305 slices
Extracted 160784/179305 slices
Extracted 160800/179305 slices
Extracted 160816/179305 slices
Extracted 160832/179305 slices
Extracted 160848/179305 slices
Extracted 160864/179305 slices
Extracted 160880/179305 slices
Extracted 160896/179305 slices
Extracted 160912/179305 slices
Extracted 160928/179305 slices
Extracted 160944/179305 slices
Extracted 160960/179305 slices
Extracted 160976/179305 slices
Extracted 160992/179305 slices
Extracted 161008/179305 slices
Extracted 161024/179305 slices
Extracted 161040/179305 slices
Extracted 161056/179305 slices
Extracted 161072/179305 slices
Extracted 161088/179305 slices
Extracted 161104/179305 slices
Extracted 161120/179305 slices
Extracted 161136/179305 slices
Extracted 161152/179305 slices
Extracted 161168/179305 slices
Extracted 161184/179305 slices
Extracted 161200/179305 slices
Extracted 161216/179305 slices
Extracted 161232/179305 slices
Extracted 161248/179305 slices
Extracted 161264/179305 slices
Extracted 161280/179305 slices
Extracted 161296/179305 slices
Extracted 161312/179305 slices
Extracted 161328/179305 slices
Extracted 161344/179305 slices
Extracted 161360/179305 slices
Extracted 161376/179305 slices
Extracted 161392/179305 slices
Extracted 161408/179305 slices
Extracted 161424/179305 slices
Extracted 161440/179305 slices
Extracted 161456/179305 slices
Extracted 161472/179305 slices
Extracted 161488/179305 slices
Extracted 161504/179305 slices
Extracted 161520/179305 slices
Extracted 161536/179305 slices
Extracted 161552/179305 slices
Extracted 161568/179305 slices
Extracted 161584/179305 slices
Extracted 161600/179305 slices
Extracted 161616/179305 slices
Extracted 161632/179305 slices
Extracted 161648/179305 slices
Extracted 161664/179305 slices
Extracted 161680/179305 slices
Extracted 161696/179305 slices
Extracted 161712/179305 slices
Extracted 161728/179305 slices
Extracted 161744/179305 slices
Extracted 161760/179305 slices
Extracted 161776/179305 slices
Extracted 161792/179305 slices
Extracted 161808/179305 slices
Extracted 161824/179305 slices
Extracted 161840/179305 slices
Extracted 161856/179305 slices
Extracted 161872/179305 slices
Extracted 161888/179305 slices
Extracted 161904/179305 slices
Extracted 161920/179305 slices
Extracted 161936/179305 slices
Extracted 161952/179305 slices
Extracted 161968/179305 slices
Extracted 161984/179305 slices
Extracted 162000/179305 slices
Extracted 162016/179305 slices
Extracted 162032/179305 slices
Extracted 162048/179305 slices
Extracted 162064/179305 slices
Extracted 162080/179305 slices
Extracted 162096/179305 slices
Extracted 162112/179305 slices
Extracted 162128/179305 slices
Extracted 162144/179305 slices
Extracted 162160/179305 slices
Extracted 162176/179305 slices
Extracted 162192/179305 slices
Extracted 162208/179305 slices
Extracted 162224/179305 slices
Extracted 162240/179305 slices
Extracted 162256/179305 slices
Extracted 162272/179305 slices
Extracted 162288/179305 slices
Extracted 162304/179305 slices
Extracted 162320/179305 slices
Extracted 162336/179305 slices
Extracted 162352/179305 slices
Extracted 162368/179305 slices
Extracted 162384/179305 slices
Extracted 162400/179305 slices
Extracted 162416/179305 slices
Extracted 162432/179305 slices
Extracted 162448/179305 slices
Extracted 162464/179305 slices
Extracted 162480/179305 slices
Extracted 162496/179305 slices
Extracted 162512/179305 slices
Extracted 162528/179305 slices
Extracted 162544/179305 slices
Extracted 162560/179305 slices
Extracted 162576/179305 slices
Extracted 162592/179305 slices
Extracted 162608/179305 slices
Extracted 162624/179305 slices
Extracted 162640/179305 slices
Extracted 162656/179305 slices
Extracted 162672/179305 slices
Extracted 162688/179305 slices
Extracted 162704/179305 slices
Extracted 162720/179305 slices
Extracted 162736/179305 slices
Extracted 162752/179305 slices
Extracted 162768/179305 slices
Extracted 162784/179305 slices
Extracted 162800/179305 slices
Extracted 162816/179305 slices
Extracted 162832/179305 slices
Extracted 162848/179305 slices
Extracted 162864/179305 slices
Extracted 162880/179305 slices
Extracted 162896/179305 slices
Extracted 162912/179305 slices
Extracted 162928/179305 slices
Extracted 162944/179305 slices
Extracted 162960/179305 slices
Extracted 162976/179305 slices
Extracted 162992/179305 slices
Extracted 163008/179305 slices
Extracted 163024/179305 slices
Extracted 163040/179305 slices
Extracted 163056/179305 slices
Extracted 163072/179305 slices
Extracted 163088/179305 slices
Extracted 163104/179305 slices
Extracted 163120/179305 slices
Extracted 163136/179305 slices
Extracted 163152/179305 slices
Extracted 163168/179305 slices
Extracted 163184/179305 slices
Extracted 163200/179305 slices
Extracted 163216/179305 slices
Extracted 163232/179305 slices
Extracted 163248/179305 slices
Extracted 163264/179305 slices
Extracted 163280/179305 slices
Extracted 163296/179305 slices
Extracted 163312/179305 slices
Extracted 163328/179305 slices
Extracted 163344/179305 slices
Extracted 163360/179305 slices
Extracted 163376/179305 slices
Extracted 163392/179305 slices
Extracted 163408/179305 slices
Extracted 163424/179305 slices
Extracted 163440/179305 slices
Extracted 163456/179305 slices
Extracted 163472/179305 slices
Extracted 163488/179305 slices
Extracted 163504/179305 slices
Extracted 163520/179305 slices
Extracted 163536/179305 slices
Extracted 163552/179305 slices
Extracted 163568/179305 slices
Extracted 163584/179305 slices
Extracted 163600/179305 slices
Extracted 163616/179305 slices
Extracted 163632/179305 slices
Extracted 163648/179305 slices
Extracted 163664/179305 slices
Extracted 163680/179305 slices
Extracted 163696/179305 slices
Extracted 163712/179305 slices
Extracted 163728/179305 slices
Extracted 163744/179305 slices
Extracted 163760/179305 slices
Extracted 163776/179305 slices
Extracted 163792/179305 slices
Extracted 163808/179305 slices
Extracted 163824/179305 slices
Extracted 163840/179305 slices
Extracted 163856/179305 slices
Extracted 163872/179305 slices
Extracted 163888/179305 slices
Extracted 163904/179305 slices
Extracted 163920/179305 slices
Extracted 163936/179305 slices
Extracted 163952/179305 slices
Extracted 163968/179305 slices
Extracted 163984/179305 slices
Extracted 164000/179305 slices
Extracted 164016/179305 slices
Extracted 164032/179305 slices
Extracted 164048/179305 slices
Extracted 164064/179305 slices
Extracted 164080/179305 slices
Extracted 164096/179305 slices
Extracted 164112/179305 slices
Extracted 164128/179305 slices
Extracted 164144/179305 slices
Extracted 164160/179305 slices
Extracted 164176/179305 slices
Extracted 164192/179305 slices
Extracted 164208/179305 slices
Extracted 164224/179305 slices
Extracted 164240/179305 slices
Extracted 164256/179305 slices
Extracted 164272/179305 slices
Extracted 164288/179305 slices
Extracted 164304/179305 slices
Extracted 164320/179305 slices
Extracted 164336/179305 slices
Extracted 164352/179305 slices
Extracted 164368/179305 slices
Extracted 164384/179305 slices
Extracted 164400/179305 slices
Extracted 164416/179305 slices
Extracted 164432/179305 slices
Extracted 164448/179305 slices
Extracted 164464/179305 slices
Extracted 164480/179305 slices
Extracted 164496/179305 slices
Extracted 164512/179305 slices
Extracted 164528/179305 slices
Extracted 164544/179305 slices
Extracted 164560/179305 slices
Extracted 164576/179305 slices
Extracted 164592/179305 slices
Extracted 164608/179305 slices
Extracted 164624/179305 slices
Extracted 164640/179305 slices
Extracted 164656/179305 slices
Extracted 164672/179305 slices
Extracted 164688/179305 slices
Extracted 164704/179305 slices
Extracted 164720/179305 slices
Extracted 164736/179305 slices
Extracted 164752/179305 slices
Extracted 164768/179305 slices
Extracted 164784/179305 slices
Extracted 164800/179305 slices
Extracted 164816/179305 slices
Extracted 164832/179305 slices
Extracted 164848/179305 slices
Extracted 164864/179305 slices
Extracted 164880/179305 slices
Extracted 164896/179305 slices
Extracted 164912/179305 slices
Extracted 164928/179305 slices
Extracted 164944/179305 slices
Extracted 164960/179305 slices
Extracted 164976/179305 slices
Extracted 164992/179305 slices
Extracted 165008/179305 slices
Extracted 165024/179305 slices
Extracted 165040/179305 slices
Extracted 165056/179305 slices
Extracted 165072/179305 slices
Extracted 165088/179305 slices
Extracted 165104/179305 slices
Extracted 165120/179305 slices
Extracted 165136/179305 slices
Extracted 165152/179305 slices
Extracted 165168/179305 slices
Extracted 165184/179305 slices
Extracted 165200/179305 slices
Extracted 165216/179305 slices
Extracted 165232/179305 slices
Extracted 165248/179305 slices
Extracted 165264/179305 slices
Extracted 165280/179305 slices
Extracted 165296/179305 slices
Extracted 165312/179305 slices
Extracted 165328/179305 slices
Extracted 165344/179305 slices
Extracted 165360/179305 slices
Extracted 165376/179305 slices
Extracted 165392/179305 slices
Extracted 165408/179305 slices
Extracted 165424/179305 slices
Extracted 165440/179305 slices
Extracted 165456/179305 slices
Extracted 165472/179305 slices
Extracted 165488/179305 slices
Extracted 165504/179305 slices
Extracted 165520/179305 slices
Extracted 165536/179305 slices
Extracted 165552/179305 slices
Extracted 165568/179305 slices
Extracted 165584/179305 slices
Extracted 165600/179305 slices
Extracted 165616/179305 slices
Extracted 165632/179305 slices
Extracted 165648/179305 slices
Extracted 165664/179305 slices
Extracted 165680/179305 slices
Extracted 165696/179305 slices
Extracted 165712/179305 slices
Extracted 165728/179305 slices
Extracted 165744/179305 slices
Extracted 165760/179305 slices
Extracted 165776/179305 slices
Extracted 165792/179305 slices
Extracted 165808/179305 slices
Extracted 165824/179305 slices
Extracted 165840/179305 slices
Extracted 165856/179305 slices
Extracted 165872/179305 slices
Extracted 165888/179305 slices
Extracted 165904/179305 slices
Extracted 165920/179305 slices
Extracted 165936/179305 slices
Extracted 165952/179305 slices
Extracted 165968/179305 slices
Extracted 165984/179305 slices
Extracted 166000/179305 slices
Extracted 166016/179305 slices
Extracted 166032/179305 slices
Extracted 166048/179305 slices
Extracted 166064/179305 slices
Extracted 166080/179305 slices
Extracted 166096/179305 slices
Extracted 166112/179305 slices
Extracted 166128/179305 slices
Extracted 166144/179305 slices
Extracted 166160/179305 slices
Extracted 166176/179305 slices
Extracted 166192/179305 slices
Extracted 166208/179305 slices
Extracted 166224/179305 slices
Extracted 166240/179305 slices
Extracted 166256/179305 slices
Extracted 166272/179305 slices
Extracted 166288/179305 slices
Extracted 166304/179305 slices
Extracted 166320/179305 slices
Extracted 166336/179305 slices
Extracted 166352/179305 slices
Extracted 166368/179305 slices
Extracted 166384/179305 slices
Extracted 166400/179305 slices
Extracted 166416/179305 slices
Extracted 166432/179305 slices
Extracted 166448/179305 slices
Extracted 166464/179305 slices
Extracted 166480/179305 slices
Extracted 166496/179305 slices
Extracted 166512/179305 slices
Extracted 166528/179305 slices
Extracted 166544/179305 slices
Extracted 166560/179305 slices
Extracted 166576/179305 slices
Extracted 166592/179305 slices
Extracted 166608/179305 slices
Extracted 166624/179305 slices
Extracted 166640/179305 slices
Extracted 166656/179305 slices
Extracted 166672/179305 slices
Extracted 166688/179305 slices
Extracted 166704/179305 slices
Extracted 166720/179305 slices
Extracted 166736/179305 slices
Extracted 166752/179305 slices
Extracted 166768/179305 slices
Extracted 166784/179305 slices
Extracted 166800/179305 slices
Extracted 166816/179305 slices
Extracted 166832/179305 slices
Extracted 166848/179305 slices
Extracted 166864/179305 slices
Extracted 166880/179305 slices
Extracted 166896/179305 slices
Extracted 166912/179305 slices
Extracted 166928/179305 slices
Extracted 166944/179305 slices
Extracted 166960/179305 slices
Extracted 166976/179305 slices
Extracted 166992/179305 slices
Extracted 167008/179305 slices
Extracted 167024/179305 slices
Extracted 167040/179305 slices
Extracted 167056/179305 slices
Extracted 167072/179305 slices
Extracted 167088/179305 slices
Extracted 167104/179305 slices
Extracted 167120/179305 slices
Extracted 167136/179305 slices
Extracted 167152/179305 slices
Extracted 167168/179305 slices
Extracted 167184/179305 slices
Extracted 167200/179305 slices
Extracted 167216/179305 slices
Extracted 167232/179305 slices
Extracted 167248/179305 slices
Extracted 167264/179305 slices
Extracted 167280/179305 slices
Extracted 167296/179305 slices
Extracted 167312/179305 slices
Extracted 167328/179305 slices
Extracted 167344/179305 slices
Extracted 167360/179305 slices
Extracted 167376/179305 slices
Extracted 167392/179305 slices
Extracted 167408/179305 slices
Extracted 167424/179305 slices
Extracted 167440/179305 slices
Extracted 167456/179305 slices
Extracted 167472/179305 slices
Extracted 167488/179305 slices
Extracted 167504/179305 slices
Extracted 167520/179305 slices
Extracted 167536/179305 slices
Extracted 167552/179305 slices
Extracted 167568/179305 slices
Extracted 167584/179305 slices
Extracted 167600/179305 slices
Extracted 167616/179305 slices
Extracted 167632/179305 slices
Extracted 167648/179305 slices
Extracted 167664/179305 slices
Extracted 167680/179305 slices
Extracted 167696/179305 slices
Extracted 167712/179305 slices
Extracted 167728/179305 slices
Extracted 167744/179305 slices
Extracted 167760/179305 slices
Extracted 167776/179305 slices
Extracted 167792/179305 slices
Extracted 167808/179305 slices
Extracted 167824/179305 slices
Extracted 167840/179305 slices
Extracted 167856/179305 slices
Extracted 167872/179305 slices
Extracted 167888/179305 slices
Extracted 167904/179305 slices
Extracted 167920/179305 slices
Extracted 167936/179305 slices
Extracted 167952/179305 slices
Extracted 167968/179305 slices
Extracted 167984/179305 slices
Extracted 168000/179305 slices
Extracted 168016/179305 slices
Extracted 168032/179305 slices
Extracted 168048/179305 slices
Extracted 168064/179305 slices
Extracted 168080/179305 slices
Extracted 168096/179305 slices
Extracted 168112/179305 slices
Extracted 168128/179305 slices
Extracted 168144/179305 slices
Extracted 168160/179305 slices
Extracted 168176/179305 slices
Extracted 168192/179305 slices
Extracted 168208/179305 slices
Extracted 168224/179305 slices
Extracted 168240/179305 slices
Extracted 168256/179305 slices
Extracted 168272/179305 slices
Extracted 168288/179305 slices
Extracted 168304/179305 slices
Extracted 168320/179305 slices
Extracted 168336/179305 slices
Extracted 168352/179305 slices
Extracted 168368/179305 slices
Extracted 168384/179305 slices
Extracted 168400/179305 slices
Extracted 168416/179305 slices
Extracted 168432/179305 slices
Extracted 168448/179305 slices
Extracted 168464/179305 slices
Extracted 168480/179305 slices
Extracted 168496/179305 slices
Extracted 168512/179305 slices
Extracted 168528/179305 slices
Extracted 168544/179305 slices
Extracted 168560/179305 slices
Extracted 168576/179305 slices
Extracted 168592/179305 slices
Extracted 168608/179305 slices
Extracted 168624/179305 slices
Extracted 168640/179305 slices
Extracted 168656/179305 slices
Extracted 168672/179305 slices
Extracted 168688/179305 slices
Extracted 168704/179305 slices
Extracted 168720/179305 slices
Extracted 168736/179305 slices
Extracted 168752/179305 slices
Extracted 168768/179305 slices
Extracted 168784/179305 slices
Extracted 168800/179305 slices
Extracted 168816/179305 slices
Extracted 168832/179305 slices
Extracted 168848/179305 slices
Extracted 168864/179305 slices
Extracted 168880/179305 slices
Extracted 168896/179305 slices
Extracted 168912/179305 slices
Extracted 168928/179305 slices
Extracted 168944/179305 slices
Extracted 168960/179305 slices
Extracted 168976/179305 slices
Extracted 168992/179305 slices
Extracted 169008/179305 slices
Extracted 169024/179305 slices
Extracted 169040/179305 slices
Extracted 169056/179305 slices
Extracted 169072/179305 slices
Extracted 169088/179305 slices
Extracted 169104/179305 slices
Extracted 169120/179305 slices
Extracted 169136/179305 slices
Extracted 169152/179305 slices
Extracted 169168/179305 slices
Extracted 169184/179305 slices
Extracted 169200/179305 slices
Extracted 169216/179305 slices
Extracted 169232/179305 slices
Extracted 169248/179305 slices
Extracted 169264/179305 slices
Extracted 169280/179305 slices
Extracted 169296/179305 slices
Extracted 169312/179305 slices
Extracted 169328/179305 slices
Extracted 169344/179305 slices
Extracted 169360/179305 slices
Extracted 169376/179305 slices
Extracted 169392/179305 slices
Extracted 169408/179305 slices
Extracted 169424/179305 slices
Extracted 169440/179305 slices
Extracted 169456/179305 slices
Extracted 169472/179305 slices
Extracted 169488/179305 slices
Extracted 169504/179305 slices
Extracted 169520/179305 slices
Extracted 169536/179305 slices
Extracted 169552/179305 slices
Extracted 169568/179305 slices
Extracted 169584/179305 slices
Extracted 169600/179305 slices
Extracted 169616/179305 slices
Extracted 169632/179305 slices
Extracted 169648/179305 slices
Extracted 169664/179305 slices
Extracted 169680/179305 slices
Extracted 169696/179305 slices
Extracted 169712/179305 slices
Extracted 169728/179305 slices
Extracted 169744/179305 slices
Extracted 169760/179305 slices
Extracted 169776/179305 slices
Extracted 169792/179305 slices
Extracted 169808/179305 slices
Extracted 169824/179305 slices
Extracted 169840/179305 slices
Extracted 169856/179305 slices
Extracted 169872/179305 slices
Extracted 169888/179305 slices
Extracted 169904/179305 slices
Extracted 169920/179305 slices
Extracted 169936/179305 slices
Extracted 169952/179305 slices
Extracted 169968/179305 slices
Extracted 169984/179305 slices
Extracted 170000/179305 slices
Extracted 170016/179305 slices
Extracted 170032/179305 slices
Extracted 170048/179305 slices
Extracted 170064/179305 slices
Extracted 170080/179305 slices
Extracted 170096/179305 slices
Extracted 170112/179305 slices
Extracted 170128/179305 slices
Extracted 170144/179305 slices
Extracted 170160/179305 slices
Extracted 170176/179305 slices
Extracted 170192/179305 slices
Extracted 170208/179305 slices
Extracted 170224/179305 slices
Extracted 170240/179305 slices
Extracted 170256/179305 slices
Extracted 170272/179305 slices
Extracted 170288/179305 slices
Extracted 170304/179305 slices
Extracted 170320/179305 slices
Extracted 170336/179305 slices
Extracted 170352/179305 slices
Extracted 170368/179305 slices
Extracted 170384/179305 slices
Extracted 170400/179305 slices
Extracted 170416/179305 slices
Extracted 170432/179305 slices
Extracted 170448/179305 slices
Extracted 170464/179305 slices
Extracted 170480/179305 slices
Extracted 170496/179305 slices
Extracted 170512/179305 slices
Extracted 170528/179305 slices
Extracted 170544/179305 slices
Extracted 170560/179305 slices
Extracted 170576/179305 slices
Extracted 170592/179305 slices
Extracted 170608/179305 slices
Extracted 170624/179305 slices
Extracted 170640/179305 slices
Extracted 170656/179305 slices
Extracted 170672/179305 slices
Extracted 170688/179305 slices
Extracted 170704/179305 slices
Extracted 170720/179305 slices
Extracted 170736/179305 slices
Extracted 170752/179305 slices
Extracted 170768/179305 slices
Extracted 170784/179305 slices
Extracted 170800/179305 slices
Extracted 170816/179305 slices
Extracted 170832/179305 slices
Extracted 170848/179305 slices
Extracted 170864/179305 slices
Extracted 170880/179305 slices
Extracted 170896/179305 slices
Extracted 170912/179305 slices
Extracted 170928/179305 slices
Extracted 170944/179305 slices
Extracted 170960/179305 slices
Extracted 170976/179305 slices
Extracted 170992/179305 slices
Extracted 171008/179305 slices
Extracted 171024/179305 slices
Extracted 171040/179305 slices
Extracted 171056/179305 slices
Extracted 171072/179305 slices
Extracted 171088/179305 slices
Extracted 171104/179305 slices
Extracted 171120/179305 slices
Extracted 171136/179305 slices
Extracted 171152/179305 slices
Extracted 171168/179305 slices
Extracted 171184/179305 slices
Extracted 171200/179305 slices
Extracted 171216/179305 slices
Extracted 171232/179305 slices
Extracted 171248/179305 slices
Extracted 171264/179305 slices
Extracted 171280/179305 slices
Extracted 171296/179305 slices
Extracted 171312/179305 slices
Extracted 171328/179305 slices
Extracted 171344/179305 slices
Extracted 171360/179305 slices
Extracted 171376/179305 slices
Extracted 171392/179305 slices
Extracted 171408/179305 slices
Extracted 171424/179305 slices
Extracted 171440/179305 slices
Extracted 171456/179305 slices
Extracted 171472/179305 slices
Extracted 171488/179305 slices
Extracted 171504/179305 slices
Extracted 171520/179305 slices
Extracted 171536/179305 slices
Extracted 171552/179305 slices
Extracted 171568/179305 slices
Extracted 171584/179305 slices
Extracted 171600/179305 slices
Extracted 171616/179305 slices
Extracted 171632/179305 slices
Extracted 171648/179305 slices
Extracted 171664/179305 slices
Extracted 171680/179305 slices
Extracted 171696/179305 slices
Extracted 171712/179305 slices
Extracted 171728/179305 slices
Extracted 171744/179305 slices
Extracted 171760/179305 slices
Extracted 171776/179305 slices
Extracted 171792/179305 slices
Extracted 171808/179305 slices
Extracted 171824/179305 slices
Extracted 171840/179305 slices
Extracted 171856/179305 slices
Extracted 171872/179305 slices
Extracted 171888/179305 slices
Extracted 171904/179305 slices
Extracted 171920/179305 slices
Extracted 171936/179305 slices
Extracted 171952/179305 slices
Extracted 171968/179305 slices
Extracted 171984/179305 slices
Extracted 172000/179305 slices
Extracted 172016/179305 slices
Extracted 172032/179305 slices
Extracted 172048/179305 slices
Extracted 172064/179305 slices
Extracted 172080/179305 slices
Extracted 172096/179305 slices
Extracted 172112/179305 slices
Extracted 172128/179305 slices
Extracted 172144/179305 slices
Extracted 172160/179305 slices
Extracted 172176/179305 slices
Extracted 172192/179305 slices
Extracted 172208/179305 slices
Extracted 172224/179305 slices
Extracted 172240/179305 slices
Extracted 172256/179305 slices
Extracted 172272/179305 slices
Extracted 172288/179305 slices
Extracted 172304/179305 slices
Extracted 172320/179305 slices
Extracted 172336/179305 slices
Extracted 172352/179305 slices
Extracted 172368/179305 slices
Extracted 172384/179305 slices
Extracted 172400/179305 slices
Extracted 172416/179305 slices
Extracted 172432/179305 slices
Extracted 172448/179305 slices
Extracted 172464/179305 slices
Extracted 172480/179305 slices
Extracted 172496/179305 slices
Extracted 172512/179305 slices
Extracted 172528/179305 slices
Extracted 172544/179305 slices
Extracted 172560/179305 slices
Extracted 172576/179305 slices
Extracted 172592/179305 slices
Extracted 172608/179305 slices
Extracted 172624/179305 slices
Extracted 172640/179305 slices
Extracted 172656/179305 slices
Extracted 172672/179305 slices
Extracted 172688/179305 slices
Extracted 172704/179305 slices
Extracted 172720/179305 slices
Extracted 172736/179305 slices
Extracted 172752/179305 slices
Extracted 172768/179305 slices
Extracted 172784/179305 slices
Extracted 172800/179305 slices
Extracted 172816/179305 slices
Extracted 172832/179305 slices
Extracted 172848/179305 slices
Extracted 172864/179305 slices
Extracted 172880/179305 slices
Extracted 172896/179305 slices
Extracted 172912/179305 slices
Extracted 172928/179305 slices
Extracted 172944/179305 slices
Extracted 172960/179305 slices
Extracted 172976/179305 slices
Extracted 172992/179305 slices
Extracted 173008/179305 slices
Extracted 173024/179305 slices
Extracted 173040/179305 slices
Extracted 173056/179305 slices
Extracted 173072/179305 slices
Extracted 173088/179305 slices
Extracted 173104/179305 slices
Extracted 173120/179305 slices
Extracted 173136/179305 slices
Extracted 173152/179305 slices
Extracted 173168/179305 slices
Extracted 173184/179305 slices
Extracted 173200/179305 slices
Extracted 173216/179305 slices
Extracted 173232/179305 slices
Extracted 173248/179305 slices
Extracted 173264/179305 slices
Extracted 173280/179305 slices
Extracted 173296/179305 slices
Extracted 173312/179305 slices
Extracted 173328/179305 slices
Extracted 173344/179305 slices
Extracted 173360/179305 slices
Extracted 173376/179305 slices
Extracted 173392/179305 slices
Extracted 173408/179305 slices
Extracted 173424/179305 slices
Extracted 173440/179305 slices
Extracted 173456/179305 slices
Extracted 173472/179305 slices
Extracted 173488/179305 slices
Extracted 173504/179305 slices
Extracted 173520/179305 slices
Extracted 173536/179305 slices
Extracted 173552/179305 slices
Extracted 173568/179305 slices
Extracted 173584/179305 slices
Extracted 173600/179305 slices
Extracted 173616/179305 slices
Extracted 173632/179305 slices
Extracted 173648/179305 slices
Extracted 173664/179305 slices
Extracted 173680/179305 slices
Extracted 173696/179305 slices
Extracted 173712/179305 slices
Extracted 173728/179305 slices
Extracted 173744/179305 slices
Extracted 173760/179305 slices
Extracted 173776/179305 slices
Extracted 173792/179305 slices
Extracted 173808/179305 slices
Extracted 173824/179305 slices
Extracted 173840/179305 slices
Extracted 173856/179305 slices
Extracted 173872/179305 slices
Extracted 173888/179305 slices
Extracted 173904/179305 slices
Extracted 173920/179305 slices
Extracted 173936/179305 slices
Extracted 173952/179305 slices
Extracted 173968/179305 slices
Extracted 173984/179305 slices
Extracted 174000/179305 slices
Extracted 174016/179305 slices
Extracted 174032/179305 slices
Extracted 174048/179305 slices
Extracted 174064/179305 slices
Extracted 174080/179305 slices
Extracted 174096/179305 slices
Extracted 174112/179305 slices
Extracted 174128/179305 slices
Extracted 174144/179305 slices
Extracted 174160/179305 slices
Extracted 174176/179305 slices
Extracted 174192/179305 slices
Extracted 174208/179305 slices
Extracted 174224/179305 slices
Extracted 174240/179305 slices
Extracted 174256/179305 slices
Extracted 174272/179305 slices
Extracted 174288/179305 slices
Extracted 174304/179305 slices
Extracted 174320/179305 slices
Extracted 174336/179305 slices
Extracted 174352/179305 slices
Extracted 174368/179305 slices
Extracted 174384/179305 slices
Extracted 174400/179305 slices
Extracted 174416/179305 slices
Extracted 174432/179305 slices
Extracted 174448/179305 slices
Extracted 174464/179305 slices
Extracted 174480/179305 slices
Extracted 174496/179305 slices
Extracted 174512/179305 slices
Extracted 174528/179305 slices
Extracted 174544/179305 slices
Extracted 174560/179305 slices
Extracted 174576/179305 slices
Extracted 174592/179305 slices
Extracted 174608/179305 slices
Extracted 174624/179305 slices
Extracted 174640/179305 slices
Extracted 174656/179305 slices
Extracted 174672/179305 slices
Extracted 174688/179305 slices
Extracted 174704/179305 slices
Extracted 174720/179305 slices
Extracted 174736/179305 slices
Extracted 174752/179305 slices
Extracted 174768/179305 slices
Extracted 174784/179305 slices
Extracted 174800/179305 slices
Extracted 174816/179305 slices
Extracted 174832/179305 slices
Extracted 174848/179305 slices
Extracted 174864/179305 slices
Extracted 174880/179305 slices
Extracted 174896/179305 slices
Extracted 174912/179305 slices
Extracted 174928/179305 slices
Extracted 174944/179305 slices
Extracted 174960/179305 slices
Extracted 174976/179305 slices
Extracted 174992/179305 slices
Extracted 175008/179305 slices
Extracted 175024/179305 slices
Extracted 175040/179305 slices
Extracted 175056/179305 slices
Extracted 175072/179305 slices
Extracted 175088/179305 slices
Extracted 175104/179305 slices
Extracted 175120/179305 slices
Extracted 175136/179305 slices
Extracted 175152/179305 slices
Extracted 175168/179305 slices
Extracted 175184/179305 slices
Extracted 175200/179305 slices
Extracted 175216/179305 slices
Extracted 175232/179305 slices
Extracted 175248/179305 slices
Extracted 175264/179305 slices
Extracted 175280/179305 slices
Extracted 175296/179305 slices
Extracted 175312/179305 slices
Extracted 175328/179305 slices
Extracted 175344/179305 slices
Extracted 175360/179305 slices
Extracted 175376/179305 slices
Extracted 175392/179305 slices
Extracted 175408/179305 slices
Extracted 175424/179305 slices
Extracted 175440/179305 slices
Extracted 175456/179305 slices
Extracted 175472/179305 slices
Extracted 175488/179305 slices
Extracted 175504/179305 slices
Extracted 175520/179305 slices
Extracted 175536/179305 slices
Extracted 175552/179305 slices
Extracted 175568/179305 slices
Extracted 175584/179305 slices
Extracted 175600/179305 slices
Extracted 175616/179305 slices
Extracted 175632/179305 slices
Extracted 175648/179305 slices
Extracted 175664/179305 slices
Extracted 175680/179305 slices
Extracted 175696/179305 slices
Extracted 175712/179305 slices
Extracted 175728/179305 slices
Extracted 175744/179305 slices
Extracted 175760/179305 slices
Extracted 175776/179305 slices
Extracted 175792/179305 slices
Extracted 175808/179305 slices
Extracted 175824/179305 slices
Extracted 175840/179305 slices
Extracted 175856/179305 slices
Extracted 175872/179305 slices
Extracted 175888/179305 slices
Extracted 175904/179305 slices
Extracted 175920/179305 slices
Extracted 175936/179305 slices
Extracted 175952/179305 slices
Extracted 175968/179305 slices
Extracted 175984/179305 slices
Extracted 176000/179305 slices
Extracted 176016/179305 slices
Extracted 176032/179305 slices
Extracted 176048/179305 slices
Extracted 176064/179305 slices
Extracted 176080/179305 slices
Extracted 176096/179305 slices
Extracted 176112/179305 slices
Extracted 176128/179305 slices
Extracted 176144/179305 slices
Extracted 176160/179305 slices
Extracted 176176/179305 slices
Extracted 176192/179305 slices
Extracted 176208/179305 slices
Extracted 176224/179305 slices
Extracted 176240/179305 slices
Extracted 176256/179305 slices
Extracted 176272/179305 slices
Extracted 176288/179305 slices
Extracted 176304/179305 slices
Extracted 176320/179305 slices
Extracted 176336/179305 slices
Extracted 176352/179305 slices
Extracted 176368/179305 slices
Extracted 176384/179305 slices
Extracted 176400/179305 slices
Extracted 176416/179305 slices
Extracted 176432/179305 slices
Extracted 176448/179305 slices
Extracted 176464/179305 slices
Extracted 176480/179305 slices
Extracted 176496/179305 slices
Extracted 176512/179305 slices
Extracted 176528/179305 slices
Extracted 176544/179305 slices
Extracted 176560/179305 slices
Extracted 176576/179305 slices
Extracted 176592/179305 slices
Extracted 176608/179305 slices
Extracted 176624/179305 slices
Extracted 176640/179305 slices
Extracted 176656/179305 slices
Extracted 176672/179305 slices
Extracted 176688/179305 slices
Extracted 176704/179305 slices
Extracted 176720/179305 slices
Extracted 176736/179305 slices
Extracted 176752/179305 slices
Extracted 176768/179305 slices
Extracted 176784/179305 slices
Extracted 176800/179305 slices
Extracted 176816/179305 slices
Extracted 176832/179305 slices
Extracted 176848/179305 slices
Extracted 176864/179305 slices
Extracted 176880/179305 slices
Extracted 176896/179305 slices
Extracted 176912/179305 slices
Extracted 176928/179305 slices
Extracted 176944/179305 slices
Extracted 176960/179305 slices
Extracted 176976/179305 slices
Extracted 176992/179305 slices
Extracted 177008/179305 slices
Extracted 177024/179305 slices
Extracted 177040/179305 slices
Extracted 177056/179305 slices
Extracted 177072/179305 slices
Extracted 177088/179305 slices
Extracted 177104/179305 slices
Extracted 177120/179305 slices
Extracted 177136/179305 slices
Extracted 177152/179305 slices
Extracted 177168/179305 slices
Extracted 177184/179305 slices
Extracted 177200/179305 slices
Extracted 177216/179305 slices
Extracted 177232/179305 slices
Extracted 177248/179305 slices
Extracted 177264/179305 slices
Extracted 177280/179305 slices
Extracted 177296/179305 slices
Extracted 177312/179305 slices
Extracted 177328/179305 slices
Extracted 177344/179305 slices
Extracted 177360/179305 slices
Extracted 177376/179305 slices
Extracted 177392/179305 slices
Extracted 177408/179305 slices
Extracted 177424/179305 slices
Extracted 177440/179305 slices
Extracted 177456/179305 slices
Extracted 177472/179305 slices
Extracted 177488/179305 slices
Extracted 177504/179305 slices
Extracted 177520/179305 slices
Extracted 177536/179305 slices
Extracted 177552/179305 slices
Extracted 177568/179305 slices
Extracted 177584/179305 slices
Extracted 177600/179305 slices
Extracted 177616/179305 slices
Extracted 177632/179305 slices
Extracted 177648/179305 slices
Extracted 177664/179305 slices
Extracted 177680/179305 slices
Extracted 177696/179305 slices
Extracted 177712/179305 slices
Extracted 177728/179305 slices
Extracted 177744/179305 slices
Extracted 177760/179305 slices
Extracted 177776/179305 slices
Extracted 177792/179305 slices
Extracted 177808/179305 slices
Extracted 177824/179305 slices
Extracted 177840/179305 slices
Extracted 177856/179305 slices
Extracted 177872/179305 slices
Extracted 177888/179305 slices
Extracted 177904/179305 slices
Extracted 177920/179305 slices
Extracted 177936/179305 slices
Extracted 177952/179305 slices
Extracted 177968/179305 slices
Extracted 177984/179305 slices
Extracted 178000/179305 slices
Extracted 178016/179305 slices
Extracted 178032/179305 slices
Extracted 178048/179305 slices
Extracted 178064/179305 slices
Extracted 178080/179305 slices
Extracted 178096/179305 slices
Extracted 178112/179305 slices
Extracted 178128/179305 slices
Extracted 178144/179305 slices
Extracted 178160/179305 slices
Extracted 178176/179305 slices
Extracted 178192/179305 slices
Extracted 178208/179305 slices
Extracted 178224/179305 slices
Extracted 178240/179305 slices
Extracted 178256/179305 slices
Extracted 178272/179305 slices
Extracted 178288/179305 slices
Extracted 178304/179305 slices
Extracted 178320/179305 slices
Extracted 178336/179305 slices
Extracted 178352/179305 slices
Extracted 178368/179305 slices
Extracted 178384/179305 slices
Extracted 178400/179305 slices
Extracted 178416/179305 slices
Extracted 178432/179305 slices
Extracted 178448/179305 slices
Extracted 178464/179305 slices
Extracted 178480/179305 slices
Extracted 178496/179305 slices
Extracted 178512/179305 slices
Extracted 178528/179305 slices
Extracted 178544/179305 slices
Extracted 178560/179305 slices
Extracted 178576/179305 slices
Extracted 178592/179305 slices
Extracted 178608/179305 slices
Extracted 178624/179305 slices
Extracted 178640/179305 slices
Extracted 178656/179305 slices
Extracted 178672/179305 slices
Extracted 178688/179305 slices
Extracted 178704/179305 slices
Extracted 178720/179305 slices
Extracted 178736/179305 slices
Extracted 178752/179305 slices
Extracted 178768/179305 slices
Extracted 178784/179305 slices
Extracted 178800/179305 slices
Extracted 178816/179305 slices
Extracted 178832/179305 slices
Extracted 178848/179305 slices
Extracted 178864/179305 slices
Extracted 178880/179305 slices
Extracted 178896/179305 slices
Extracted 178912/179305 slices
Extracted 178928/179305 slices
Extracted 178944/179305 slices
Extracted 178960/179305 slices
Extracted 178976/179305 slices
Extracted 178992/179305 slices
Extracted 179008/179305 slices
Extracted 179024/179305 slices
Extracted 179040/179305 slices
Extracted 179056/179305 slices
Extracted 179072/179305 slices
Extracted 179088/179305 slices
Extracted 179104/179305 slices
Extracted 179120/179305 slices
Extracted 179136/179305 slices
Extracted 179152/179305 slices
Extracted 179168/179305 slices
Extracted 179184/179305 slices
Extracted 179200/179305 slices
Extracted 179216/179305 slices
Extracted 179232/179305 slices
Extracted 179248/179305 slices
Extracted 179264/179305 slices
Extracted 179280/179305 slices
Extracted 179296/179305 slices
Extracted 179305/179305 slices
Fitting svm on 122519 training slices
svm val: accuracy=87.57%
svm test: accuracy=87.18%
Fitting random_forest on 122519 training slices
random_forest val: accuracy=88.48%
random_forest test: accuracy=88.31%
svm val: accuracy=87.57%, balanced accuracy=68.18%
  lesion_absent: TP=21603, FP=2311, TN=1587, FN=981, sensitivity=95.66%, specificity=40.71%, precision=90.34%
  lesion_present: TP=1587, FP=981, TN=21603, FN=2311, sensitivity=40.71%, specificity=95.66%, precision=61.80%
svm test: accuracy=87.18%, balanced accuracy=75.42%
  lesion_absent: TP=23376, FP=2268, TN=3044, FN=1616, sensitivity=93.53%, specificity=57.30%, precision=91.16%
  lesion_present: TP=3044, FP=1616, TN=23376, FN=2268, sensitivity=57.30%, specificity=93.53%, precision=65.32%
random_forest val: accuracy=88.48%, balanced accuracy=64.02%
  lesion_absent: TP=22288, FP=2754, TN=1144, FN=296, sensitivity=98.69%, specificity=29.35%, precision=89.00%
  lesion_present: TP=1144, FP=296, TN=22288, FN=2754, sensitivity=29.35%, specificity=98.69%, precision=79.44%
random_forest test: accuracy=88.31%, balanced accuracy=70.19%
  lesion_absent: TP=24514, FP=3065, TN=2247, FN=478, sensitivity=98.09%, specificity=42.30%, precision=88.89%
  lesion_present: TP=2247, FP=478, TN=24514, FN=3065, sensitivity=42.30%, specificity=98.09%, precision=82.46%
Results saved to artifacts\full_classification_70pct_20260906\comparison
